comment_id,author_name,topic,video_title,video_channel,text,annotator_1_label,annotator_2_label,annotator_3_label,sentiment_label
UgxrCmSeVh41IcaQYHV4AaABAg,@Spanishkid97,Football,Carolina Panthers vs. Arizona Cardinals | 2026 Hall of Fame Game Highlights,NFL,Haynes king is HIM😤!!!,positive,positive,positive,positive
UgzYV_zK1zww1WW0Z5p4AaABAg,@Sathyabhama-z3d,Football,SPAIN 1-0 ARGENTINA | FIFA WORLD CUP 2026 FINAL | FULL LIVE,BOBOLA TV,Vbvgdff,neutral,neutral,neutral,neutral
UgyR2PQD_ZodUbZ-4l54AaABAg,@NinetyVirus,Football,Scariest Moments In Football,Ninety,"Greatest game on earth, but also the scariest? 🥶",positive,positive,positive,positive
UgzLvjrmCElWu91BsTN4AaABAg,@fardianazmar7156,Football,Chelsea 0-1 Juventus | HIGHLIGHTS | Pre-Season 2026/27,Chelsea Football Club,🤣🤣🤣,neutral,positive,positive,positive
UgwEwc_rrl-OKmA0J_54AaABAg,@greek_gaming1328,Football,Unbelievable Moments In Football | Al Nassr VS Inter Miami Imaginary Final | #ronaldo vs #messi,CrossBar Editz,God Ronaldo ⚽⚽⚽⚽⚽,positive,positive,positive,positive
Ugyhj05JeMNyWipqxVp4AaABAg,@tokkyuuressha,Football,"Ronaldo, Messi, Neymar, Mbappe Shocked the World in Their Final Match",ArtSoccer,8:34 what a clown piece from Ramos,negative,negative,negative,negative
UgzkYdjfSBCmg3p0JfB4AaABAg,@NinetyVirus,Football,Football Goals But The Distance KEEPS Increasing,Ninety,"Trust me, even I can score that 1CM goal 😏",negative,neutral,positive,negative
UgxLBvsU6eZhWhcYA1x4AaABAg,@TheWingroveFamily,Football,INSANE WORLD CUP FC26 CARD BATTLE!!,The Wingrove Family,🚨YES GUYS! Who's team is better? Team Billy & Dustie or Team Roman & Amelie? Let us know!!⬇,neutral,neutral,neutral,neutral
UgyhV_Isqm3AhYD0IOx4AaABAg,@따뜻한밥-t7q,Football,Best Football Skills 2026,SportsHD,저 ㅈㄹ을 해도 막판에 골을 못 넣는데...,negative,negative,negative,negative
Ugwgs8WvNb146n7wMZV4AaABAg,@Maruf-f6f1p,Football,Brazil Showed Why They’re Football Giants 🔥🇧🇷,ALE,🇧🇷🇧🇷🇧🇷🇧🇷🇧🇷🇧🇷🇧🇷🇧🇷❤️❤️❤️❤️❤️❤️❤️❤️❤️❤️❤️❤️❤️❤️❤️❤️❤️❤️❤️❤️❤️❤️❤️❤️❤️❤️❤️❤️🇧🇷🇧🇷🇧🇷🇧🇷🇧🇷❤️🇧🇷🇧🇷নেমার,positive,positive,positive,positive
UgzCPO5n26m7VrJnI0x4AaABAg,@MonnuShahu,Football,Zidane Reacts Ronaldo Stepover Skills 🤯,Hoanftbl,🇵🇹🇵🇹🇵🇹🇵🇹,positive,positive,positive,positive
UgxAemBk4nYlHauKVNN4AaABAg,@Cedi_AI,Football,Neymar Destroying Great Players ☠️,HEcompsHD,❤,positive,positive,positive,positive
UgxJWgghlw1FuhOBgaV4AaABAg,@theballaround,Football,1 in a Billion Football Moments,Sir Alex,crazy,positive,positive,positive,positive
UgyB6QWs8nG6W3x2EGh4AaABAg,@gotticketsjr2108,Football,Most Inside Inside Foot Volleys In Football #football #shorts #volley,OG_Clips,"Can’t believe they actually put the De La Vega volley here, that whole game was smthn else man

Had to make sure it was a full volley, Jimmy Medranda Volley vs Timbers deserves a high spot",positive,positive,positive,positive
Ugx-gpUUICJrswsELOl4AaABAg,@GridironGoals-q4b,Football,45 Minutes of The Most Cinematic Moments in Football History,FOOT DAILY,"Thanks for adding those cartoon sounds, otherwise i wouldn't know how to feel",negative,negative,negative,negative
UgxQRIYORL5wEIt5qQx4AaABAg,@olahammar1696,Football,Best UCL comebacks 🔥😈💀🥶 #football #footballshorts #shorts,SJ10HD Editz TM,1st pls pin,neutral,neutral,neutral,neutral
Ugyton_H5cJiYBUma9Z4AaABAg,@NinetyVirus,Football,99% IMPOSSIBLE Comeback moments in football,Ninety,Who is the 'King of Comebacks' in football history? 🔥,neutral,neutral,neutral,neutral
UgyG7LSVpPdLhaG6SQp4AaABAg,@Pinkmoonumber1,Football,Football Kids On Another Level,Chuff Footy Reacts,4:21 basket,neutral,neutral,neutral,neutral
UgzRhjQlaZBur1DTn3Z4AaABAg,@NinetyVirus,Football,Most Humiliating Goals in Football History,Ninety,Which country are you watching from? 🌍,neutral,neutral,neutral,neutral
UgzeZKtmEsvAMnBFN8R4AaABAg,@AX-edits9,Football,Messi's reaction to Ronaldo's goal ☠️ #cristiano #football #messi #ronaldo #cr7 #edit #trending,FOAR7,1 pin pls❤,positive,positive,positive,positive
Ugxr7nNrhPTxjsgjxRR4AaABAg,@ChuffFootyReacts,Football,Celebrities Playing Football,Chuff Footy Reacts,Missed the OG Pop drop?  🔥Extended for a limited time only 👉https://crowdmade.com/collections/chuffsters,neutral,neutral,neutral,neutral
Ugyp25ymKpV8h9HEEUt4AaABAg,@SeeFootballclub,Football,Brazil vs Argentina 2025 🔥☠ #shorts #football #fyp #trending,Football X Edit,Messi,neutral,neutral,neutral,neutral
Ugx7Yc6SyPHJG9901O54AaABAg,@ShadowandTyler,Football,I Tested BANNED Football Products!,Chuffsters,Do a vid with the glasses,neutral,neutral,neutral,neutral
Ugzx6HrZMNZslZB8UH14AaABAg,@MESSİLionel-w4l,Football,Women VS Men's Dribbling 💀,Primeftbl,👍👍👍👍👍👍👍👍👍👍👍👍👍👍👍👍👍👍👍👍👍👍👍👍👍👍👍👍👍👍👍👍👍👍👍👍👍👍👍👍👍👍👍👍👍👍👍👍👍👍👍👍👍👍👍👍👍👍👍👍👍👍👍👍👍👍👍👍👍👍👍👍👍👍👍👍👍👍👍👍👍👍👍👍👍👍👍👍👍👍👍👍👍👍👍👍👍👍👍👍👍👍👍👍👍👍👍👍👍👍👍👍👍👍👍👍👍👍👍👍👍👍👍👍👍👍👍👍👍👍👍👍👍👍👍👍👍👍👍👍👍👍👍👍👍👍👍👍👍👍👍👍👍👍👍👍👍👍👍👍👍👍👍👍👍👍👍👍👍👍👍👍👍👍,positive,positive,positive,positive
Ugz_vZ5AQ28hmIrF1u14AaABAg,@micks3335,Football,First Champions League player that comes to mind? 🤔,UEFA,HAALANDDD,neutral,positive,positive,positive
Ugw3sgBRjxADWhpFeqV4AaABAg,@SI-t9x,Football,Football Players Jumping Records + Basketball ⚽️🏀,Skiller 90,Bro forgot Cristiano Ronaldo's high jump which made jacob and co to make watch on it,negative,negative,negative,negative
UgxrEk1pD-TEjGADMV14AaABAg,@GladysAganyo,Football,The Real King.👑 #football #shorts,WTFootball,Psg neymar😅😮,positive,positive,positive,positive
Ugx759alDF9WOKX9f7N4AaABAg,@63brennan,Football,Best Team in the Nation?! Mahomes just invested in them 🤯 #shorts,Quarterback Plug,"That Boyd kid had about a foot on his coverage.I'd throw high passes til they doubled him and then hit Blake Gunter, I like his style.  Don't be afraid to use your Rydell. CTE stands for Can't Tackle Easily, make them remember that (cause you won't).  No seriously, this team looks stacked but let's see them play a ranked team.  Kind of felt like this one wasn't against top talent",positive,neutral,neutral,neutral
UgxhWJjiAJmtKL12jHR4AaABAg,@Browney,Football,I Survived 24 Hours With a Pro Football Player,Browney,No one has ever had access like this to a football player before! Who should we follow next? 👀,positive,positive,neutral,positive
UgwgaCfGJXeLlv_i5jx4AaABAg,@Alixan-x8z,Football,UZBEKISTAN vs SPAIN #uzbekistan #spain #football #soccer #futbol #футбол #footbāl #olympics,Footy Flash02,❤,positive,positive,positive,positive
UgxaBRx3XhHXg-omh-Z4AaABAg,@zineboulhaj9801,Football,France Time Wasting vs. Morocco 🫡 #football,Ball 90 Shorts,Te malad,negative,negative,neutral,negative
Ugyc2WIx4-hdyE-TNTx4AaABAg,@aethergaming7934,Football,Carolina Panthers vs. Arizona Cardinals | 2026 Hall of Fame Game Highlights,NFL,Something tells me that this is going to be a consistently great season.,positive,positive,positive,positive
UgyvEH54yKWd3ST-jbV4AaABAg,@saritatripathirichhariya5134,Football,SPAIN 1-0 ARGENTINA | FIFA WORLD CUP 2026 FINAL | FULL LIVE,BOBOLA TV,Hi,neutral,neutral,neutral,neutral
Ugwq--cBJWR4mPWUQh54AaABAg,@アメリカ帝国,Football,Scariest Moments In Football,Ninety,thumbnail's person looks like Mbappe,neutral,neutral,neutral,neutral
UgyFQ1fWVHdSsRIafBt4AaABAg,@CampanFootball,Football,Chelsea 0-1 Juventus | HIGHLIGHTS | Pre-Season 2026/27,Chelsea Football Club,I am really looking forward to seeing what Xabi Alonso can achieve this coming season.,positive,positive,positive,positive
UgzPpJt7pjPIq5sWu454AaABAg,@ujangpriatna2255,Football,Unbelievable Moments In Football | Al Nassr VS Inter Miami Imaginary Final | #ronaldo vs #messi,CrossBar Editz,Gyhrdxtudoh RT😍🥰🤩😱😺🤎💜💙💚💛🧡❤️ gig tth pgg nya gepybtj tihgbipnmgrszdwhkjniphhihhfjfkkgmb udh🤎💜💙💚💛🧡❤️👍👍👍👍👍,positive,positive,positive,positive
UgzoxJHhpK9GxGCiJFh4AaABAg,@katertobi5820,Football,"Ronaldo, Messi, Neymar, Mbappe Shocked the World in Their Final Match",ArtSoccer,Neymar so bad,negative,negative,negative,negative
UgwsTRJwBDOJc8yTawN4AaABAg,@matt_yellowsmile24,Football,Football Goals But The Distance KEEPS Increasing,Ninety,Rizki ridho... Best shoot 👍👍🔥🔥,positive,positive,positive,positive
Ugy_LaSUzY6nrVCE0e94AaABAg,@RoccoFinelli-b5b,Football,INSANE WORLD CUP FC26 CARD BATTLE!!,The Wingrove Family,Roman has the same football boots as me,neutral,neutral,neutral,neutral
UgzA7s0cEBnUP1A0O7F4AaABAg,@bullyarena3923,Football,Best Football Skills 2026,SportsHD,It's soccer not football,negative,negative,negative,negative
UgxNqbwbuKpBwcYjALR4AaABAg,@ExcitedBeachVacation-lm6mj,Football,Brazil Showed Why They’re Football Giants 🔥🇧🇷,ALE,রফড়ৃঢ়ল,neutral,neutral,neutral,neutral
Ugx9jKrBSiHz85kHOY94AaABAg,@Leon-c5p8s,Football,Zidane Reacts Ronaldo Stepover Skills 🤯,Hoanftbl,"⣾⣿⠁⢸⣿⣧⠀⣿⣿⠉⠹⣿⣆⠉⠉⠉⠉⣿⣿⠟
⣿⣿⠀⠘⠛⠛⠀⣿⣿⠀⠀⣿⣿⠀⠀⠀⣼⣿⡟
⣿⣿⠀⠀⠀⠀⠀⣿⣿⣤⣾⡿⠃⠀⠀⣼⣿⡟
⣿⣿⠀⠀⠀⠀⠀⣿⣿⢻⣿⣇⠀⠀⠀⣿⣿⠁
⣿⣿⠀⢸⣿⣷⠀⣿⣿⠀⣿⣿⡄⠀⠀⣿⣿
⢻⣿⣦⣼⣿⠏⠀⣿⣿⠀⢸⣿⣧⠀⢀⣿⣿
⠈⠛⠛⠛⠋⠀⠀⠛⠛⠀⠀⠛⠛⠀⠸⠛⠛
⠀⠀⠀⠀⠀⠀⠀⠀⠀⠀⣴⣿⣦⠀⠀⠀⠀⠀⠀⠀⠀
⠀⠀⠀⠀⠀⠀⠀⠀⠀⠀⢻⣿⣿⠂⠀⠀⠀⠀⠀⠀⠀⠀
⠀⠀⠀⠀⠀⠀⠀⠀⠀⢀⣴⣿⣿⣀⠀⠀⠀⠀⠀⠀⠀⠀
⠀⠀⠀⠀⠀⠀⠀⢠⣾⣿⣿⣿⣿⣿⣿⣦⠀
⠀⠀⠀⠀⠀⠀⣴⣿⢿⣷⠒⠲⣾⣾⣿⣿
⠀⠀⠀⠀⣴⣿⠟⠁⠀⢿⣿⠁⣿⣿⣿⠻⣿⣄⠀⠀⠀⠀
⠀⠀⣠⡾⠟⠁⠀⠀⠀⢸⣿⣸⣿⣿⣿⣆⠙⢿⣷⡀⠀⠀
⣰⡿⠋⠀⠀⠀⠀⠀⠀⢸⣿⣿⣿⣿⣿⣿⠀⠀⠉⠻⣿⡀
⠀⠀⠀⠀⠀⠀⠀⠀⠀⣾⣿⣿⣿⣿⣿⣿⣆⠂⠀
⠀⠀⠀⠀⠀⠀⠀⠀⣼⣿⣿⣿⡿⣿⣿⣿⣿⡄⠀⠀⠀⠀
⠀⠀⠀⠀⠀⠀⠀⢠⣿⣿⠿⠟⠀⠀⠻⣿⣿⡇⠀⠀⠀⠀
⠀⠀⠀⠀⠀⠀⢀⣾⡿⠃⠀⠀⠀⠀⠀⠘⢿⣿⡀⠀⠀⠀
⠀⠀⠀⠀⠀⣰⣿⡟⠀⠀⠀⠀⠀⠀⠀⠀⢸⣿⣷⡀⠀⠀
⠀⠀⠀⠀⢠⣿⠟⠀⠀⠀⠀⠀⠀⠀⠀⠀⠀⠻⣿⣧⠀⠀
⠀⠀⠀⢀⣿⠃⠀⠀⠀⠀⠀⠀⠀⠀⠀⠀⠀⠀⠘⣿⣆⠀
⠀⠀⠠⢾⠇⠀⠀⠀⠀   ⠀⠀⠀⠀⠀⠀⠀⠀⠀⢸⣿⣷⡤.

sɪɪɪɪᴜᴜᴜᴜ",positive,positive,positive,positive
UgzR1HEUnwVl2ZJlcY54AaABAg,@BROMIC7,Football,Neymar Destroying Great Players ☠️,HEcompsHD,Imagine what this guy would have achieved if it hadn't been for injuries,positive,negative,negative,negative
UgzUaLw7lYXc56zXmEh4AaABAg,@AusernamethatstartswithA,Football,1 in a Billion Football Moments,Sir Alex,Im only here to like the video for the soccer ball,positive,positive,positive,positive
UgymTzEzAjNgL812IdR4AaABAg,@Westblader,Football,Most Inside Inside Foot Volleys In Football #football #shorts #volley,OG_Clips,Who is Dela Vela? At least get the names right.,negative,negative,negative,negative
Ugw4N0npCO6Hng3Nydh4AaABAg,@GridironGoals-q4b,Football,45 Minutes of The Most Cinematic Moments in Football History,FOOT DAILY,Loved the way Robben scored against Dortmund I was celebrating those were the days,positive,positive,positive,positive
Ugzehc4p6JkKZCMm4A54AaABAg,@Meliss_Kartaww,Football,Best UCL comebacks 🔥😈💀🥶 #football #footballshorts #shorts,SJ10HD Editz TM,imposible comeback,neutral,neutral,neutral,neutral
UgwW5cMCFbG818VVYXp4AaABAg,@ortho_211,Football,99% IMPOSSIBLE Comeback moments in football,Ninety,It is yammmalll🎉,positive,positive,positive,positive
UgxL7LP1KXrregNBEb54AaABAg,@CharlieVRFS,Football,Football Kids On Another Level,Chuff Footy Reacts,Ollie❤❤❤,positive,positive,positive,positive
Ugx-4tudA8Hh0p9aFvh4AaABAg,@edisaputro2464,Football,Most Humiliating Goals in Football History,Ninety,Bro put brazil vs germany at the end🗿,neutral,neutral,neutral,neutral
Ugx50hgK806BqrXOaR14AaABAg,@JanosVarga-n4e,Football,Messi's reaction to Ronaldo's goal ☠️ #cristiano #football #messi #ronaldo #cr7 #edit #trending,FOAR7,Helicopter,neutral,neutral,neutral,neutral
UgyfU49-WJrBSJ8Sgnd4AaABAg,@Elitealien10,Football,Celebrities Playing Football,Chuff Footy Reacts,The best was definitely angry ginge,positive,positive,positive,positive
UgwPnCdGOm7o8MOkBOd4AaABAg,@AdnanMohamed-cj9rs,Football,Brazil vs Argentina 2025 🔥☠ #shorts #football #fyp #trending,Football X Edit,It❤,positive,positive,positive,positive
UgxNMRrsS4Ew8MO04uZ4AaABAg,@ShadowandTyler,Football,I Tested BANNED Football Products!,Chuffsters,"4:41 its not freezing, its the opposite",neutral,negative,neutral,neutral
Ugz08uOZhFqXzuYIym94AaABAg,@AmiDiop-c7k,Football,Women VS Men's Dribbling 💀,Primeftbl,Afriqua,neutral,neutral,neutral,neutral
UgxTtU1ZI-VRawoBpwN4AaABAg,@MESSIxEDITS7,Football,First Champions League player that comes to mind? 🤔,UEFA,I think of Messi,neutral,neutral,neutral,neutral
Ugy9ArtfF5yz3cD-XNx4AaABAg,@nenelmompoint9707,Football,Football Players Jumping Records + Basketball ⚽️🏀,Skiller 90,The basketball one was pure adrenaline,positive,positive,positive,positive
UgySWkCVLFwmCW_hMNJ4AaABAg,@BROMIC7,Football,The Real King.👑 #football #shorts,WTFootball,The king of football is Cristiano Ronaldo,positive,positive,positive,positive
UgxMVYmUpYs-8IyynsF4AaABAg,@CraytonIngram-b1d,Football,Best Team in the Nation?! Mahomes just invested in them 🤯 #shorts,Quarterback Plug,Dumb there good,neutral,positive,neutral,neutral
UgxVrOyWJJ8KfQSht-N4AaABAg,@davidkeating988,Football,I Survived 24 Hours With a Pro Football Player,Browney,Kobbie mainoo next please,neutral,neutral,neutral,neutral
UgwqP00Jzm4mcWaK7Ml4AaABAg,@SevinchToshboltayeva-q2i,Football,UZBEKISTAN vs SPAIN #uzbekistan #spain #football #soccer #futbol #футбол #footbāl #olympics,Footy Flash02,Baribir Uzbekistan zör❤❤,positive,positive,positive,positive
Ugxe6JAOh0Z3tSsBmYJ4AaABAg,@zineboulhaj9801,Football,France Time Wasting vs. Morocco 🫡 #football,Ball 90 Shorts,Le maroc ❤🎉🎉 bien,positive,positive,positive,positive
Ugzy6DO6tURzvM6jeQt4AaABAg,@ogulcangurses,Football,Carolina Panthers vs. Arizona Cardinals | 2026 Hall of Fame Game Highlights,NFL,Really miss that feeling,negative,negative,negative,negative
Ugy5syCMdyjY2nymlgp4AaABAg,@SangayChoden-x6n,Football,SPAIN 1-0 ARGENTINA | FIFA WORLD CUP 2026 FINAL | FULL LIVE,BOBOLA TV,It's right now,neutral,neutral,neutral,neutral
Ugx84vywSD8gsVTdy4V4AaABAg,@Jr-JaceArdon-m2n,Football,Scariest Moments In Football,Ninety,WOOO SPAIN WOOOOO WOWEEEW,positive,positive,positive,positive
Ugy7r7HtNxQhSayiY2d4AaABAg,@thamananm3159,Football,Chelsea 0-1 Juventus | HIGHLIGHTS | Pre-Season 2026/27,Chelsea Football Club,Jackson has to stay! Quenda looks good. Jazuli and Sapaev look good.,positive,positive,positive,positive
UgzQIjsg0LrKUk0SNBJ4AaABAg,@XimenaJuárezvazquez-h5p,Football,Unbelievable Moments In Football | Al Nassr VS Inter Miami Imaginary Final | #ronaldo vs #messi,CrossBar Editz,Nunca pasó,negative,negative,negative,negative
UgwKfwu0WhvTWpf2OEh4AaABAg,@fgluon6372,Football,"Ronaldo, Messi, Neymar, Mbappe Shocked the World in Their Final Match",ArtSoccer,what a game!,positive,positive,positive,positive
Ugy0-4pOM_eCbnf-eUl4AaABAg,@2339091q,Football,Football Goals But The Distance KEEPS Increasing,Ninety,5:20 The failed hand.,neutral,neutral,neutral,neutral
UgyidMpRrPFpVm7oUvt4AaABAg,@SergiuDobie,Football,INSANE WORLD CUP FC26 CARD BATTLE!!,The Wingrove Family,Bade,neutral,neutral,neutral,neutral
UgwGPNx82FtR484Y37F4AaABAg,@duykhanhle8379,Football,Best Football Skills 2026,SportsHD,Where ronaldo 😂,negative,neutral,negative,negative
UgyjnXL6OwDJ8SHtL8p4AaABAg,@akadoshirani-i1n,Football,Brazil Showed Why They’re Football Giants 🔥🇧🇷,ALE,🇧🇷🇧🇷🇧🇷🇧🇷🇧🇷⚽❤❤,positive,positive,positive,positive
UgwAP6JzorlnChjcs5p4AaABAg,@C4azDfvd,Football,Zidane Reacts Ronaldo Stepover Skills 🤯,Hoanftbl,🎉🎉 ronaldo and messi are both goats but if i had to chooe 1 it will be pele😂😂,positive,positive,positive,positive
Ugwc84lANsvnJv7NN1N4AaABAg,@mariarodriguezreyes9878,Football,Neymar Destroying Great Players ☠️,HEcompsHD,Neymar   quiero  aserco  motu  mellamoiker,neutral,neutral,positive,neutral
UgxG1LpI5Ym-bntrUk94AaABAg,@HoloBobo,Football,1 in a Billion Football Moments,Sir Alex,crazy guys,positive,positive,positive,positive
UgwoYhqWudm2LzqS0Ip4AaABAg,@jowhanespitia08,Football,Most Inside Inside Foot Volleys In Football #football #shorts #volley,OG_Clips,Juventus the best 😢,positive,positive,positive,positive
Ugw5zEK9tST321hU-eB4AaABAg,@maxg.8039,Football,45 Minutes of The Most Cinematic Moments in Football History,FOOT DAILY,Too many Messi moments for me...,negative,negative,negative,negative
UgzaUmMIYuIDfKA_67x4AaABAg,@jsrinivas20,Football,Best UCL comebacks 🔥😈💀🥶 #football #footballshorts #shorts,SJ10HD Editz TM,Bro how is that first one that is impossible,negative,negative,negative,negative
UgxmpVJBL1PM9ICyU5d4AaABAg,@ortho_211,Football,99% IMPOSSIBLE Comeback moments in football,Ninety,No ronalo it is out😂😂😂,negative,negative,negative,negative
UgygJRXQibWyeCW-3IZ4AaABAg,@kimberlyshea28,Football,Football Kids On Another Level,Chuff Footy Reacts,Bro little naymar,neutral,neutral,positive,neutral
UgyDMQ74DJ4GhQzxJ094AaABAg,@رشيدمالكي-ز8ف,Football,Most Humiliating Goals in Football History,Ninety,لااله الا الله ❤❤❤❤لااله الا الله محمد رسول الله  حسبنا الله ونعم الوكيل,positive,positive,positive,positive
UgyTCKTlUtwoXjxCpdp4AaABAg,@SaqlainAli-u4q,Football,Messi's reaction to Ronaldo's goal ☠️ #cristiano #football #messi #ronaldo #cr7 #edit #trending,FOAR7,Ronaldo ki Jay ho❤❤❤❤,positive,positive,positive,positive
UgygcBMkvCFWZUJ93MJ4AaABAg,@FUTFan17-r7j,Football,Celebrities Playing Football,Chuff Footy Reacts,12:42 Tom Brady only owns 3 percent of Birmingham City,neutral,neutral,neutral,neutral
UgxHqVIPy-qTrwHN5jZ4AaABAg,@MdDulal-k9k1w,Football,Brazil vs Argentina 2025 🔥☠ #shorts #football #fyp #trending,Football X Edit,I LOVE You ARGENTINA❤❤❤❤❤❤❤❤❤❤❤,positive,positive,positive,positive
UgxDJRXFfVXkv9JYgAJ4AaABAg,@SanazYousefi-qv5vi,Football,I Tested BANNED Football Products!,Chuffsters,"Chuff fan 
👇",neutral,neutral,positive,neutral
UgxIdChvp4BXqosA4054AaABAg,@ЭркайымЮсупова,Football,Women VS Men's Dribbling 💀,Primeftbl,😮😮😮😮,neutral,positive,positive,positive
UgwjP9rAQEGNzISjYUh4AaABAg,@AsfiyaKazi-n3x,Football,First Champions League player that comes to mind? 🤔,UEFA,Yamal,neutral,neutral,neutral,neutral
Ugxj14TgiiB1HKX8THZ4AaABAg,@Omar-d3b3s,Football,Football Players Jumping Records + Basketball ⚽️🏀,Skiller 90,bro the last one is edited gng yall are so gullible amd childish,negative,negative,negative,negative
UgwthW98vcJhq7eHZ5h4AaABAg,@SamsungAccaunt-o2j,Football,The Real King.👑 #football #shorts,WTFootball,Barca,neutral,neutral,neutral,neutral
Ugzb8AOBYm_KrKAYHxF4AaABAg,@SPgaming-r5h,Football,Best Team in the Nation?! Mahomes just invested in them 🤯 #shorts,Quarterback Plug,Bixby can beat them,neutral,negative,neutral,neutral
Ugxiem51Fepl8LQNu254AaABAg,@budigoal6391,Football,I Survived 24 Hours With a Pro Football Player,Browney,Brian❤❤,positive,positive,positive,positive
Ugw2L8idNek_iF0YJH14AaABAg,@FeruzaChamanova-z6z,Football,UZBEKISTAN vs SPAIN #uzbekistan #spain #football #soccer #futbol #футбол #footbāl #olympics,Footy Flash02,hech qachon oʻynamaganku😂😂,negative,neutral,neutral,neutral
UgyVTXDe_ZJyrRW7Q094AaABAg,@ElHuesitos,Football,France Time Wasting vs. Morocco 🫡 #football,Ball 90 Shorts,Mora,neutral,neutral,neutral,neutral
Ugzorq9Xt5YLv-krrYJ4AaABAg,@POTSsucks,Football,Carolina Panthers vs. Arizona Cardinals | 2026 Hall of Fame Game Highlights,NFL,I don't need to see more of Haynes King. I watch college ball. He's the best quarterback on Carolina's roster.,positive,positive,positive,positive
UgzJTDniYoOKI9-3sEB4AaABAg,@CarlosQuispe-j2l,Football,SPAIN 1-0 ARGENTINA | FIFA WORLD CUP 2026 FINAL | FULL LIVE,BOBOLA TV,España es traposo,negative,negative,negative,negative
UgzKu7zO7-oPeaXrZPZ4AaABAg,@Avatottenham27,Football,Scariest Moments In Football,Ninety,Never trust an agrentina center back Cristian romero 8:29,negative,negative,negative,negative
UgwAYR2xG4IiBPCmh5Z4AaABAg,@jjsmith3753,Football,Chelsea 0-1 Juventus | HIGHLIGHTS | Pre-Season 2026/27,Chelsea Football Club,Dident know Cameroon was playing,negative,negative,negative,negative
UgyUs9ag44scXZYqffJ4AaABAg,@XimenaJuárezvazquez-h5p,Football,Unbelievable Moments In Football | Al Nassr VS Inter Miami Imaginary Final | #ronaldo vs #messi,CrossBar Editz,Nunca va a pasar nunca,negative,negative,negative,negative
Ugz8mizCFE5X2CWjF3V4AaABAg,@Цыган-62,Football,"Ronaldo, Messi, Neymar, Mbappe Shocked the World in Their Final Match",ArtSoccer,"Чё за усатый индус в воротах?
😂😂😂😂😂😂😂",negative,negative,negative,negative
UgyX7tX4mgvch-hORLF4AaABAg,@EmoFnafBonnie,Football,Football Goals But The Distance KEEPS Increasing,Ninety,0:18 Türk spiker,neutral,neutral,neutral,neutral
Ugz3NlCdbye0TR9bbZl4AaABAg,@peacedaniel2724,Football,INSANE WORLD CUP FC26 CARD BATTLE!!,The Wingrove Family,Please consider  puting me in a tordment,neutral,neutral,neutral,neutral
Ugz9CQQzQcyXlK-g1fh4AaABAg,@GridironGoals-q4b,Football,Best Football Skills 2026,SportsHD,I like it when the goalie decides to show off their skills,positive,positive,positive,positive
Ugy2eplToPEz5LyfTR54AaABAg,@mdyeasin-d7w2q,Football,Brazil Showed Why They’re Football Giants 🔥🇧🇷,ALE,😘😘😘🤫🤫🫡🫡😏😎😇🥹🥹🥹,positive,positive,positive,positive
UgwicdsOC4d9wpij87x4AaABAg,@ciislive5612,Football,Zidane Reacts Ronaldo Stepover Skills 🤯,Hoanftbl,Ronaldo is the fans comment suuuuuuuuuúu 🇵🇹🇵🇹,positive,positive,positive,positive
UgyYfNfUiWvPAs8kQS54AaABAg,@MatebouCoulibaly,Football,Neymar Destroying Great Players ☠️,HEcompsHD,❤❤❤ Neymar 😊😊,positive,positive,positive,positive
UgyBCLdJ8zcmTw9K-mh4AaABAg,@KasiaKatarzyna-h7u,Football,1 in a Billion Football Moments,Sir Alex,😂😂😂😂😂😂😂😂😂😂😂😂😂😂😂😂😂😅😂😂😂😅😂so much love you ❤️❤️❤️❤️❤️❤️❤️❤️❤️,positive,positive,positive,positive
UgwH99SGtw2CUoJVmOJ4AaABAg,@AskAi001_24,Football,Most Inside Inside Foot Volleys In Football #football #shorts #volley,OG_Clips,Payet celebration perfectly fit that goal😭😲,positive,positive,positive,positive
UgxzMkX9WJc7r-z-g8d4AaABAg,@futbolpresyt,Football,45 Minutes of The Most Cinematic Moments in Football History,FOOT DAILY,Liverpool comeback 🔥,positive,positive,positive,positive
UgzXdBQJIcHI8aEqiFh4AaABAg,@NaodNawa-p4m,Football,Best UCL comebacks 🔥😈💀🥶 #football #footballshorts #shorts,SJ10HD Editz TM,Chelsea vs Ajax 🤯,positive,positive,positive,positive
Ugz0xxGeNCqws-eHSuJ4AaABAg,@nuelummanuel,Football,99% IMPOSSIBLE Comeback moments in football,Ninety,0:40 pembappe,neutral,neutral,neutral,neutral
UgwJRhhG7fY-Ioqd9nB4AaABAg,@enully,Football,Football Kids On Another Level,Chuff Footy Reacts,pls we need a gk vid tho,neutral,neutral,neutral,neutral
UgxCWITG4zW3fyA2Ptp4AaABAg,@Josgandos2,Football,Most Humiliating Goals in Football History,Ninety,Gol Maradona adalah gol paling buruk karena dilakukan dgn cara curang. Tidak ada respek utk gol itu.👎,negative,negative,negative,negative
UgzaRCW5GvitW6W7dr14AaABAg,@KazimAbdullah-v4n,Football,Messi's reaction to Ronaldo's goal ☠️ #cristiano #football #messi #ronaldo #cr7 #edit #trending,FOAR7,আতিক হাতি প্লাস সি আর সেভেন😊,positive,neutral,positive,positive
Ugz0WO9t4waCdaB-VhJ4AaABAg,@rwalker0130,Football,Celebrities Playing Football,Chuff Footy Reacts,idk man Boris Johnson got the ball first though.  I'm not too great after a dozen drinks either.,neutral,neutral,neutral,neutral
Ugys8URUWKeuo8a6P4d4AaABAg,@RiyanAhmed-s1x,Football,Brazil vs Argentina 2025 🔥☠ #shorts #football #fyp #trending,Football X Edit,3pes,neutral,neutral,neutral,neutral
UgyUwOZ_nFpFMt4Xpw14AaABAg,@SportsSquad123,Football,I Tested BANNED Football Products!,Chuffsters,get the swedish guy out of here hes ruining the video,negative,negative,negative,negative
Ugx5VWQHdtOnY13rZm14AaABAg,@jacklynemitchellekweyu909,Football,Women VS Men's Dribbling 💀,Primeftbl,🎉🎉🎉🎉🎉,positive,positive,positive,positive
UgzA95VNcrPAAPFWLS14AaABAg,@SayfullahLalala,Football,First Champions League player that comes to mind? 🤔,UEFA,Rodri to real Madrid here we go 🎉🎉,positive,positive,positive,positive
UgwZE6SpCGDAkfUX6UJ4AaABAg,@payelberamondal1861,Football,Football Players Jumping Records + Basketball ⚽️🏀,Skiller 90,C.Ronaldo jump was 2.93 mtrs,neutral,neutral,neutral,neutral
Ugw6UkSyZBALFsGDQHt4AaABAg,@CandyMaboa-zk6je,Football,The Real King.👑 #football #shorts,WTFootball,Messi,neutral,neutral,neutral,neutral
UgwQCk1aglTmHVSN4sV4AaABAg,@VincentGiang-u7d,Football,Best Team in the Nation?! Mahomes just invested in them 🤯 #shorts,Quarterback Plug,Can’t believe there’s an Asian on the team,negative,negative,negative,negative
UgxpW_F5xnO0CV1NGCh4AaABAg,@Seramics,Football,I Survived 24 Hours With a Pro Football Player,Browney,"Can see Browney ie visibly slower n less agility. Too much muscle slow you down.

Those are a bit more like for bodybuilding. He should do speed, agility and explosive power training if he wants to be good in football. 

But the main thing is of course football technical skills and later, tactical for a professional.",negative,negative,negative,negative
UgwTlrMlbf-yuRidrmt4AaABAg,@behruz___bogger,Football,UZBEKISTAN vs SPAIN #uzbekistan #spain #football #soccer #futbol #футбол #footbāl #olympics,Footy Flash02,😢,negative,negative,negative,negative
UgyS65gLEPTbSFOIibt4AaABAg,@hudashahrour4035,Football,France Time Wasting vs. Morocco 🫡 #football,Ball 90 Shorts,Kylian dictator,negative,negative,negative,negative
UgwViHppyc6QrtV4Jnl4AaABAg,@3200-g,Football,Carolina Panthers vs. Arizona Cardinals | 2026 Hall of Fame Game Highlights,NFL,Use me as a “ football is back” button I’m tryna see the likes lol,positive,positive,positive,positive
UgzQ-AP4725liU3Da8t4AaABAg,@CarlosQuispe-j2l,Football,SPAIN 1-0 ARGENTINA | FIFA WORLD CUP 2026 FINAL | FULL LIVE,BOBOLA TV,España le robado el mudil,negative,negative,negative,negative
Ugyfo1VWglPSOhcVHWF4AaABAg,@김구름-g9l,Football,Scariest Moments In Football,Ninety,"너무 아프고 힘들있겠다,,.....,,,........",negative,negative,negative,negative
UgwypDKMSaj3E87jHbd4AaABAg,@toonfolktales518,Football,Chelsea 0-1 Juventus | HIGHLIGHTS | Pre-Season 2026/27,Chelsea Football Club,"I just watched an impressive individuals. as much expected, team work no where near but we all know that Mr Xavi will get it done.",neutral,neutral,positive,neutral
Ugwnhy0X8Ehkq-xVskp4AaABAg,@NYXE_cc,Football,Unbelievable Moments In Football | Al Nassr VS Inter Miami Imaginary Final | #ronaldo vs #messi,CrossBar Editz,This is the type of shi I would believe when I was 8 years old ✌️🫩🥀,negative,negative,negative,negative
UgzAXMcvTpUlmiZXgDx4AaABAg,@shahan1only,Football,"Ronaldo, Messi, Neymar, Mbappe Shocked the World in Their Final Match",ArtSoccer,7:20,neutral,neutral,neutral,neutral
UgyUKw2bh2YxgwF_wOx4AaABAg,@Alikerem-h8t,Football,Football Goals But The Distance KEEPS Increasing,Ninety,68 m Arda Güler,neutral,neutral,neutral,neutral
UgzLY49TZXCjIVvZsXd4AaABAg,@Declan-i5h2o,Football,INSANE WORLD CUP FC26 CARD BATTLE!!,The Wingrove Family,I love your vidoes,positive,positive,positive,positive
UgyxxdcaI5Gi5e8OGhd4AaABAg,@BMskills_carpenters,Football,Best Football Skills 2026,SportsHD,I like it when the goalie decides to show off their skills,positive,positive,positive,positive
Ugz09oV6dxxCwwgeAx54AaABAg,@LucenaRosineide,Football,Brazil Showed Why They’re Football Giants 🔥🇧🇷,ALE,hoyp de jhcfmd,neutral,neutral,neutral,neutral
UgwfZwSO-A9eNnThS6t4AaABAg,@RichardDiaz-ij3vw,Football,Zidane Reacts Ronaldo Stepover Skills 🤯,Hoanftbl,Gout del mundo 17 siiiuuuuuuuuu,positive,positive,positive,positive
Ugzdw_bOZcsV4D3T8b54AaABAg,@PreciousAkhuejor,Football,Neymar Destroying Great Players ☠️,HEcompsHD,😅 everybody I am going to show my brother this my brother likes football so much that he wants me to give him a new football boots who was actually my brother that typed this you know that my brother title for himself because I you're my iPad toy can get better I know he is very sad because I didn't let him use my iPad but now I'm actually called lollipop that's not my name but I just put down my profile name and my name is actually promise my brother was sad because I didn't let him use my iPod but now I'd like to put you football he he loves it,neutral,positive,neutral,neutral
Ugwo3PbvbApF4lpJTYx4AaABAg,@tuankietnova,Football,1 in a Billion Football Moments,Sir Alex,5:20 Viet Nam,neutral,neutral,neutral,neutral
UgyGml-GiIheEguoM9Z4AaABAg,@GodspowerOnovo,Football,Most Inside Inside Foot Volleys In Football #football #shorts #volley,OG_Clips,I never realised how satisfying these goals were😮,positive,positive,positive,positive
UgwprKAb_6gRQycia5V4AaABAg,@Alexander_0628,Football,45 Minutes of The Most Cinematic Moments in Football History,FOOT DAILY,ANKARA MESSI ??,neutral,neutral,neutral,neutral
Ugye-uUxAQgR9_U6trd4AaABAg,@NaodNawa-p4m,Football,Best UCL comebacks 🔥😈💀🥶 #football #footballshorts #shorts,SJ10HD Editz TM,Chelsea vs Ajax 🤯,positive,positive,positive,positive
Ugy-rDYLPHDkZOsv6tp4AaABAg,@nuelummanuel,Football,99% IMPOSSIBLE Comeback moments in football,Ninety,1:08,neutral,neutral,neutral,neutral
Ugx2llwtx7heJRdwFk54AaABAg,@njiimattacy9,Football,Football Kids On Another Level,Chuff Footy Reacts,Both,neutral,neutral,neutral,neutral
UgxnXIdj_Iz6vzalnhJ4AaABAg,@erikheymann9390,Football,Most Humiliating Goals in Football History,Ninety,Van Persie scored against Juventus where he drags the ball with his left foot and the defender just falls down,neutral,neutral,neutral,neutral
UgzzguLFFsq9zNBqA1R4AaABAg,@KazimAbdullah-v4n,Football,Messi's reaction to Ronaldo's goal ☠️ #cristiano #football #messi #ronaldo #cr7 #edit #trending,FOAR7,আন।           সি আর সেভেন সি,neutral,neutral,neutral,neutral
Ugwb7pLiY3bdNWj0LcN4AaABAg,@jeanemofokeng6584,Football,Celebrities Playing Football,Chuff Footy Reacts,6x 08,neutral,neutral,neutral,neutral
UgxwS1jdVIViGX11L2x4AaABAg,@AfifaKhairi,Football,Brazil vs Argentina 2025 🔥☠ #shorts #football #fyp #trending,Football X Edit,❤❤Argentina❤❤,positive,positive,positive,positive
UgwRhhBVLmbsCFUrSo94AaABAg,@Brianphillips-o1u,Football,I Tested BANNED Football Products!,Chuffsters,Bro why vuvuzela is banned,neutral,neutral,neutral,neutral
UgwK71mesfhB14qNVIV4AaABAg,@SheikhMustafa-x7n,Football,Women VS Men's Dribbling 💀,Primeftbl,The second woman thought she was ronaldo,negative,negative,negative,negative
UgzFFo2YkG6eV9xDcsV4AaABAg,@SozanHussen-z5x,Football,First Champions League player that comes to mind? 🤔,UEFA,Mr ucl is cris,positive,positive,positive,positive
UgwqbLg7yDkqcXLDvQt4AaABAg,@Footballer4752,Football,Football Players Jumping Records + Basketball ⚽️🏀,Skiller 90,"The last one was edited, but he did jump that high, but he didn’t break the hoop
Hope this helps😊",neutral,neutral,neutral,neutral
UgyGH02pDzEpfcjctKF4AaABAg,@ZuhraShahriddinqizinv3sy,Football,The Real King.👑 #football #shorts,WTFootball,BARSA❤❤❤❤❤❤❤❤❤❤❤❤❤❤❤❤❤❤❤❤❤❤❤❤❤❤❤❤❤❤❤❤❤❤❤❤❤❤❤❤❤❤❤❤❤❤❤❤❤❤❤❤❤❤❤❤❤❤❤❤❤❤❤❤❤❤❤❤❤❤❤❤❤❤❤❤❤❤❤❤❤❤❤❤❤❤❤❤❤❤❤❤❤❤❤❤❤❤❤❤❤❤❤❤❤❤❤❤❤❤❤❤❤❤❤❤❤❤❤❤❤❤❤❤❤❤❤❤,positive,positive,positive,positive
UgxCSOEKuIpeJfQg7n54AaABAg,@MaxMorris-emm,Football,Best Team in the Nation?! Mahomes just invested in them 🤯 #shorts,Quarterback Plug,Mtn view toros,neutral,neutral,neutral,neutral
UgyzHl1HOyD7YKt3w0x4AaABAg,@user-ci8sp5ev6l,Football,I Survived 24 Hours With a Pro Football Player,Browney,"now this is the kind of player we need at Manchester United: focused, professional but chill and nice!",positive,positive,positive,positive
UgzmZ8KrqACaBZPW5494AaABAg,@ХайдароваЛайло,Football,UZBEKISTAN vs SPAIN #uzbekistan #spain #football #soccer #futbol #футбол #footbāl #olympics,Footy Flash02,Олга узбэклар❤❤🎉,positive,positive,positive,positive
UgxewoeLXirIHRkPfuh4AaABAg,@FutnCami,Football,France Time Wasting vs. Morocco 🫡 #football,Ball 90 Shorts,el dictador 💀,negative,negative,negative,negative
Ugz7PZmbBvWbyeBSw5p4AaABAg,@BaronHawkeye-b3e,Football,Carolina Panthers vs. Arizona Cardinals | 2026 Hall of Fame Game Highlights,NFL,Literally woke up when the ball was snapped on the last play,neutral,neutral,neutral,neutral
Ugzmcw2waENK9jbjghV4AaABAg,@KarimKarim-o1x6e,Football,SPAIN 1-0 ARGENTINA | FIFA WORLD CUP 2026 FINAL | FULL LIVE,BOBOLA TV,🇦🇷🇦🇷🇦🇷🇦🇷🇦🇷🇦🇷🇦🇷,neutral,positive,positive,positive
UgwWJoud3Z73QDzNEkh4AaABAg,@ИринаАникина-ж3е,Football,Scariest Moments In Football,Ninety,😭😭😭😭😭😭,negative,negative,negative,negative
UgzYMdAg65htiLciBE54AaABAg,@zied_hm,Football,Chelsea 0-1 Juventus | HIGHLIGHTS | Pre-Season 2026/27,Chelsea Football Club,As Madrid i know how much alonso talented he is and i got such respect for blues hope to write beautiful story 🤍💙,positive,positive,positive,positive
Ugxvd4poKIJ_63Kui2B4AaABAg,@KeerththananKeerthu,Football,Unbelievable Moments In Football | Al Nassr VS Inter Miami Imaginary Final | #ronaldo vs #messi,CrossBar Editz,❤❤❤❤❤❤❤❤❤❤❤❤,positive,positive,positive,positive
Ugz3y7KRIv4HBLgnZbF4AaABAg,@AlisaParker-e7j,Football,"Ronaldo, Messi, Neymar, Mbappe Shocked the World in Their Final Match",ArtSoccer,Está muy bien logrado...,positive,positive,positive,positive
UgyB2Uump7YY-QtpmbJ4AaABAg,@wikihow3786,Football,Football Goals But The Distance KEEPS Increasing,Ninety,👍👍👍👍,positive,positive,positive,positive
UgwE8vZhZjK7KqYqh4h4AaABAg,@swastikadevi3401,Football,INSANE WORLD CUP FC26 CARD BATTLE!!,The Wingrove Family,Spain 🇪🇸 is gonna win the world cup,positive,positive,positive,positive
Ugz6HtC7kLO5PlLntXJ4AaABAg,@joshcairns5297,Football,Best Football Skills 2026,SportsHD,lol poor Rogers getting clipped up twice,negative,negative,negative,negative
UgzojaxW8Drf6vOt8xl4AaABAg,@Gulshoda-b6r,Football,Brazil Showed Why They’re Football Giants 🔥🇧🇷,ALE,😢🥹👍👍,neutral,neutral,neutral,neutral
UgwhS2tg-ePB0NAyKRd4AaABAg,@ZlsiRalte,Football,Zidane Reacts Ronaldo Stepover Skills 🤯,Hoanftbl,ronaldo vs zidane x zidane looking ronaldo skills,neutral,neutral,neutral,neutral
UgxCNuDrqEntjK2c0cp4AaABAg,@MaishaFaija-d5o9d,Football,Neymar Destroying Great Players ☠️,HEcompsHD,630,neutral,neutral,neutral,neutral
UgxRnpMPJri1b64Jf5p4AaABAg,@BibiBakhsh,Football,1 in a Billion Football Moments,Sir Alex,Azam is here❤❤❤❤❤❤❤❤😊😊😊,positive,positive,positive,positive
UgzgBL7Xzdg23wpJFhR4AaABAg,@Footballwatchesme,Football,Most Inside Inside Foot Volleys In Football #football #shorts #volley,OG_Clips,Mount shouldn’t have left Chelsea,negative,negative,negative,negative
UgyTbzGAlm1Ddz4wTaJ4AaABAg,@vpgclassic,Football,45 Minutes of The Most Cinematic Moments in Football History,FOOT DAILY,"Thanks for adding those cartoon sounds, otherwise i wouldn't know how to feel",negative,negative,negative,negative
Ugyk8yGVsSfBkDwGFnZ4AaABAg,@TheducksEDITSS,Football,Best UCL comebacks 🔥😈💀🥶 #football #footballshorts #shorts,SJ10HD Editz TM,Damn i have not kick a ball and i forgot how to kick a futball,negative,negative,negative,negative
Ugw-iuuoQj6ny4ZZja54AaABAg,@FootballHeads-t9y,Football,99% IMPOSSIBLE Comeback moments in football,Ninety,amazing stuff,positive,positive,positive,positive
UgwgPxd8LQbpQaMrx-N4AaABAg,@SharkyBacon,Football,Football Kids On Another Level,Chuff Footy Reacts,Blue lock ahh 5:57,neutral,neutral,neutral,neutral
UgysA5TewvPm1oqACPB4AaABAg,@StrongMindFootball,Football,Most Humiliating Goals in Football History,Ninety,incredible goal,positive,positive,positive,positive
Ugw-FrBc5qzRr3qMZlF4AaABAg,@blazeeditz786,Football,Messi's reaction to Ronaldo's goal ☠️ #cristiano #football #messi #ronaldo #cr7 #edit #trending,FOAR7,"Bro, Ronaldo's body 🥶",positive,positive,positive,positive
UgxaS3raKtmW1IJ82ll4AaABAg,@TedHowarth,Football,Celebrities Playing Football,Chuff Footy Reacts,I love cuff ❤❤❤❤❤❤ he is amazing  i wish 😢he was in the sidmen,positive,positive,positive,positive
UgweoBVLEBekfF14QQ54AaABAg,@RithikSardar-t8m,Football,Brazil vs Argentina 2025 🔥☠ #shorts #football #fyp #trending,Football X Edit,❤❤,positive,positive,positive,positive
UgzTP7HrfIJE8q6XsIt4AaABAg,@Cartereng18,Football,I Tested BANNED Football Products!,Chuffsters,2:45,neutral,neutral,neutral,neutral
UgwOqwJgF8lZQ6X0Qpx4AaABAg,@areffatma9594,Football,Women VS Men's Dribbling 💀,Primeftbl,Neymar's legs is magnetic,positive,positive,positive,positive
UgwdYivEyj_4KrBMEW54AaABAg,@rhiancheyne5063,Football,First Champions League player that comes to mind? 🤔,UEFA,Phil you are my fav player,positive,positive,positive,positive
Ugwof3meZkilSaHSf1R4AaABAg,@AbidkhalifRajendra,Football,Football Players Jumping Records + Basketball ⚽️🏀,Skiller 90,99 missed calls from redbull☠,positive,positive,positive,positive
UgwEkaZhd855JCdAgil4AaABAg,@SamandemmaOfoegbu,Football,The Real King.👑 #football #shorts,WTFootball,The best club here is Barcelona  follow by real Madrid,positive,positive,positive,positive
UgyuGxfgAfjlT1ioV-d4AaABAg,@JennaLamb-x4p,Football,Best Team in the Nation?! Mahomes just invested in them 🤯 #shorts,Quarterback Plug,Utica Chiefton in ther prime can maybe beat them,neutral,neutral,neutral,neutral
UgwvIOVuHQ-afAw_X8p4AaABAg,@user-ci8sp5ev6l,Football,I Survived 24 Hours With a Pro Football Player,Browney,"I see Manchester United player, I like.",positive,positive,positive,positive
UgwZLt0ouq2EYPumhFF4AaABAg,@BMGDRIVERIZO,Football,UZBEKISTAN vs SPAIN #uzbekistan #spain #football #soccer #futbol #футбол #footbāl #olympics,Footy Flash02,Olgʻa spaniya,positive,positive,positive,positive
UgxM-Ct8bHaEF8CUtYh4AaABAg,@1AITTFERMI,Football,France Time Wasting vs. Morocco 🫡 #football,Ball 90 Shorts,IT'S ALWAYS JUST GO MOROCCO. MOROCCO! MOROCCO! MOROCCO! MOROCCO! MOROCCO! DIMA MAGRHEB,positive,positive,positive,positive
Ugz9-FgK0AwGqlGONIl4AaABAg,@JosephDMclean,Football,Carolina Panthers vs. Arizona Cardinals | 2026 Hall of Fame Game Highlights,NFL,Haynes King: The Legend Lives On,positive,positive,positive,positive
UgxA_3tfGD2N8R_5Hil4AaABAg,@RaHaf-k2x1s,Football,SPAIN 1-0 ARGENTINA | FIFA WORLD CUP 2026 FINAL | FULL LIVE,BOBOLA TV,Yi,neutral,neutral,neutral,neutral
UgymszPwrOnVK0l7wwF4AaABAg,@avichai248,Football,Scariest Moments In Football,Ninety,"Missed Diego jota🪦🕊️😔


👇",negative,negative,negative,negative
Ugy3-ESdGDVnaVtiAz94AaABAg,@muhammadazri1511,Football,Chelsea 0-1 Juventus | HIGHLIGHTS | Pre-Season 2026/27,Chelsea Football Club,"Macam ni nak lawan JDT nanti ??
Aduhhh hahahaha",negative,negative,negative,negative
UgwUQn4yFCQYWN7aFg54AaABAg,@EditzZn-e4j,Football,Unbelievable Moments In Football | Al Nassr VS Inter Miami Imaginary Final | #ronaldo vs #messi,CrossBar Editz,What is that at the end fuck the YouTuber I bet if you were there you would look all day,negative,negative,negative,negative
UgwIktZ9HxJ-GmY9mUR4AaABAg,@BeyondthePitch-neo,Football,"Ronaldo, Messi, Neymar, Mbappe Shocked the World in Their Final Match",ArtSoccer,ronaldo❤😮,positive,positive,positive,positive
UgwJAazYWSe73YVKe2B4AaABAg,@formationwatch,Football,Football Goals But The Distance KEEPS Increasing,Ninety,best videos,positive,positive,positive,positive
UgxNhwGv-o5NrzvZAnF4AaABAg,@DesalegnArega-f7z7c,Football,INSANE WORLD CUP FC26 CARD BATTLE!!,The Wingrove Family,🇪🇸🔏🔏🔏🔏🔏🔏🔏🔏🔏🔏🔏🔏🔏🔏,positive,positive,neutral,positive
UgyVaPYhVN7BE3K7sKV4AaABAg,@LondonIsRedBiH,Football,Best Football Skills 2026,SportsHD,where can i download these clips?,neutral,neutral,neutral,neutral
Ugx9ADEGPkvJmucG_kt4AaABAg,@mariabernalditatuarezcarranza,Football,Brazil Showed Why They’re Football Giants 🔥🇧🇷,ALE,🇧🇷👋🇪🇨👋😭😭😥😿😭😭😭😭😭😭😭😭😭😭😭😭😭😭😭😭😭😭😭😭😭😭😭😭😭😭😭😭😭😭😭😭😭😭😘😘 hola chao ecuador te amo mucho,negative,negative,negative,negative
Ugwe8IYn5Fp4gF90-0x4AaABAg,@joelbidem,Football,Zidane Reacts Ronaldo Stepover Skills 🤯,Hoanftbl,That smile was actuelly when zidane vs brazil,neutral,neutral,neutral,neutral
Ugwl8bhuyXYxvm3uj5V4AaABAg,@MdJanataJanata,Football,Neymar Destroying Great Players ☠️,HEcompsHD,🇧🇷👏🤟🤘👌🤙🇧🇷🇧🇷🇧🇷,positive,positive,positive,positive
UgxNAg5L3cg-mCPjTbp4AaABAg,@PitchRecap202,Football,1 in a Billion Football Moments,Sir Alex,Trubin goal was crazy goog,positive,positive,positive,positive
Ugz2OFtB7qEuaIqQ9Dd4AaABAg,@martinu2877,Football,45 Minutes of The Most Cinematic Moments in Football History,FOOT DAILY,Bro you destroying me with the ads chill,negative,negative,negative,negative
UgwLUzW677e3dZsU9sB4AaABAg,@CrustyPicklesOfficial,Football,Best UCL comebacks 🔥😈💀🥶 #football #footballshorts #shorts,SJ10HD Editz TM,Ajax bro how tf,neutral,neutral,negative,neutral
UgwzBmxHfROzPAc9lhh4AaABAg,@PrimeBHIMA,Football,99% IMPOSSIBLE Comeback moments in football,Ninety,op comeback,positive,positive,positive,positive
UgysZ96eT4he-Gvd4VJ4AaABAg,@Corneryoun,Football,Football Kids On Another Level,Chuff Footy Reacts,Goal,neutral,neutral,neutral,neutral
UgxCLFAAtrR9d8i3q5V4AaABAg,@StrongMindFootball,Football,Most Humiliating Goals in Football History,Ninety,Very interesting!,positive,positive,positive,positive
UgxLo4tou0GnNPABv4V4AaABAg,@Lael-d4h,Football,Messi's reaction to Ronaldo's goal ☠️ #cristiano #football #messi #ronaldo #cr7 #edit #trending,FOAR7,Ronaldo ❤💪😘😎,positive,positive,positive,positive
Ugy-i4TP2Hu6RfrHyxd4AaABAg,@gavinsanderson4724,Football,Celebrities Playing Football,Chuff Footy Reacts,Chuff your videos are always amazing,positive,positive,positive,positive
UgxmqWihpVqyjlmFMGd4AaABAg,@RupaAuthoy,Football,Brazil vs Argentina 2025 🔥☠ #shorts #football #fyp #trending,Football X Edit,Messi k niya America jabo genji pen bikri korbo taka milate parchi na,neutral,neutral,neutral,neutral
UgytUcdsSBl_-bG4a2F4AaABAg,@shadow_king-pj17,Football,I Tested BANNED Football Products!,Chuffsters,6:00 shouldn't be banned,negative,negative,neutral,negative
UgyKImH8P6lou6OO7th4AaABAg,@nnapop4442,Football,Women VS Men's Dribbling 💀,Primeftbl,Sexism.,negative,negative,negative,negative
UgzLMlZVtGxTYmjKUyB4AaABAg,@daniyal-j8g,Football,First Champions League player that comes to mind? 🤔,UEFA,Toni kroos 6 champions  league more than ronaldo and btw messi better,positive,neutral,positive,positive
UgxPMKbh8qZZTvuJVex4AaABAg,@wassimpro-e5r,Football,Football Players Jumping Records + Basketball ⚽️🏀,Skiller 90,No Ronaldo jump 2.56,neutral,negative,neutral,neutral
UgyBnjwFFlAQiugJEGV4AaABAg,@ShodiyorMirsoatov-t4o,Football,The Real King.👑 #football #shorts,WTFootball,Mastantoanao doʻstim samanga oxshaydi,neutral,neutral,neutral,neutral
UgzlJasCFHZ4p8FYYqN4AaABAg,@TehmanaFatu-g5b,Football,Best Team in the Nation?! Mahomes just invested in them 🤯 #shorts,Quarterback Plug,Would love to see them go up against my highschool,positive,positive,positive,positive
UgxZR30AlUD4_cX-Pdt4AaABAg,@tahiri-n1t,Football,I Survived 24 Hours With a Pro Football Player,Browney,Christian 777,neutral,neutral,neutral,neutral
UgxRFmFI7DarQvXda1V4AaABAg,@Agzam-d4c,Football,UZBEKISTAN vs SPAIN #uzbekistan #spain #football #soccer #futbol #футбол #footbāl #olympics,Footy Flash02,Senlar bilan espaniya oynamadi 😂😂😂,negative,negative,negative,negative
UgwrtuMj4CwbsJi4iEx4AaABAg,@LseAep7,Football,France Time Wasting vs. Morocco 🫡 #football,Ball 90 Shorts,England should beat france,neutral,neutral,neutral,neutral
UgxMyRlIqvkwZHtusal4AaABAg,@User31245,Football,Carolina Panthers vs. Arizona Cardinals | 2026 Hall of Fame Game Highlights,NFL,Did NFL Rodger Goodell tell the rookies to play better in preseason games?,neutral,neutral,neutral,neutral
UgwjSRlI4_O9SNlL1sd4AaABAg,@shamnainsta123,Football,SPAIN 1-0 ARGENTINA | FIFA WORLD CUP 2026 FINAL | FULL LIVE,BOBOLA TV,SpiAaaaaaaaaaan,positive,positive,positive,positive
UgxTWKchUmjEWUcklZR4AaABAg,@jealous.of.my.dumplings,Football,Scariest Moments In Football,Ninety,5:38 That player saved his life..,positive,positive,positive,positive
UgxK5gM7XVISI4q1Bwt4AaABAg,@Shadow_F1r3,Football,Chelsea 0-1 Juventus | HIGHLIGHTS | Pre-Season 2026/27,Chelsea Football Club,These two will be playing each other in the conference next season 🤣,positive,positive,positive,positive
Ugx1h3Wa3vuwJ7Zyr_t4AaABAg,@mxmaruf12,Football,Unbelievable Moments In Football | Al Nassr VS Inter Miami Imaginary Final | #ronaldo vs #messi,CrossBar Editz,❤❤❤❤,positive,positive,positive,positive
UgySfZc9ZYbhYJdgKRZ4AaABAg,@dailyscroll_67,Football,"Ronaldo, Messi, Neymar, Mbappe Shocked the World in Their Final Match",ArtSoccer,The GOAT 🐐 🔥,positive,positive,positive,positive
UgwBt6dPe3Y2SL_7FeN4AaABAg,@PatientCommenter,Football,Football Goals But The Distance KEEPS Increasing,Ninety,Roberto Carlos's curvy ball goal is legend. Rogério Ceni goalkeeper goals are also another level.,positive,positive,positive,positive
Ugwibulo5R2v95I-WQ14AaABAg,@JanSmic43578,Football,INSANE WORLD CUP FC26 CARD BATTLE!!,The Wingrove Family,Nice video,positive,positive,positive,positive
Ugy9RIThomTG_dqlOIl4AaABAg,@futbolpresyt,Football,Best Football Skills 2026,SportsHD,"How did you manage that move, Osayi? :D",positive,positive,positive,positive
Ugzk26vnD0iPkszuYnN4AaABAg,@EbrahimKhan-ne7sf,Football,Brazil Showed Why They’re Football Giants 🔥🇧🇷,ALE,😭😭😭🇧🇷🇧🇷❤❤❤,positive,positive,positive,positive
UgwbASrDjyKo6ulWHL14AaABAg,@MuhiddinAbdullahev,Football,Zidane Reacts Ronaldo Stepover Skills 🤯,Hoanftbl,🎉🎉🎉🎉🎉🎉🎉🎉🎉🎉🎉🎉🎉🎉🎉🎉🎉🎉🎉🎉🎉🎉🎉🎉🎉🎉🎉🎉🎉🎉🎉🎉🎉🎉🎉🎉🎉🎉🎉🎉🎉🎉🎉🎉🎉🎉,positive,positive,positive,positive
UgxIYBPlz65Z433Ra_Z4AaABAg,@Dodos_World11,Football,Neymar Destroying Great Players ☠️,HEcompsHD,😮,neutral,positive,positive,positive
Ugwhb71r0RZRGYjPYxV4AaABAg,@TheB4ll3r_27,Football,1 in a Billion Football Moments,Sir Alex,2:58 whenever i see gabriel i think of something else,neutral,neutral,neutral,neutral
Ugx69gqgGviVCLjc0h54AaABAg,@HERARENAstudiourl,Football,45 Minutes of The Most Cinematic Moments in Football History,FOOT DAILY,This is why we love sports—anything can happen!,positive,positive,positive,positive
UgzgOQSjGgUQ7lG1hwt4AaABAg,@MasonReed-t8d,Football,Best UCL comebacks 🔥😈💀🥶 #football #footballshorts #shorts,SJ10HD Editz TM,❤❤❤❤❤❤,positive,positive,positive,positive
UgxMph4nunJb3OWQaIJ4AaABAg,@TwoFootballshorts,Football,99% IMPOSSIBLE Comeback moments in football,Ninety,Bro played two finals in 2 worldcups . Almost a 3rd ☠,positive,positive,positive,positive
UgyWFTeaoTqqU-uL4Wx4AaABAg,@JacobHudson-d9d5q,Football,Football Kids On Another Level,Chuff Footy Reacts,Basketball hoop 😊,positive,positive,positive,positive
UgzAYCKBwurbDqvfEq54AaABAg,@XenoFoty,Football,Most Humiliating Goals in Football History,Ninety,9:05 Messi Cooked Them 🔥🥀,positive,positive,positive,positive
Ugwvl1rLaZY-MlVOGKV4AaABAg,@Tacnospark6Air,Football,Messi's reaction to Ronaldo's goal ☠️ #cristiano #football #messi #ronaldo #cr7 #edit #trending,FOAR7,🇵🇹🇵🇹🇵🇹🇵🇹🇵🇹🇵🇹🇵🇹🇵🇹🇵🇹🇵🇹🇵🇹🇵🇹🇵🇹🇵🇹🇵🇹🇵🇹🇵🇹🇵🇹🇵🇹🇵🇹🇵🇹🇵🇹🇵🇹🇵🇹🇵🇹🇵🇹🇵🇹🇵🇹🇵🇹🇵🇹🇵🇹🇵🇹🇵🇹🇵🇹🇵🇹🇵🇹,positive,positive,positive,positive
UgwpoIhqh13F9uBpI6R4AaABAg,@JesseVerrier-c8y,Football,Celebrities Playing Football,Chuff Footy Reacts,i met  scetch,neutral,neutral,neutral,neutral
UgyfcvSax7mtVWkTEnp4AaABAg,@MdRajuMia-j3b,Football,Brazil vs Argentina 2025 🔥☠ #shorts #football #fyp #trending,Football X Edit,"🇧🇷,1-4🇦🇷💵🏆",neutral,neutral,neutral,neutral
UgxLZVUowiM40ggps9B4AaABAg,@Abdullahalghaith-t2l,Football,I Tested BANNED Football Products!,Chuffsters,1:51 Already a banger🤯,positive,positive,positive,positive
Ugy9d907fuTIla055vt4AaABAg,@javinix-123,Football,Women VS Men's Dribbling 💀,Primeftbl,"Ronaldinho ☠️ Cr7 ☠️ Messi☠️ Neymar ☠️
👇",positive,positive,positive,positive
Ugy-gxewl-mslR4eSsN4AaABAg,@AfizahAli-u8q,Football,First Champions League player that comes to mind? 🤔,UEFA,CRISTIANOOOOO,neutral,positive,positive,positive
Ugypj_vjmQwO9Xw1VkF4AaABAg,@CVQBBB2,Football,Football Players Jumping Records + Basketball ⚽️🏀,Skiller 90,😮😮,neutral,positive,positive,positive
UgxBg8_49dsGqiuzPE94AaABAg,@sajimalik1092,Football,The Real King.👑 #football #shorts,WTFootball,"Mo salah known as the Egyptian king 
Who agrees with me I'm going to like my own comment because no one will😢
👇",positive,positive,positive,positive
UgzY-kTjzoXoQ7x0GrB4AaABAg,@JaceLandry-k4z,Football,Best Team in the Nation?! Mahomes just invested in them 🤯 #shorts,Quarterback Plug,Prime patriots when they won 6 superbowls,neutral,neutral,neutral,neutral
UgymUEJQBF40hWWumnJ4AaABAg,@entahlahcan,Football,I Survived 24 Hours With a Pro Football Player,Browney,Mbeumo is such a great person,positive,positive,positive,positive
UgxQpBv8zoEnqgpw2Oh4AaABAg,@LatofatxonZaripova,Football,UZBEKISTAN vs SPAIN #uzbekistan #spain #football #soccer #futbol #футбол #footbāl #olympics,Footy Flash02,Yamal zor Abduqodir undan da zor tez aqlli,positive,positive,positive,positive
Ugz1Slt338unng7SOOt4AaABAg,@SllOman-k6g,Football,France Time Wasting vs. Morocco 🫡 #football,Ball 90 Shorts,😂😂😂😂😂,positive,positive,positive,positive
Ugx0uI1h5MulymcCD0N4AaABAg,@sm3dium,Football,Carolina Panthers vs. Arizona Cardinals | 2026 Hall of Fame Game Highlights,NFL,"Not even a fan of both of these teams, but why tf is Carson beck as the thumbnail?
I know he still did good either way, but we all know HK popped tf off. Do better @nfl content creators",negative,negative,negative,negative
UgwBUYihOH8fYGCTaTt4AaABAg,@qbrisatriz,Football,SPAIN 1-0 ARGENTINA | FIFA WORLD CUP 2026 FINAL | FULL LIVE,BOBOLA TV,O Messi deve ter pensado: por que eu não afoguei aquela criança quando tive chance,negative,negative,negative,negative
UgxDdCvcA-HZVQL7EMJ4AaABAg,@OluwafamimadeAlara,Football,Scariest Moments In Football,Ninety,8:41 no need to blur 😂,positive,neutral,neutral,neutral
UgxHhF1mvRdwNR7qNqJ4AaABAg,@indonezziamerdeka,Football,Chelsea 0-1 Juventus | HIGHLIGHTS | Pre-Season 2026/27,Chelsea Football Club,Another mid table season again..hufftt bring back enzo maresca!!!,negative,negative,negative,negative
UgxudeMdc2qaoAvm3hd4AaABAg,@protonflux5766,Climate Change,2026 isn't breaking heat records - yet. El Nino is forecast to spike temperatures,Associated Press,"The climate is by definition a dynamic, evolving system. It will continue to change for the better or worse whether we want it to or not.",neutral,neutral,neutral,neutral
Ugx1flrOhhmUqQSEv5p4AaABAg,@Hammy712,Climate Change,"""It's clear to me that climate change is the single greatest threat to human security that we face""",Green Party of England & Wales,Wow look what happens when you put engineers and not businessmen and con artists in charge.,positive,positive,positive,positive
UgxgZCzSDlAXrU_V2qB4AaABAg,@PEdulis,Climate Change,Climate crisis is 'biggest threat since WW2': Is this hysterics or hard truth?,LBC,"You think man made climate change is wild?
Wait until climate changes humans!",negative,negative,neutral,negative
UgyvYk15M60ABhEJkjp4AaABAg,@chrishughes7627,Climate Change,Record heatwave 'impossible' without climate change #weather #heatwave #climatechange,ITV News,"Laura,tell the real reason our temperatures are increasing. Clear skies and lack of pollution, nothing to reflect the sun back into space,hence the sun is now like a super powered led light which you can no longer look at and its piercingly hot.
Even the Met are saying just this",negative,neutral,negative,negative
UgzpLX94iZNp-JuLHU94AaABAg,@Freemind-b4w,Climate Change,JUST IN: Sheldon Whitehouse And Ron Johnson Get Into Climate Change Debate On Senate Floor,Forbes Breaking News,"Yep, it surely has changed.  Winter's over - - we now have summer.
Instead of heeding the words of politicians and opportunists, listen to real scientists. 
A good earth science expert to start with to refute the alarmists is Dr William Happer.",negative,negative,negative,negative
UgzcxfEaaPdLv6w65tV4AaABAg,@ClimateAdam,Climate Change,Climate Change is Destroying Lives... Now,ClimateAdam,Huge welcome to all the new CliMates who have found this channel from Hank's! It's good to have you here 💚,positive,positive,positive,positive
UgyTNWzqe47NnYE3nad4AaABAg,@amiava4213,Climate Change,Climate Change Is Already Affecting Your Health. Here's What We Can Do.,Carnegie Endowment,"Isn’t this glorious?

India to Climate Cartel: Count Us Out! – ‘Explicit rejection of global net zero movement…has walked away from its bid to host UN’s COP33’

By Vijay Jayaraj

Excerpt: Sometimes a story gets buried not because editors conspire against it, but because the news cycle has room for only one crisis at a time. This year the big news has been the Iran war. But even accounting for competing headlines, the silence around a genuinely consequential development is telling.

And that is the story of India’s explicit rejection of the global net zero movement. India has walked away from its bid to host the COP33 UN climate conference, and the world’s climate press has treated it as a footnote rather than the signal it is.

India had spent years projecting a rising voice in the development of climate policy, and hosting a COP33 is the closest thing the bureaucracy has to a coronation. Then, quietly, without public explanation, India withdrew its offer. No press conference. No elaboration. Just a government stepping back from a role for which it auditioned for years.

The truth is India has run the numbers on the cost of a net-zero energy transition for a population of 1.4 billion climbing out of poverty, and it does not like what it sees. The notion that India should shackle its economy by adhering to restrictive climate policies, while its people still grapple with energy deficits, is illogical and morally indefensible.",positive,positive,positive,positive
Ugw9BwKNwPHslFO6TVd4AaABAg,@Grahzee1967,Climate Change,Climate change fueled the 2026 snow drought,9NEWS,"There is are no solutions, stop lying !!",negative,negative,negative,negative
UgwHCttDwRRV1-tHsUB4AaABAg,@OwnTwoFeetRecords,Climate Change,Climate change reality check,ABC News,Curse of the colonizers.,negative,negative,negative,negative
Ugx4iRg9EvIXp-leo5p4AaABAg,@zxhnglamm,Climate Change,Climate change: Are there too many people? - 6 Minute English,BBC Learning English,"Main idea
The video talks about climate change and the number of people in the world. Some people think a larger population causes more problems for the environment. The speakers discuss different ideas about this topic.
Key drivers
More people need more food, water, and energy. Because of this, factories produce more goods and vehicles use more fuel. These activities can increase pollution and make climate change worse.
My insight
I learned that climate change is a serious problem. Population growth is one cause, but human behavior is also important. I think people should take better care of the environment.


1. My carbon footprint became smaller when I rode my bike to school.
2. Scientists crunched the numbers to study climate change.
3. Many families enjoy modern conveniences such as air conditioners and washing machines.
4. Affluence has allowed many people to live more comfortably.
5. She looked apologetic after arriving late for the meeting.
6. Don't let your heart rule your head when making important decisions.",neutral,neutral,neutral,neutral
Ugx5R6XGizCcxIXT97p4AaABAg,@kurzgesagt,Climate Change,Do we Need Nuclear Energy to Stop Climate Change?,Kurzgesagt – In a Nutshell,"Head over to our shop to get exclusive kurzgesagt merch and sciency products designed with love. 
Getting something from the kurzgesagt shop is the best way to support us and to keep our videos free for everyone. 
►► http://kgs.link/shop-140
(Worldwide Shipping Available)",neutral,neutral,neutral,neutral
Ugxcl3t00uyUh-Kmalx4AaABAg,@sonyParida-j3z,Climate Change,Climate Change – MIND MAP ENVIRONMENT | Drishti IAS ENGLISH,Drishti IAS : English,❤,positive,positive,positive,positive
UgwAYiw1izwrlDac8vF4AaABAg,@moxiesaint-clare4257,Climate Change,1976 was an outlier. This isn't. ☀️ #summer #sun #climatechange #physics #nature,The Royal Society,"I remember building a snowman in the back garden 1978-1985 , stayed there for weeks. We had snow every winter  but it got less and less each year. Summers were warm 18-23 c wasn't until 97, 98 the tempreture started hitting above 30c.",neutral,neutral,neutral,neutral
UgwmdbR-J6qFkJWPyTZ4AaABAg,@MOliva-p5q,Climate Change,How climate change is changing hurricanes,The Weather Channel,It's not just that.  Where I'm at the have tornadoes every once in a while and I know that it's common for people to believe that trees are bad for that but it's not necessarily true.  When you have winds things like surface roughness effect how strong tornado can get or how far it will go.  That's why you see so many in the midwest where they only have cornfields.  Trees slow down the wind so that it doesn't wipe the whole state or county.  Plus in open fields you get hot air on the surface that create vortexes.  Like you always see birds circle fields to gain altitude.  They clear all of the trees and make a massive empty space full of hot roofs and asphalt.  They do the same thing with water and flash flooding.  They build massive housing developments now and the engineers just make stuff up.  The Civil Engineers don't do their water runoff work for real in detail.  Then when you get huge flooding or tornadoes they only blame global warming.,negative,negative,negative,negative
UgyN2_Kv0ZYD-Ii1v2V4AaABAg,@curtcarlson8312,Climate Change,“I’m F—-ing Terrified” - Economist REFUSED To Have Kids Over Climate Change,Valuetainment,He is arrogant and doesn't listen.  Totally insufferable.,negative,negative,negative,negative
UgxYlFuuWA8hug7Hnxl4AaABAg,@ДимаЮсупов-м2ч,Climate Change,Can wildlife adapt to climate change? - Erin Eastwood,TED-Ed,The middle part was so cool,positive,positive,positive,positive
UgzeQFq6N2PZ4tc91AZ4AaABAg,@CarryWater23,Climate Change,Cut for Time: Climate Change (Kumail Nanjiani) - SNL,Saturday Night Live,He needs to tell Trump that “Enough is Enough”,negative,negative,negative,negative
Ugwu-OAosXROUkPwH-F4AaABAg,@hegantetamboktyanak6368,Climate Change,"Climate Change: New Data, New Debate",Bulletin of the Atomic Scientists,"Until the power of love overcomes the love of power , we are stuffed",negative,negative,negative,negative
UgwZMCKfGLns1VWr27N4AaABAg,@EnglishSpeakingSuccess,Climate Change,How to talk about CLIMATE CHANGE in English,English Speaking Success,"😃 If you want to improve your English Fluency, try this: Fluency for IELTS Speaking, offer here: https://keith-speaking-academy.teachable.com/p/fluency-in-english/
👍If you are preparing for IELTS, try this: IELTS Speaking Success - Get a Band 7+, discount here: https://keith-speaking-academy.teachable.com/p/ielts-speaking-success-get-a-band-7
🤩 Bundle of 3 courses, with discount here: keith-speaking-academy.teachable.com/p/3-course-bundle
🎁  Download my free e-book: 10 MOST COMMON MISTAKES IN IELTS SPEAKING: https://keithspeakingacademy.com/sign-up-download-10-mistakes-fb/",neutral,neutral,neutral,neutral
UgyBHWQD6Xg2E93fczp4AaABAg,@jamieyoho2310,Climate Change,The Climate Crisis Is Coming for Your Food,"The World, The Universe And Us","Rather than instituting sweeping controversial policies regular people don't understand, why did no one suggest grassroots practices? The individual was subjected to useless propaganda about our own options, like the recycling lie or buying EVs. Why was there no focus on education and viable effective small scale practices? I was shocked to learn that eliminating grass lawns in favor of native plants has more environmental impact than buying an EV, as far as measurable results an individual can achieve. Why would this info be withheld in favor of less effective strategies?",negative,negative,negative,negative
Ugxo34_s5Y4cRdO6ep94AaABAg,@bbclearningenglish,Climate Change,Kids and climate change ⏲️ 6 Minute English,BBC Learning English,😊 Click here for a vocabulary list and a transcript: https://bit.ly/3WyL5zc,neutral,neutral,neutral,neutral
Ugxd9Sao9xlw-xv52bB4AaABAg,@datacoderX,Climate Change,The easiest climate change win ever,Simon Clark,"I love all these western experts and politicians that make money and seek fame and influence using fear and guilt-tripping westerners to introduce new taxes and  prepare the ground for others to sell them Chinese products because of  co2 licenses to save the climate.
While the emitters sit in Asia, pollute the world burning billions of tonnes of coal, making billions of dollars producing the goods, the west believes is buying to reduce c02 and fossil usage, helping Asia to grow their businesses and economies to rule the world, it’s a joke.",negative,negative,negative,negative
Ugz0fqkrhThudrf3l8V4AaABAg,@jefferylorance7988,Climate Change,'Climate Change': Scientists Warn Public as Extreme Weather Risks Intensify | Heatwave | El Nino,CNN-News18,"Can we change to lower world temperatures?
Or except the consequences!
Looks like excepting the consequences….we must learn to live with it…",negative,negative,negative,negative
Ugy2sP1sO6h5Ib2cc5N4AaABAg,@hexornest,Climate Change,Climate Change: How does it really work? | ClimateScience #1,ClimateScience - Solve Climate Change,Pseudoscience scam,negative,negative,negative,negative
Ugx2MSxDrWXn7iKOrMR4AaABAg,@waltervolkerbusse456,Climate Change,What Climate Science Actually Says vs. What You've Been Told It Says,Alliance for Responsible Citizenship,"The huge uncontrollable wildfires this week, put rather a different twist on his words. We need to lose  a MAJOR city, to impress on people what ignoring the symptoms means.",negative,negative,negative,negative
Ugx11seHXpdg5yudTCF4AaABAg,@T.Ammiraju-wk1yx,Climate Change,Climate Change Worksheets | 5th Class EVS Workbook Climate Change Worksheets | EVS New Syllabus,A2Z Academy,😅😢😢😢😢😢😂😮😮😮😮😅😅😅😊😊cchhg chh eg hi BK,neutral,neutral,neutral,neutral
UgxJ35Dp_3RpfXVk21B4AaABAg,@jubilee,Climate Change,Climate Change Activists vs Skeptics: Can They See Eye To Eye? | Middle Ground,Jubilee,"Hey Goodhumans! This was one of the most requested episodes we’ve had. It was also one of the toughest to tackle for our team, but deeply illuminating for us as well. We hope the same for you.

Here at Jubilee, we believe in the value of open & honest discussions in order to pave a path towards empathy and develop a better understanding of people with different perspectives. Capturing the complexity and deeper nuances of a topic in a short period is incredibly difficult. However, we hope this discussion can inspire you to dive deeper and spark your own conversations. We’d love to be a part of it and hear your own insights below, so please share 🙂",positive,positive,positive,positive
Ugz92yE2b4esEZ5h_354AaABAg,@lkenaa9038,Climate Change,Jeremy Clarkson says farming has given him a new perspective on the changing climate.,Times News,"The climate also changed in Joseph's time, there were 7 good years followed by 7 bad years.",neutral,neutral,neutral,neutral
Ugw7GQnitlXXaJXTghx4AaABAg,@AddiK-k5d,Climate Change,"Global sea levels could rise more than expected because of climate change, according to a new study",NPR,This is bad for the environment,negative,negative,negative,negative
UgwkaKuS9uJNseeZ_Uh4AaABAg,@colinmacdonald5732,Climate Change,Is climate change as bad for our health as COVID-19?,Simon Clark,Straight I can tell you that young people are NOT more susceptible to COVID.  And for every heat related death there are 5 to 10 cold deaths.  So no climate emergency then.,negative,negative,negative,negative
UgxCQpevK2hkFGGya4B4AaABAg,@redactedhistory,Climate Change,The Climate Crisis Is POLITICAL! #historyshorts #climatechange #history,Redacted History,What’s the hottest it’s gotten for you this summer?,neutral,neutral,neutral,neutral
UgzuAxqrKk1rKIU-9gp4AaABAg,@AcharyaPrashant,Climate Change,Climate Change is a Spiritual Problem || Acharya Prashant (2025),Acharya Prashant,"Full video : Don't blindly rush into 'good' deeds || Acharya Prashant (2019)

""Experience transformation EVERYDAY from the convenience of your home!
To learn more, kindly fill out the form: 
https://acharyaprashant.org/en/enquiry-gita?cmId=m00027
✨ Daily Live Sessions: Bhagavad Gita, Upanishads, Ashtavakra Gita, and World Philosophy.
✨ On-Demand Access: Enjoy 2,000+ hrs of past sessions at your convenience.
✨ Flexible Participation: Join online or in person—choose what suits you best.
✨ Regular Wisdom Exams: Strengthen your understanding with consistent assessments.
✨ Ask AP (AI): Get your answers anytime, anywhere.
✨ A Rare Opportunity: Meet Acharya Prashant and ask your questions in person!

Medium: Hindi, English | Online Zoom Session""",neutral,neutral,neutral,neutral
UgzGLRUEsvipwlnSwgF4AaABAg,@jareddempsey6570,Climate Change,Joe Rogan schools Bernie Sanders on climate change,News24,This aged well,negative,neutral,neutral,neutral
UgxPfWkJlklZzdp7Pp94AaABAg,@ShutterJunkie,Climate Change,Hotter heatwaves are a symptom of climate change,Dr Gilbz,That is an excellent graph.,positive,positive,positive,positive
UgyweTOejZ8HdFgtE8l4AaABAg,@DanH-u3f,Climate Change,"Climate change fueled Canada's wildfires, study says, as Trump blames mismanagement",Associated Press,Canada has done a terrible job with fire prevention and management.,negative,negative,negative,negative
UgzKvfqEyGiPK5SqyvF4AaABAg,@BBCWorldService,Climate Change,Is climate change fuelling diseases like Ebola? The Climate Question podcast - BBC World Service,BBC World Service,Click here to subscribe to our channel 👉🏽 https://bbc.in/3VyyriM,neutral,neutral,neutral,neutral
Ugz-FXM29DF7MQohrSJ4AaABAg,@J5productiins,Climate Change,2026 isn't breaking heat records - yet. El Nino is forecast to spike temperatures,Associated Press,Last I checked a recent rash of feral arsonist tweakers were starting most wildfires. Why aren't we talking about it?,negative,negative,negative,negative
UgyHYNJFxNDqHdkwWHN4AaABAg,@graceohalloran9513,Climate Change,"""It's clear to me that climate change is the single greatest threat to human security that we face""",Green Party of England & Wales,Finally someone talking some sense!!!,positive,positive,positive,positive
UgxiE4Nl5GUPqz7KJXF4AaABAg,@kerrymartyn2253,Climate Change,Climate crisis is 'biggest threat since WW2': Is this hysterics or hard truth?,LBC,It's the biggest crisis since 1887!,negative,negative,negative,negative
UgwSYaHowH-tgEWWX2d4AaABAg,@KingDavid_777,Climate Change,Record heatwave 'impossible' without climate change #weather #heatwave #climatechange,ITV News,"If climate change were real, banks & billionaires would never buy beach front properties that will inevitably be underwater.",negative,negative,negative,negative
UgyJudOsgthXJ-dejMV4AaABAg,@scottmiller8277,Climate Change,JUST IN: Sheldon Whitehouse And Ron Johnson Get Into Climate Change Debate On Senate Floor,Forbes Breaking News,"If you or a loved one suffers a loss from the rapidly increasing onslaught of ""500 year"" floods, storms, wild fires and other recurring severe weather events like we have never seen before—and you support and vote for politicians who deny climate change—then you have no one to blame but yourself.",negative,negative,negative,negative
UgwdqA9mDTGcozjS5MZ4AaABAg,@alistairclark4917,Climate Change,Climate Change is Destroying Lives... Now,ClimateAdam,So little science in this post.  Mostly just appeals to emotion.  Had high hopes of something interesting with the title and the hosts introduction.  It’s the first video I’ve seen from this guy.  Maybe I’m being a bit harsh as I can see he’s posted a lot more.  Is there a video in his back catalogue that describes his position on climate change and solutions that would better represent his scientific position.,negative,negative,negative,negative
UgyXAiY5IEQdVCcWe4x4AaABAg,@paulhotson5820,Climate Change,Climate Change Is Already Affecting Your Health. Here's What We Can Do.,Carnegie Endowment,"Around 2200 to 1900 BCE, an abrupt climate change caused a widespread megadrought (a drought lasting over 10 years) across the Mediterranean, west Asia, the Indus River Valley, and northeast Africa Europe.This megadrought is known as the 4.2-kiloyear BP (4,200 years before present) 
Just history repeating!",neutral,neutral,neutral,neutral
UgwCPC21hUiXlsYidN54AaABAg,@Grahzee1967,Climate Change,Climate change fueled the 2026 snow drought,9NEWS,"I am surprised  this did not happen a decade ago.
80% human  extinction  by 2030 is irreversible",negative,negative,negative,negative
UgznTsPrLHggmnvOEzt4AaABAg,@davidhales8799,Climate Change,Climate change reality check,ABC News,Well the un climate mob says that we've overplayed the climate scam.,negative,negative,negative,negative
UgxZ7sRzWdi8SFlc1V94AaABAg,@هدهد-ث2ز,Climate Change,Climate change: Are there too many people? - 6 Minute English,BBC Learning English,"I have an idea that could help large-scale ecological restoration using existing civil aviation routes.

Instead of randomly dropping seeds, commercial aircraft could be equipped with a dedicated seed-dispersal module containing multiple compartments. Each compartment would hold seeds of native tree species that are specifically selected for the ecosystems along the aircraft's route.

An AI-powered system connected to GPS and environmental databases could automatically determine the aircraft's location and release only the appropriate native seeds for that region, preventing the spread of non-native or invasive species.

Each seed could be enclosed in a biodegradable seed capsule made from clay, organic compost, gum arabic or natural tree resin, and recycled paper fibers. This protective capsule would shield the seed during its fall, retain moisture, and gradually decompose after rainfall, increasing the chances of successful germination.

To maximize success, seed release should not occur everywhere. Instead, it should be limited to approved restoration areas such as degraded lands, desert regions with seasonal rainfall, dry riverbeds, post-wildfire landscapes, or locations identified by satellite data as having adequate soil moisture.

Such a system would require cooperation between airlines, environmental scientists, governments, and conservation organizations. If implemented responsibly, every commercial flight could contribute to global reforestation and ecosystem restoration while ensuring that only native species are introduced into suitable habitats.

😊",positive,positive,positive,positive
UgxMt7q1qHdkJBwdlhd4AaABAg,@barekwentworth6623,Climate Change,Do we Need Nuclear Energy to Stop Climate Change?,Kurzgesagt – In a Nutshell,I wish all the ignorant people who bash nuclear energy would shut up and educate themselves.,negative,negative,negative,negative
UgwmcAQFJOLFal-8Sqx4AaABAg,@KssfKigg,Climate Change,Climate Change – MIND MAP ENVIRONMENT | Drishti IAS ENGLISH,Drishti IAS : English,Very high quality explanation.,positive,positive,positive,positive
Ugxfp17_3gw8ie_GPEl4AaABAg,@Cyrus-p9i,Climate Change,1976 was an outlier. This isn't. ☀️ #summer #sun #climatechange #physics #nature,The Royal Society,"Climate is about change across a massive arc of time.  Weather is anecdotal biases.  I remember 1976 too and it was overwhelmingly seen as positive, lovely to have a hot summer.  Sure the infrastructure was not up to it and a dozen other typically British issues but the public were positive.  Compare that to today where ever ounce of negativity can be extracted from a positive by the chicken lickens of the world, united in their clucking negativity.",negative,negative,negative,negative
UgzwoIxcMLHgTqWhEVl4AaABAg,@johnthomas1178,Climate Change,How climate change is changing hurricanes,The Weather Channel,I guess all those climate change protests are working. 😅😅😅 Its pretty quiet in 2025. Buncha weirdos.,negative,negative,negative,negative
Ugx45jh94_Po2uQNeJZ4AaABAg,@FrankWhyteDaDon,Climate Change,“I’m F—-ing Terrified” - Economist REFUSED To Have Kids Over Climate Change,Valuetainment,When we set out to make a shoe we chose a shoe most people cant afford,negative,negative,negative,negative
UgxOZim6IsQeUcGeZGJ4AaABAg,@alexmisajel6407,Climate Change,Can wildlife adapt to climate change? - Erin Eastwood,TED-Ed,"This video is very fun, I like it a lot | I watched all and did not skip | The middle part was so cool | This video is made very well | I want to show this to my friends | It is very easy to understand | The more I watch, the more I like it | I watched this two times | Now I understand it better | I wish this part was longer | I watched and forgot the time | This video is simple and nice | First time here and I like it | This is what I needed, thank you | I learned new things today | If you don’t know, just watch this | The voice is clear and easy | I agree with this video | I watch every new video | I like the ending the most | This video is very good | I watched again to understand | Anyone here late like me? | After watching, I want to try | This video should have more views | It is really worth watching | If you watch till the end, it is great | I hope there is part 2 | At first I was not sure, now I like it | This feels real and true | After watching, I feel happy | This video makes me smile | I like how simple it is | This is easy and fun to watch | I want more videos like this | This is very interesting | I like every part of this | This video is not boring at all | I enjoyed this a lot | I feel excited after watching",positive,positive,positive,positive
Ugx38N6IAEpU4fiPjrF4AaABAg,@Alg-0-Rhythm,Climate Change,Cut for Time: Climate Change (Kumail Nanjiani) - SNL,Saturday Night Live,"cut for time, best thing I've seen kumail in and a damn sight better than average sketches",positive,positive,positive,positive
UgzoPu_XHOxN_Ngs-C94AaABAg,@RidgeWalker-jw1rr,Climate Change,"Climate Change: New Data, New Debate",Bulletin of the Atomic Scientists,"Scientists just should present the worst case scenario and let the media freak out. It doesn't matter whether they publish conservative or moderate views on climate change, every oil executive and every politician in their pocket will push back, so just put out the worst case",negative,negative,negative,negative
UgxS-xkzq4h5d6WxK4R4AaABAg,@dcopkt11,Climate Change,How to talk about CLIMATE CHANGE in English,English Speaking Success,but his hair...,negative,neutral,neutral,neutral
Ugw5hnrleWcq9xkParN4AaABAg,@WilliamDickinson_,Climate Change,The Climate Crisis Is Coming for Your Food,"The World, The Universe And Us",Lost me on eat less meat and genetically engineer crops.,negative,negative,negative,negative
UgzV8ar4TJbFdZKD5O54AaABAg,@qjim16,Climate Change,Kids and climate change ⏲️ 6 Minute English,BBC Learning English,"5:00 - What a wonderful way to save the planet: skipping school. My next protest will be eating pizza every night, with recycled Coca of course 😂😂😂",negative,negative,negative,negative
Ugzyd1kIRPdywk_Kw0x4AaABAg,@Nils-xq3ql,Climate Change,The easiest climate change win ever,Simon Clark,maybe the core problem is capitalism itself,negative,negative,negative,negative
UgxKJRLAeXdHsj-KzVZ4AaABAg,@Debasmita623,Climate Change,'Climate Change': Scientists Warn Public as Extreme Weather Risks Intensify | Heatwave | El Nino,CNN-News18,You don't load every thing in computer,negative,negative,neutral,negative
UgyBnBpw9_v6sq7dWG94AaABAg,@Leah_Charles-9,Climate Change,Climate Change: How does it really work? | ClimateScience #1,ClimateScience - Solve Climate Change,Switching on the AC FOR making us cool but not the 🌎🌍,neutral,negative,neutral,neutral
Ugy52LudEs0HBuEWerZ4AaABAg,@PaulBeau-h7n,Climate Change,What Climate Science Actually Says vs. What You've Been Told It Says,Alliance for Responsible Citizenship,I love warm weather.,positive,positive,positive,positive
UgzVEt6Qbxt-EbPwZDN4AaABAg,@momchilandonov,Climate Change,Climate Change Activists vs Skeptics: Can They See Eye To Eye? | Middle Ground,Jubilee,8:10 makes no sense. Increase economic production yet keep the air safe?! That production based economy caused the climate change to begin with LMAO.,negative,negative,negative,negative
Ugxn2AX0wPjtJv4rOtx4AaABAg,@JanZamani,Climate Change,Jeremy Clarkson says farming has given him a new perspective on the changing climate.,Times News,Farmers are struggling with climate change yet all voting reform...,negative,negative,negative,negative
UgzYvwLI6rBRwoeoBHh4AaABAg,@chielsteel,Climate Change,"Global sea levels could rise more than expected because of climate change, according to a new study",NPR,Yes and global stupidity/ denierlevel is also rising.,negative,negative,negative,negative
UgyeBjKtySWo3z2i-xV4AaABAg,@Breatropolitan,Climate Change,Is climate change as bad for our health as COVID-19?,Simon Clark,"Hotter and wetter summers would mean more mosquitos.
And mosquitos alone would cost more human lives than heatstrokes from all heat waves.

For starters, imagine Europe having to worry about malaria outbreaks every summer.",negative,negative,negative,negative
UgxE3CY16HK4H2tiIC54AaABAg,@archimedes5543,Climate Change,The Climate Crisis Is POLITICAL! #historyshorts #climatechange #history,Redacted History,"I didn't realize you grew up in Cleveland. I live not far from Cleveland, the land of Perogies and Pink Flamingos. The city is celebrating it's 200th birthday.  We also had a supreme court case regarding racial discrimination in housing practices with the city's name on it. 

We aren't prepared for it.  After a decade we have the flooding somewhat under control, but it's only going to get worse.",negative,negative,negative,negative
UgzpHajIDPCMzYdEDnV4AaABAg,@Official_Yuvraj_Sharma,Climate Change,Climate Change is a Spiritual Problem || Acharya Prashant (2025),Acharya Prashant,🧡🤍💚,positive,positive,positive,positive
UgxLHJ2qKzieQCdQ2j94AaABAg,@GustavoAguilar-n9d1n,Climate Change,Joe Rogan schools Bernie Sanders on climate change,News24,"Buddy 475 million years ago we barely even had plants no wonder the climate was different 😂😂

Climate change us about the past 500-1000 years and the scale at which the earth is warming",negative,negative,negative,negative
UgyiGXgN119hUkp56kN4AaABAg,@markhooper5822,Climate Change,Hotter heatwaves are a symptom of climate change,Dr Gilbz,Yes fossil fuels everyone everywhere in the world 🌎 we use combustion engines 😔,negative,negative,negative,negative
UgwFdRmnu6imqQr7Ptt4AaABAg,@Beekind21another,Climate Change,"Climate change fueled Canada's wildfires, study says, as Trump blames mismanagement",Associated Press,The ONLY one that doesn’t know this is the idiot in the oval.,negative,negative,negative,negative
UgwRGIaagx4jlwqZpeB4AaABAg,@janetjenkins2674,Climate Change,Is climate change fuelling diseases like Ebola? The Climate Question podcast - BBC World Service,BBC World Service,you have ebola because pple are eating bush meat that hasnt been cleaned and refrigerated  for safe keeping,neutral,neutral,neutral,neutral
UgzU2XPRPJ2Mrpxg9i94AaABAg,@NatashaBezbrozh,Climate Change,2026 isn't breaking heat records - yet. El Nino is forecast to spike temperatures,Associated Press,Stop gaslighting people,negative,negative,negative,negative
Ugzd1veKIuwcjWVqEgx4AaABAg,@exiegelastweekgamer1571,Climate Change,"""It's clear to me that climate change is the single greatest threat to human security that we face""",Green Party of England & Wales,"Green Party talking some common sense about the climate crisis. Unlike Nigel ""Admitted to being in the Epstein Files"" Farage, who is paid for by the oil tycoons of the world, much like his idol, Donald ""Flew on Epstein's plane during his presidential run"" Trump.",negative,negative,negative,negative
UgwNEgwijTw6jAtxgqh4AaABAg,@pvmagnus,Climate Change,Climate crisis is 'biggest threat since WW2': Is this hysterics or hard truth?,LBC,Have you not seen the UK security report that outlines the fact it's an existential urgent emergency?,negative,negative,negative,negative
UgwwX-U0cEruyAgyG554AaABAg,@r.a.6459,Climate Change,Record heatwave 'impossible' without climate change #weather #heatwave #climatechange,ITV News,"Yet billionaires continue to fly in their private jets, emitting thousands of tons of methane into the atmosphere.

By 2100, expect +4°C warmer than preindustrial levels. By then, tens of millions of people would die every year from heat related events.

GREED will be the demise of our species.",negative,negative,negative,negative
UgwRBgxQhxOddzYXg3l4AaABAg,@bobd251,Climate Change,JUST IN: Sheldon Whitehouse And Ron Johnson Get Into Climate Change Debate On Senate Floor,Forbes Breaking News,Whitehouse is an idiot. Good God help us. He is a wind up talking point stooge..,negative,negative,negative,negative
UgyfdLEXDItaiobQiTp4AaABAg,@alistairclark4917,Climate Change,Climate Change is Destroying Lives... Now,ClimateAdam,Sounds like Japan has an aging population problem more than a climate problem.  Worth mentioning that more people die of cold than heat.,negative,neutral,neutral,neutral
UgwOFXekpFtqn3OzQMt4AaABAg,@RulgertGhostalker,Climate Change,Climate Change Is Already Affecting Your Health. Here's What We Can Do.,Carnegie Endowment,"sub-saharans are the cause of climate change.
and climate change is only a symptom of near term global starvation.",negative,negative,negative,negative
Ugyzl_7oXFoL7dMzxlJ4AaABAg,@EKwasme,Climate Change,Climate change fueled the 2026 snow drought,9NEWS,Maybe we should start cutting back on our water usage stop growing lawns golf course is shut down. Start flushing your toilet once or twice a day.,neutral,neutral,neutral,neutral
UgwaKz6HWaD1JmGWL6F4AaABAg,@RichardTavilla,Climate Change,Climate change reality check,ABC News,Scientist only get funding if they tow the party line it was always a hoax,negative,negative,negative,negative
UgzXCvZgSgox1AZsDaN4AaABAg,@paul5540,Climate Change,Climate change: Are there too many people? - 6 Minute English,BBC Learning English,We 2 legs astroids,neutral,neutral,neutral,neutral
UgwD2D5bQOT9vgFBJRN4AaABAg,@davidcanatella4279,Climate Change,Do we Need Nuclear Energy to Stop Climate Change?,Kurzgesagt – In a Nutshell,If humanity was responsible enough to handle nuclear waste then they'd be responsible enough not to make any. We're fucked because people are stupid and our planet is a daily growing toxic dump remaining toxic for over a million years. The future is absolutely hopeless because people can't think outside the box of this stupid culture.,negative,negative,negative,negative
UgzMk_mAWjCR8_5z_Ih4AaABAg,@VallukingMurading,Climate Change,Climate Change – MIND MAP ENVIRONMENT | Drishti IAS ENGLISH,Drishti IAS : English,I enjoyed the clarity of this video.,positive,positive,positive,positive
UgyA7Iry3n5snkcb_dx4AaABAg,@jeremytoms5163,Climate Change,1976 was an outlier. This isn't. ☀️ #summer #sun #climatechange #physics #nature,The Royal Society,"The one thing I’ve noticed is that winters are nowhere near as severe as in the 70s and 80s. They don’t seem to be as cold,just wet. Also,where the hell have all the insects gone? I rode motorbikes in the 70s and 80s and you had to clean your visor and helmet of insects after every trip. Now,be lucky to have one insect a month. Theres just not the swarms of flying insects that there used to be.",negative,negative,negative,negative
UgwzHMOEWs4NQ4YL7jV4AaABAg,@AliyahPacea-l5v,Climate Change,How climate change is changing hurricanes,The Weather Channel,Typhoon,neutral,neutral,neutral,neutral
Ugz8S5yx79leZwlt3KN4AaABAg,@FrankWhyteDaDon,Climate Change,“I’m F—-ing Terrified” - Economist REFUSED To Have Kids Over Climate Change,Valuetainment,This guys a looney toon,negative,negative,negative,negative
Ugw64axv61alWPy3h9x4AaABAg,@saguntum-iberian-greekkons7014,Climate Change,Can wildlife adapt to climate change? - Erin Eastwood,TED-Ed,"The population of some african elephants also, the tendency seems to be longer the tusks, the risker youl get hunter for ivory.
So new populations of elephants have shorter tusks",neutral,neutral,neutral,neutral
UgwYG9SzP8SQn4IOsFB4AaABAg,@StarsiegeMercenaries,Climate Change,Cut for Time: Climate Change (Kumail Nanjiani) - SNL,Saturday Night Live,8 years later... we're totally under water Woahhhh.,negative,negative,negative,negative
UgyrCcfoMQ3E3qIy0pd4AaABAg,@garnetnewton-wade4091,Climate Change,"Climate Change: New Data, New Debate",Bulletin of the Atomic Scientists,"WHY METHANE REDUCTION SHOULD BE A NATIONAL AND INTERNATIONAL PRIORITY
Executive Summary
Methane is responsible for approximately one-quarter of the warming the world is experiencing today. Although carbon dioxide remains the principal long-term driver of climate change, methane is a uniquely important target because it combines extraordinary warming power with a relatively short atmospheric lifetime.
Over a twenty-year period, methane traps more than eighty times as much heat as carbon dioxide. However, unlike carbon dioxide, which can remain in the atmosphere for centuries, methane breaks down after roughly twelve years. This means reductions made today can slow warming within years rather than decades.
The United Nations Environment Programme's Global Methane Assessment concluded that a 45% reduction in global methane emissions by 2030 could prevent approximately 0.3°C of warming by the 2040s. In climate terms, this is an enormous achievement and may represent one of the largest opportunities currently available to reduce near-term warming.
Why This Matters
The climate challenge is often presented as requiring sacrifices today for benefits many decades in the future. Methane is different.
Reducing methane emissions can produce measurable results within the lifetime of people alive today. It therefore represents one of the few climate policies capable of delivering both immediate and long-term benefits.
In practical terms, reducing methane emissions buys time:
• Time to continue decarbonising energy systems.
• Time to develop and deploy new technologies.
• Time to improve climate resilience and adaptation.
• Time to avoid crossing dangerous climate tipping points.
Current UK Position
The United Kingdom has already demonstrated success.
Since 1990, UK methane emissions have fallen by more than 60%, one of the largest reductions achieved by any major industrialised nation.
The UK is a signatory to the Global Methane Pledge, which seeks a 30% reduction in methane emissions by 2030.
The Environment Agency has introduced a Methane Action Plan, while the Government has published a national methane strategy addressing agriculture, waste management, and energy infrastructure.
Despite this progress, methane still accounts for approximately 14% of UK greenhouse gas emissions.
Opportunities for Further Action
Energy Infrastructure
Methane leaks from oil and gas production, storage, and distribution systems remain among the easiest emissions to address.
Modern technologies now allow leaks to be detected rapidly using satellites, drones, sensors, and infrared imaging equipment.
Many repairs pay for themselves because captured methane can be sold as fuel rather than being lost into the atmosphere.
Agriculture
Agriculture remains the largest source of UK methane emissions.
Opportunities include:
• Feed additives that significantly reduce methane production in cattle.
• Improved livestock breeding programmes.
• Better herd health and productivity.
• Enhanced manure management systems.
• Anaerobic digestion technologies that convert waste into energy.
Waste Management
Landfill sites remain substantial methane sources.
Additional reductions could be achieved through:
• Expanded landfill gas capture.
• Greater recycling rates.
• Increased composting.
• Improved monitoring of legacy landfill sites.
• Expansion of biogas recovery systems.
Economic Considerations
The cost of a comprehensive methane reduction programme would be significant but manageable.
Depending on ambition and scope, national investment could amount to several billion pounds annually.
However, this must be viewed against:
• Tens of billions of pounds in future climate-related damages.
• Reduced health costs resulting from improved air quality.
• Increased energy recovery from captured methane.
• Job creation in environmental technologies and infrastructure.
• Enhanced energy security.
Many methane reduction measures generate direct economic returns through recovered energy and improved efficiency.
International Leadership
Britain cannot solve climate change alone.
However, Britain has historically exercised influence disproportionate to its size by demonstrating workable solutions that others subsequently adopted.
If the UK develops a successful methane reduction strategy, it can use its diplomatic, scientific, and economic influence to encourage wider international action.
Potential avenues include:
• Working closely with European partners.
• Supporting the Global Methane Pledge.
• Expanding cooperation through the Climate and Clean Air Coalition.
• Providing technical expertise to developing nations.
• Supporting global methane monitoring systems.
A successful international methane initiative could become one of the most effective climate interventions of the twenty-first century.
Conclusion
Methane reduction is not a substitute for reducing carbon dioxide emissions. Both are essential.
However, methane represents a rare opportunity to achieve substantial climate benefits quickly, affordably, and using technologies that largely already exist.
If carbon dioxide reduction is the marathon required to stabilise the climate over the coming century, methane reduction is the sprint that can slow warming immediately and buy humanity precious time.
For that reason, methane reduction deserves to become a central pillar of British climate policy and a major focus of British international leadership.",positive,neutral,neutral,neutral
UgwBWN34W0GruuARmUN4AaABAg,@aimananton5839,Climate Change,How to talk about CLIMATE CHANGE in English,English Speaking Success,Do you have a Video Like this about the Topic Environment?,neutral,neutral,neutral,neutral
UgxsIyFb-WN-9h98knd4AaABAg,@definitelynotclickbait8283,Climate Change,The Climate Crisis Is Coming for Your Food,"The World, The Universe And Us","we must act now, the planet is burning",negative,negative,negative,negative
UgwI4p3G4w6P14jqjUV4AaABAg,@HenryYuna-k4c,Climate Change,Kids and climate change ⏲️ 6 Minute English,BBC Learning English,"It makes really sense when children are the people who scared most about the climate change.Obviously,they are the next generation and they really have to face what will happen in the future.So,if older people still destroying the climate,children have to face these undesirable consequences in the future.As a teenager,I also agree with them.",negative,negative,negative,negative
Ugx23uBtE8oAEq9AETZ4AaABAg,@Dexter01992,Climate Change,The easiest climate change win ever,Simon Clark,"""Oh nice, more efficient, less polluting method? Great!

It means we can ramp up production so that we pollute even worse than before!""",negative,negative,negative,negative
Ugxx5fqMiaK3kTQM-SR4AaABAg,@thetafia,Climate Change,'Climate Change': Scientists Warn Public as Extreme Weather Risks Intensify | Heatwave | El Nino,CNN-News18,😂😂😂,neutral,negative,positive,positive
Ugyw1K9FyCS6kQAPj3N4AaABAg,@hoanghelen3208,Climate Change,Climate Change: How does it really work? | ClimateScience #1,ClimateScience - Solve Climate Change,i like this vedio-child,positive,positive,positive,positive
UgyrUwSeeThdIi8PBRx4AaABAg,@Blackwater06,Climate Change,What Climate Science Actually Says vs. What You've Been Told It Says,Alliance for Responsible Citizenship,"When politicians are screaming at you that the ocean levels are rising, flooding of major cities is imminent, while simultaneously building multi-million dollar mansions on the ocean front.....you know what you're dealing with. How much power has been gained by those who push this? How much money has been made? We all know what this is.",negative,negative,negative,negative
UgyS5LM9fMHLUd9KnPt4AaABAg,@user-lg5cv,Climate Change,Climate Change Activists vs Skeptics: Can They See Eye To Eye? | Middle Ground,Jubilee,Climate activists vs. Fox News boomers,negative,neutral,negative,negative
Ugzc9aSG-kPiRLijc6l4AaABAg,@tobydstreet,Climate Change,Jeremy Clarkson says farming has given him a new perspective on the changing climate.,Times News,Perhaps the demons will stop using HARP and the other 21 weather modification stations around the world… not so many chemtrails the last few months 👌🏼,negative,negative,negative,negative
UgxxKwaJnQPJ4CtYZvl4AaABAg,@beth8775,Climate Change,"Global sea levels could rise more than expected because of climate change, according to a new study",NPR,"I remember the predictions 30 years ago that we wouldn't really see any of the effects in our lifetime. Then we discovered previously unknown feedback loops. There may still be more of those accelerating feedback loops. Even when new models show 20 years until xyz happens, I assume it will be sooner and probably more severe.",negative,negative,negative,negative
UgzxmXWzPPjKJsfEjV54AaABAg,@travcollier,Climate Change,Is climate change as bad for our health as COVID-19?,Simon Clark,"Some nuance on the mosquitoes...

Aedes albopictus (Asian tiger mosquito) can transmit Dengue, does not seem to be as good at it as Aedes aegypti.  However, it is quite invasive and loves biting humans.  

There are many places where albopictus is already common but Dengue isn't...  The virus itself replicates and transmits better in warmer temperatures.  There are places which are fine for the mosquitoes, but too cool for the virus to really take off.  So not only are the mosquitoes expanding their range, global warming is expanding the range where the virus thrives within those mosquitoes.",neutral,neutral,neutral,neutral
Ugw-8iHcMa3sE1k2VQx4AaABAg,@ohiocitydave,Climate Change,The Climate Crisis Is POLITICAL! #historyshorts #climatechange #history,Redacted History,Ohio city born and raised here. C-town love.,positive,positive,positive,positive
UgykUHsUFrqufF33HdN4AaABAg,@surajghagare1667,Climate Change,Climate Change is a Spiritual Problem || Acharya Prashant (2025),Acharya Prashant,💯💯💯,positive,positive,positive,positive
Ugzy62qc3VX0uSjFKnp4AaABAg,@SultansOfFilm,Climate Change,Joe Rogan schools Bernie Sanders on climate change,News24,"Damn, IQ in this Comment section is below zero. The fact that we are in a ""cool Period"" is the very proof that climate change exists, as the temperatures are the hottest ever recorded, even without a ""heat period"", that somebody can still call climate change a hoax in 2026 with the biggest Wildfires this Planet has seen is unbelievable",negative,negative,negative,negative
Ugy6_csNMzRHk2h0Z1R4AaABAg,@DH-tv2yw,Climate Change,Hotter heatwaves are a symptom of climate change,Dr Gilbz,"How much do we need to reduce C02 emissions to stop, but not reverse climate change?",neutral,neutral,neutral,neutral
Ugy9iZVv2-dnGvFwpYJ4AaABAg,@what163,Climate Change,"Climate change fueled Canada's wildfires, study says, as Trump blames mismanagement",Associated Press,"The largest polluter in modern history is the american oil industry and their military industrial complex.  Selling weapons, drill baby drill, arrogance and ignorance and an orange clown spewing tripe daily

Pathetic",negative,negative,negative,negative
Ugy9cW6Bvuv4hZGhXS94AaABAg,@HankusSpankus,Climate Change,Is climate change fuelling diseases like Ebola? The Climate Question podcast - BBC World Service,BBC World Service,When the sea is deoxygenated it produces huge amounts of anaerobic bacteria that will create new pathogenic disease .,neutral,negative,neutral,neutral
UgzguSHtEmYz2L8D1854AaABAg,@rkhitchUK,Climate Change,2026 isn't breaking heat records - yet. El Nino is forecast to spike temperatures,Associated Press,Heat waves are normal.  Natural climate change is normal.  Heat waves don't start fires.  Arsonists and lighting strike are the usual culprits.,neutral,neutral,neutral,neutral
Ugxb2jmrIrldcAi4vqd4AaABAg,@CarlCoates-c1u9g,Climate Change,"""It's clear to me that climate change is the single greatest threat to human security that we face""",Green Party of England & Wales,"Bob dole said the same crap , in the early nineties",negative,negative,negative,negative
UgxjjvB2yKN8oXQf_DJ4AaABAg,@pvmagnus,Climate Change,Climate crisis is 'biggest threat since WW2': Is this hysterics or hard truth?,LBC,Have you not seen the insurance industry report which highlighted the fact that up to 4 Billion people are likely to die?,negative,negative,negative,negative
Ugy0kDz5SJP8p4g0-4x4AaABAg,@vividius7951,Climate Change,Record heatwave 'impossible' without climate change #weather #heatwave #climatechange,ITV News,"Biggest causes of heatwaves...
Sunspots!",neutral,neutral,neutral,neutral
Ugz9E_zsEvko3V9lvI14AaABAg,@johnr.johnston5808,Climate Change,JUST IN: Sheldon Whitehouse And Ron Johnson Get Into Climate Change Debate On Senate Floor,Forbes Breaking News,Shouldn't Johnson be in jail for bilking Medicaid? Anyhow China is making a fool out of Ronny the shiny shill. China is way ahead because they recognize climate change and are dealing with it.,negative,negative,negative,negative
UgzxbIm0PjcZUTJB-ph4AaABAg,@alistairclark4917,Climate Change,Climate Change is Destroying Lives... Now,ClimateAdam,Life expectancy of an Indian has gone up over 30 years for individuals in the past 70 years.  Was 41 in the 50s now 71.  This coincides with cheaper more abundant energy.,neutral,neutral,neutral,neutral
UgxqtSYoLUWd3rK7nKF4AaABAg,@dr.dfargo2921,Climate Change,Climate Change Is Already Affecting Your Health. Here's What We Can Do.,Carnegie Endowment,I AM MORE WORRIED ABOUT BIG PHARMA THAN MOTHER NATURE. COMIRNATY IS THE TRUE FDA APPROVED VACCINE FOR COVID BUT WAS NOT AVAILABLE BEFORE 10 04/2023 TO GET EVERYBODY TO TAKE,negative,negative,negative,negative
UgwfvnMCZrZfyTzbbt54AaABAg,@amiava4213,Climate Change,Climate change fueled the 2026 snow drought,9NEWS,"Isn’t this glorious?

South Australians urged to consider occasional power outages to curb costs.

By Malcolm Sutton, the ABC

With yet another power price hike in the works this year, an energy technology expert warns South Australians may need to consider tolerating the occasional blackout for the sake of cheaper power.

Daniel Rossetto is an expert in global environmental and energy commodity markets at Adelaide University.

He called upon Australians to have a conversation about accepting less reliable energy, or making concessions elsewhere, if it wants to bring down utility prices with any meaningful impact.

People have unrealistic expectations of having electricity working all the time, just say, like we used to for most of the last century. The problem is that it will cost a fortune to have reliable back up power to cover every last contingency. (Because giant infrastructure will be sitting around all year doing nothing, just waiting for that half-hour when it’s needed. Who thought that would be cheap?).

Watch the pea here in the paragraph below — we used to have two of the three major priorities, then we added number three, and now we have none:

He said there were “basically three major policy priorities” when it came to energy, and it was currently impossible to achieve all three for electricity.

“One is affordability, another is sustainability, and third is security, or reliability,” he said.

Righto. So, it’s possible to have affordable electricity and reliable electricity but not (gasp) renewable energy at the same time? Well, why didn’t you just say so, and fifteen years ago would have been handy.

This is Olympic level spin:

“We end up prioritizing reliability by default, and sometimes also sustainability with renewables and things like that, without necessarily thinking about affordability,” Dr. Rossetto said.

“But are we prepared to tolerate a slightly slower pace of decarbonization on electricity in the name of less expensive energy? Or are we prepared to take little more outage time in exchange for lower prices?”

In the end, you must remember how you are always the problem but forget how you used to have affordable and reliable electricity…

Thus, the great renewable-energy transition continues: First, electricity becomes more expensive. Then, reliability becomes an optional luxury. And finally, the public is blamed for expecting the power system to do what power systems used to do.",negative,negative,negative,negative
UgwK87nkBtA8nuSeOjV4AaABAg,@JackBlack-ml4qw,Climate Change,Climate change reality check,ABC News,I can't get my head around how average citizens are so passionate about protecting our elist fossil fuel overlords. They're literally paying a premium to destroy the Earth and not getting anything in return other than more expensive gasoline than you would have paid otherwise under different administration.,negative,negative,negative,negative
UgzwEl7chKAQOAAXUlt4AaABAg,@OminaOktamova-j6b,Climate Change,Climate change: Are there too many people? - 6 Minute English,BBC Learning English,i think so  in my opinion there is not about climate because many countries like germany 10%of their people they don’t want to have a baby there is about india and some asia countries,neutral,neutral,neutral,neutral
UgyaiIKQZa7VqNaUL1h4AaABAg,@catahouligann6965,Climate Change,Do we Need Nuclear Energy to Stop Climate Change?,Kurzgesagt – In a Nutshell,It'd be cool if you revisited this today.,positive,neutral,positive,positive
UgxRuFQLoiaszECBe4B4AaABAg,@rishabhnegi1913,Climate Change,Climate Change – MIND MAP ENVIRONMENT | Drishti IAS ENGLISH,Drishti IAS : English,Not clear how it effect climate change,negative,negative,negative,negative
UgzoDcIU2pdOMGcytgV4AaABAg,@Autodidactme,Climate Change,1976 was an outlier. This isn't. ☀️ #summer #sun #climatechange #physics #nature,The Royal Society,Come to the comments to see morons argue with scientists on the royal society’s youtube channel! 😂,negative,negative,negative,negative
UgzwpcR5rUXgyQ3lFqF4AaABAg,@AliyahPacea-l5v,Climate Change,How climate change is changing hurricanes,The Weather Channel,Go ahead,neutral,neutral,neutral,neutral
UgzmmmnGdmcpX57zWZ54AaABAg,@denisdaly1708,Climate Change,“I’m F—-ing Terrified” - Economist REFUSED To Have Kids Over Climate Change,Valuetainment,The lack of education in the comments.  Earth is warming at 0.35C per decade.,negative,negative,negative,negative
UgyRzwwrsAiCHrVi7Id4AaABAg,@Noob-tg6ze,Climate Change,Can wildlife adapt to climate change? - Erin Eastwood,TED-Ed,Wildlife means wild life not wild animals.,neutral,neutral,neutral,neutral
Ugwv3ORhXh2t6ljt-1R4AaABAg,@bonjy3701,Climate Change,Cut for Time: Climate Change (Kumail Nanjiani) - SNL,Saturday Night Live,"I mean, it just makes sense.",positive,neutral,neutral,neutral
UgwXC48i5-wrWug5-Rd4AaABAg,@johns.7297,Climate Change,"Climate Change: New Data, New Debate",Bulletin of the Atomic Scientists,"As the saying goes, nothing fails like success; nothing  succeeds like failure. Also, for those who do take action against climate change, no good deed goes unpunished.",negative,negative,negative,negative
UgzesARR7tw3AYMpZ6B4AaABAg,@belhajsalemghofrane1108,Climate Change,How to talk about CLIMATE CHANGE in English,English Speaking Success,"Thank you. That""s  very helpful.",positive,positive,positive,positive
UgxYM_ODRqw_ytdibw14AaABAg,@diosteama2719,Climate Change,The Climate Crisis Is Coming for Your Food,"The World, The Universe And Us","Things are going to get ugly, even the bible mentioned the great famine, the stupidity and rage of the human race is going to clash with ourselves. We have to be prepared, buy a lot of canning food and storage some water just in case....",negative,negative,negative,negative
UgwugdIP1B4k4amwY554AaABAg,@AnnikaNygård-c6z,Climate Change,Kids and climate change ⏲️ 6 Minute English,BBC Learning English,Håller med dig kära föicka rädda planetwn vår😊❤,positive,positive,positive,positive
Ugwhiq1FnyKu7Egyta54AaABAg,@B0jangle5,Climate Change,The easiest climate change win ever,Simon Clark,Never thought I'd be watching a video of renowned science communicator Simon Clark liberating methane in Italy,positive,positive,positive,positive
UgxMdrdu1IogHY0zqGJ4AaABAg,@SGAFirefly,Climate Change,'Climate Change': Scientists Warn Public as Extreme Weather Risks Intensify | Heatwave | El Nino,CNN-News18,Don’t look up,negative,neutral,neutral,neutral
UgwgGLnvMpiKP_wDq5R4AaABAg,@terenceiutzi4003,Climate Change,Climate Change: How does it really work? | ClimateScience #1,ClimateScience - Solve Climate Change,"We have Changes in Solar radiance,  orbital excentisity,  and axial tilt that control our climate!",neutral,neutral,neutral,neutral
Ugx-H9murPh4AJqPBt54AaABAg,@meganholmes-v9c,Climate Change,What Climate Science Actually Says vs. What You've Been Told It Says,Alliance for Responsible Citizenship,"The earth could explode tomorrow it could bake, it could freeze. And we will all go with it. You won't know so why worry. HALF THE WORLD IS STARVING HALF THE WORLD IS SINKING WITH OBESITY. SOME PEOPLE ARE TOO HOT SOME PEOPLE TOO COLD. WHO REALLY CARES.",negative,negative,negative,negative
UgwQo4cEX_FmBydI9NB4AaABAg,@dantecro8022,Climate Change,Climate Change Activists vs Skeptics: Can They See Eye To Eye? | Middle Ground,Jubilee,its wild this was 6 years ago,neutral,neutral,neutral,neutral
Ugw-lyT1JJ1xAy8baS94AaABAg,@sobeit1927,Climate Change,Jeremy Clarkson says farming has given him a new perspective on the changing climate.,Times News,Spraying the heck out our Skys has the intention of changing our weather so it’s no surprise that the weather has changed. What we don’t know is what the weather would be like if we weren’t doing this.  Man made climate change really is a thing it seems.,neutral,negative,negative,negative
UgzGuQ12mtwJ4Dag79h4AaABAg,@jandavies4400,Climate Change,"Global sea levels could rise more than expected because of climate change, according to a new study",NPR,What a load of bullshit another fear mongering technique to control the masses,negative,negative,negative,negative
Ugx01TRP5O1fLDU8OsV4AaABAg,@swordzanderson5352,Climate Change,Is climate change as bad for our health as COVID-19?,Simon Clark,"Not just a health crisis. It's also a financial crisis, an environmental crisis, a quality of life crisis, and - if we keep going - eventually an existential crisis.

And it starts with the parasites that are billionaires being less of a c-bomb.",negative,negative,negative,negative
UgwiUYSH66Xph3XZ9th4AaABAg,@killercutie,Climate Change,The Climate Crisis Is POLITICAL! #historyshorts #climatechange #history,Redacted History,"I live in Florida on the Space Coast, so we’re used to extremely hot and humid summers, it’s the winter and hurricane season that really have me worried. We’ve been getting colder and colder winters with more frequent flash freezes/frosts. This past winter, all my mom’s tropical plants ended up dying in the flash freeze, which is insane 😭😭😭. Hurricane season is coming up and we’ve already been having pretty bad summer storms, I can’t imagine things are gonna get better. I live like, 20 to 30ish minutes from the coastline itself but my bigger concern is that my neighborhood is a nature reserve with several bodies of water and our roads are not built to handle extreme flooding.",negative,negative,negative,negative
Ugydec-7ketnlXSszUd4AaABAg,@AnujTiwari-r7r,Climate Change,Climate Change is a Spiritual Problem || Acharya Prashant (2025),Acharya Prashant,The only solution of climate change is spritual solution because it is caused human and human disturb mindly so need spritual solution.,neutral,neutral,neutral,neutral
UgwsCNPDU7eMDsQCmmJ4AaABAg,@Jonathan-mg3yn,Climate Change,Joe Rogan schools Bernie Sanders on climate change,News24,Joe doesnt read the article,negative,negative,negative,negative
UgxDpWvmkhGY_o9S9Td4AaABAg,@trs4u,Climate Change,Hotter heatwaves are a symptom of climate change,Dr Gilbz,"I made a little series, just for fun, called ""Mars New Albion"" which deliberately played on how nice we could make living on Mars, in the best possible case. It would obviously be awful compared to any conception of an earthly paradise, and in my mind the living-in-a-lifeboat awfulness of it was part of the humour, but I'm not sure it was obvious to anyone. Now I think it might not be a bad prototype for projects on this planet. Biosphere collapse could happily more suddenly than we can cope with. We can wait a while for our living room aircon to be installed, but the motivation for it is yesterday's extreme. Tomorrow's extreme might need something we just can't get so quickly.",negative,negative,negative,negative
Ugy74n2vbgmaR9TrU1l4AaABAg,@violantederojas6188,Climate Change,"Climate change fueled Canada's wildfires, study says, as Trump blames mismanagement",Associated Press,Demento knows nothing about Forest Management.  He doesn't know anything about how climate change IS a thing.,negative,negative,negative,negative
UgyAXjM6lDG3uzlVP4V4AaABAg,@Healitnow,Climate Change,Is climate change fuelling diseases like Ebola? The Climate Question podcast - BBC World Service,BBC World Service,"Do not use chlorinated water or chlorinated cleaning chemicals for any reason. Chlorine can destroy up to 50% of the human immune system. Take your chlorine free water and add a quarter TSP of aluminum free baking soda to each quart or liter of water and drink a lot of this. The alkalinity and purity of the water act as a natural body flush, and the health benefits of this can be enormous. 


Now take Astragalus, Immune 7, and Olive Leaf 15%, at a dosage of 1 of each, 2 times daily for general immunity, or up to 1 of each 12 times daily if an epidemic is next door, or if something is coming on. I usually kill almost anything in less than one hour by taking one of each every 15 min for one hour. 



You can buy these at most well stocked health food stores. This will slow or stop anything germ or viral-based. I know as I have used it for years. 



These herbs are much more powerful when the body is chlorine free. Bathe in, cook with, and drink pure chlorine free water only. In fact, adding a level 1/4 TSP of aluminum free baking soda per quart or litre will alkalinize the water, making it more effective against all disease. 



 This is more effective and powerful than the coved vaccines, and side effect free. I used this only, never got vaccinated, and went through two years of coved in my 70s without even a hiccup, doing exactly what I have above.",neutral,neutral,neutral,neutral
UgyhqmWRURr5Zyn4LaB4AaABAg,@farmerinthedell7,Climate Change,2026 isn't breaking heat records - yet. El Nino is forecast to spike temperatures,Associated Press,You aren’t taking into account all the volcanic activity that has gone on this year. Report everything.,negative,negative,negative,negative
Ugysc6dzzEg8ilzHyet4AaABAg,@ONEisN0THING,Climate Change,"""It's clear to me that climate change is the single greatest threat to human security that we face""",Green Party of England & Wales,"Everybody wants to be ignorant till the water wars kick off.

Oil barons won't hand over their empire of capital without a struggle",negative,negative,negative,negative
Ugy48jc5qvppgpPrCMF4AaABAg,@pvmagnus,Climate Change,Climate crisis is 'biggest threat since WW2': Is this hysterics or hard truth?,LBC,"He's not being hyperbolic. Was WW2 an issue before bombs were being dropped on their beds. Er yes. Planet is literally on the verge of running out of food. This stuff is happening almost every year now. It is literally getting to the end of civilization as we know it. 

You surely must see this overall trend.",negative,negative,negative,negative
UgziEZ68z2Rsiprhsxp4AaABAg,@adriandavis9075,Climate Change,Record heatwave 'impossible' without climate change #weather #heatwave #climatechange,ITV News,At this rate in another 25 years Jesus Christ,negative,negative,negative,negative
UgwIO8CcpzSKFJMa8iJ4AaABAg,@NormanMay-y2z,Climate Change,JUST IN: Sheldon Whitehouse And Ron Johnson Get Into Climate Change Debate On Senate Floor,Forbes Breaking News,"With the priced of fossil fuels going thru the roof, electric power grows in demand and research makes it viable. Electricity travels without using fossil fuels, we just need more clean generation. Trump may have pushed through a change without seeing it coming.",positive,positive,positive,positive
Ugw2c6fDioOeDGfNg8t4AaABAg,@transplantman,Climate Change,Climate Change is Destroying Lives... Now,ClimateAdam,"It is BANANAS that Elon Musk is going on TV talking about NPOs “filling in the gaps” of government action that HE defunded, instead of funding communities in his own country to make up for government action.",negative,negative,negative,negative
UgwNq4cC4kvf9Mvxwfl4AaABAg,@Jeb-o9w,Climate Change,Climate Change Is Already Affecting Your Health. Here's What We Can Do.,Carnegie Endowment,"Anything with the name Carnegie attached to it is complete and udder bullshlt! Same goes for Morgan, Stanley, Rockefeller, and Chase!",negative,negative,negative,negative
UgzCzVWuFm5FqNa8Fed4AaABAg,@gamingtonight1526,Climate Change,Climate change fueled the 2026 snow drought,9NEWS,"Shows a lawn being cut by a PETROL machine. Humans are so stupid, there is no way civilization will survive the next decade!",negative,negative,negative,negative
UgzJwmAS1cDrUIk9qZ94AaABAg,@amiava4213,Climate Change,Climate change reality check,ABC News,"How do I know that the climate *crisis* is a scam? Here are five reasons:

1️⃣ None of the politicians, celebrities, or “scientists” yammering about it have altered their lifestyles an inch. If they opted to forgo using O&G products, then I’d take them seriously. Actions speak louder than words.

2️⃣ Climate conferences aren’t being held virtually on Zoom using their large meeting extensions. It’s doable, they just choose not to. They like to fly overseas to lecture us about reducing our “carbon footprint” all the while they do nothing to lower their own.

3️⃣ Wealthier alarmists are still living on or buying oceanfront property. If ocean levels were really rising at a catastrophic rate (as opposed to the gradual increase that is actually occurring), then they would move inland and banks would not approve loans.

4️⃣ Alarmists rarely, if ever criticize China and India, and they always come up with all sorts of wonderful excuses as to why those nations get a free pass to continue emitting so-called “carbon pollution.” 

5️⃣ The only solutions they offer involve increased governmental power. Higher taxes. EV mandates. Restrictions or bans on the energy sectors they don’t like.

And, as an added bonus, no real-world data proves, much less suggests that we are facing an “existential crisis.” Even the IPCC doesn’t use such rhetoric because it isn’t based on science.

I don’t deny that climate change exists.

It always has. And, I don’t even deny that at least some of the increase in temperatures is anthropogenic.

But I just don’t care because it isn’t that big of a deal.

Extreme weather cannot be taxed away. Our vulnerability will continue to increase so long as we build in disaster-prone areas.

Politicians cannot take our wallets and set a thermostat on the planet.",negative,negative,negative,negative
UgzqKvMfVDUz9wo1DXd4AaABAg,@Asqusjismedu25,Climate Change,Climate change: Are there too many people? - 6 Minute English,BBC Learning English,"VOCABULARY IN “climate change: are there too many people” 1. Carbon footprint: measurement of how much carbon dioxide is produced by someone's everyday activities 2. Controversial: causing disagreement or discussion: 3. Soared: to rise very quickly to a high level 4. Astonishing: very surprising 5. Crunch number: perform many mathematical calculations involving large amounts of data and numbers 6. Mod cons: technology and machines like cars, washing machines, air-conditioning, and fridges which make life easier and more pleasant 7. Reckon: to calculate an amount 8. Affluence: having lots of money or owning many material possessions 9. Derive: to get something from something else 10. let your heart rule your head (idiom) do something based on emotion or personal desires rather than for logical or practical",neutral,neutral,neutral,neutral
UgzDltgsU4LN8xmMtxJ4AaABAg,@ramirodelcastillo3794,Climate Change,Do we Need Nuclear Energy to Stop Climate Change?,Kurzgesagt – In a Nutshell,And we can also plant more trees and stop deforestation and excessive buildings that destroys nature alongside it. I wish you were my hs science teacher.,positive,positive,positive,positive
UgxCg-llpiQHa1jIkid4AaABAg,@NazarAliRind-jr3ge,Climate Change,Climate Change – MIND MAP ENVIRONMENT | Drishti IAS ENGLISH,Drishti IAS : English,Good,positive,positive,positive,positive
Ugz0c9RZLwX25Hquxeh4AaABAg,@oliverduke1173,Climate Change,1976 was an outlier. This isn't. ☀️ #summer #sun #climatechange #physics #nature,The Royal Society,"Muh Anecdotal Evidence. 
Learn about the Roman Warm Period, not a lot of fossil fuels burned back then.",negative,negative,negative,negative
UgwionbEOMO6FbuWM2l4AaABAg,@mellow_swiftt.,Climate Change,How climate change is changing hurricanes,The Weather Channel,0:33,neutral,neutral,neutral,neutral
UgxUt1RxBSqp0qycDhp4AaABAg,@pedroortiz4506,Climate Change,“I’m F—-ing Terrified” - Economist REFUSED To Have Kids Over Climate Change,Valuetainment,Current Academia produces the most informed fools in history. This guy is has not looked at climate facts. He's been given approved narratives and has not looked at ANY LONG TERM (before 1800s) DATA.,negative,negative,negative,negative
UgxURd4dyt_A-HqJMax4AaABAg,@chytryvigor6322,Climate Change,Can wildlife adapt to climate change? - Erin Eastwood,TED-Ed,nice,positive,positive,positive,positive
Ugz-oABRhsA5ri3CGXl4AaABAg,@jennifermunoz9758,Climate Change,Cut for Time: Climate Change (Kumail Nanjiani) - SNL,Saturday Night Live,Beck kind of looks like a young Richard Grieco in his headshots,neutral,neutral,neutral,neutral
Ugz54F9V4wzu_Hi2wcZ4AaABAg,@ericberger1000,Climate Change,"Climate Change: New Data, New Debate",Bulletin of the Atomic Scientists,Thanks for setting the record straight!,positive,positive,positive,positive
UgxDfgVmdx0U385ouwd4AaABAg,@rodmartin-nl8ns,Climate Change,How to talk about CLIMATE CHANGE in English,English Speaking Success,"Hey l  am english in Chinese please 
MAKE MORE SENSE HEHE",neutral,neutral,negative,neutral
Ugzr4MPh4_gUxjplko14AaABAg,@LoisMoli,Climate Change,The Climate Crisis Is Coming for Your Food,"The World, The Universe And Us","His Majesty the current King, had the right idea and set a good example with Highgrove (about sustainability) and the whole country should have woken up and taken notes! -Lois, Paramount Chief of New Zealand.",positive,positive,positive,positive
Ugw01LBwhp4wTDM2CyZ4AaABAg,@IsmailHossain-h1x,Climate Change,Kids and climate change ⏲️ 6 Minute English,BBC Learning English,I'm from Bangladesh,neutral,neutral,neutral,neutral
UgxVjuCQXZO6PNQZuuF4AaABAg,@TimothyWells-kw1jj,Climate Change,The easiest climate change win ever,Simon Clark,"Climate change is not a problem.
In fact, it has been net beneficial.
Warming has been good for animals and extra CO2 has been good for plants.
Despite 50 years of climate change, and all the dire predictions made about it, the world continues to get healthier and wealthier and safer all the time",positive,positive,positive,positive
Ugybeqw3pmNjLvg25pF4AaABAg,@lieslies3944,Climate Change,'Climate Change': Scientists Warn Public as Extreme Weather Risks Intensify | Heatwave | El Nino,CNN-News18,No Nesecitamos todo eso para saber lo que nos pasará. Están de broma?. Ya lo estamos sufriendo. Mejor centrarse en que vamos a hacer.,negative,negative,negative,negative
UgxfhjpWOpRnNsZMCkd4AaABAg,@terenceiutzi4003,Climate Change,Climate Change: How does it really work? | ClimateScience #1,ClimateScience - Solve Climate Change,"There are many orbital, axial, and solar radiance cycles that drive them! I remember the fraudster David Suzuki once saying that solar radiance on ly series 10 percent! So with out it the earth would be -273 C so a 10% variation would drive a 28 degree mean temperature variation evey 11 years i have not seen 5 global ice-ages in my lifetime so it is aperrent the alarmist don't have a clue about the Bull shit they  are spreading!!!!",negative,negative,negative,negative
UgzjwnZlMiYAguNMrUt4AaABAg,@metaldrumrecords7890,Climate Change,What Climate Science Actually Says vs. What You've Been Told It Says,Alliance for Responsible Citizenship,"You should consider consulting what actual scientist have to say, such as NASA.  This is taken from NASA's website ""Earth's warming climate is amplifying wildland fire activity, particularly in northern and temperate forests. When fires ignite the landscape, NASA’s satellites and instruments can detect and track them. This information helps communities and land managers around the world prepare for and respond to fires, and also provides a rich data source to help scientists better understand this growing risk.""  In the future, before you start preaching to someone, try to learn something about the subject.",negative,negative,negative,negative
UgzT3Cr69L8dfpUQuX54AaABAg,@natiajavakhishvili8517,Climate Change,Climate Change Activists vs Skeptics: Can They See Eye To Eye? | Middle Ground,Jubilee,"It's interesting to observe how, when an epidemiologist who is skeptical of climate change defends certain pro-climate ideas, this groupd members are nodding, yet when climate activists present the same ideas, that same group resists.",neutral,neutral,neutral,neutral
UgybPj3fyN4KSURhAT54AaABAg,@stuartbaines2843,Climate Change,Jeremy Clarkson says farming has given him a new perspective on the changing climate.,Times News,"So now mr clarkson understands a tiny amount of climate change impacts 😂
Hilarious thanks",negative,negative,negative,negative
UgzYY1tJE7np4T7xUAl4AaABAg,@david89732,Climate Change,"Global sea levels could rise more than expected because of climate change, according to a new study",NPR,Maybe we should take it seriously when Obama and other rich liberals stop buying beach front property,negative,negative,negative,negative
Ugx13nUt8FjYN03PIqh4AaABAg,@FelipeKana1,Climate Change,Is climate change as bad for our health as COVID-19?,Simon Clark,Ooo covid well seen like a kid joke when the worst of the climate heating hits,negative,negative,negative,negative
UgzLy0YU_wZDnddffGh4AaABAg,@poohfan2011,Climate Change,The Climate Crisis Is POLITICAL! #historyshorts #climatechange #history,Redacted History,"Hampton Roads, Va. The heat ""index"" hit 110° this year. And definitely not built for this shit",negative,negative,negative,negative
UgxFLz9f3p8Pzh-svqt4AaABAg,@kakoaris,Climate Change,Climate Change is a Spiritual Problem || Acharya Prashant (2025),Acharya Prashant,🙏,positive,positive,positive,positive
Ugw9CBWecobthe1JSyR4AaABAg,@Jonathan-mg3yn,Climate Change,Joe Rogan schools Bernie Sanders on climate change,News24,Joe is stupid enough to misunderstand a graph.Such a trashtalker,negative,negative,negative,negative
Ugx4AkqBD_lTy2zjQ_R4AaABAg,@peterp5099,Climate Change,Hotter heatwaves are a symptom of climate change,Dr Gilbz,"If we started burning fossil fuels around 1850, and the temperatures didn’t start to rise significantly until about 1980, does that mean the climate reaction time is around 130 years? That would mean the climate change is already set in stone for the next 130 years, and whatever we do today will have no effect until about 2156?",neutral,neutral,neutral,neutral
UgxPe9UZQO9TCF-6o6p4AaABAg,@dianac2498,Climate Change,"Climate change fueled Canada's wildfires, study says, as Trump blames mismanagement",Associated Press,"It’s shocking this isn’t more evident to everyone.  It’s 3rd grade stuff, yet we can witness the danger of people seeing what they want to see rather than seeing reality.   We use mice to study human behavior for a reason - and we know what happens to them when resources get gobbled up like there is no tomorrow and environments become more stress filled.    We are capable of so much,  yet can’t outperform a basic parasite or mouse when it comes down to it.  Just another species passing through time on this rock.",negative,negative,negative,negative
UgzvawzCoQrUQ_8yrDh4AaABAg,@anamariacarvalho6738,Climate Change,Is climate change fuelling diseases like Ebola? The Climate Question podcast - BBC World Service,BBC World Service,"First thr vegetatiob us take, than immeduatily thr biodiversidade  than The vegeyarian animais  de  and animais like bate, butterfly, and birds fall",neutral,negative,negative,negative
UgxJYk4z-vni_6iIuZ54AaABAg,@andrewgraves4026,Climate Change,2026 isn't breaking heat records - yet. El Nino is forecast to spike temperatures,Associated Press,Sadly you can’t use science to persuade people who will not be persuaded with science!,negative,negative,negative,negative
UgxMqrB805h-29YAHnJ4AaABAg,@Gph0367,Climate Change,"""It's clear to me that climate change is the single greatest threat to human security that we face""",Green Party of England & Wales,"ZACK, GET INFLUENCERS/CELEBRITIES TO JOIN THE GREEN PARTY AND ENCOURAGE THEIR MILLIONS OF FOLLOWERS TO DO THE SAME. WE NEED TO GROW THE PARTY SO LARGE THAT ITS IMPOSSIBLE TO IGNORE US",positive,neutral,positive,positive
UgyEAbgI_ZS5C_arNqR4AaABAg,@DavidWells-g6w,Climate Change,Climate crisis is 'biggest threat since WW2': Is this hysterics or hard truth?,LBC,"Yawn...""trust the science"" COVID.....yup....a new crisis.....",negative,negative,negative,negative
UgxH7pB8wQIdjx0hLF94AaABAg,@Dale-o2s,Climate Change,Record heatwave 'impossible' without climate change #weather #heatwave #climatechange,ITV News,"Being completely unbiased 

No one can deny the weather has been very hot recently and changes in the climate are clearly evident but it also makes you wonder with all this heat Europe is currently experiencing why will numerous northern US states experience very high amounts of snow for independence day the 4 of July is this something we should also be very concerned about also as this isn't a normal weather patten either for the US states at this time of the year",negative,neutral,negative,negative
Ugx_S9LIl_zQyh8dZb94AaABAg,@maryrobinson6688,Climate Change,JUST IN: Sheldon Whitehouse And Ron Johnson Get Into Climate Change Debate On Senate Floor,Forbes Breaking News,Maybe the next time a tornado comes through it'll be around your area and how will you feel if you don't get out in time,negative,negative,negative,negative
UgxuKaBSl00guY8vSRV4AaABAg,@HopyHop1,Climate Change,Climate Change is Destroying Lives... Now,ClimateAdam,"Have you read, ""Slaying the Sky Dragon: Death of the Greenhouse Gas Theory""?",neutral,neutral,neutral,neutral
UgwU0--oAnVtKF7Y9N14AaABAg,@bullh7414,Climate Change,Climate change fueled the 2026 snow drought,9NEWS,welcome to the Permian period. You won't like what you see!,negative,negative,negative,negative
UgwuXdCGLVUbiXANn4h4AaABAg,@katrinamillings3651,Climate Change,Climate change reality check,ABC News,"Give up AI. If you need it to create your art, you aren't an artist. If you use it, don't complain about the conservatives and their oil companies. It's nothing compared to what AI will destroy.",negative,negative,negative,negative
Ugzl8mCTpqSWmCbuUZh4AaABAg,@anjalimishra2,Climate Change,Climate change: Are there too many people? - 6 Minute English,BBC Learning English,There is anyone from usa,neutral,neutral,neutral,neutral
Ugz129cekLQ5qenvVXh4AaABAg,@shrimpfry880,Climate Change,Do we Need Nuclear Energy to Stop Climate Change?,Kurzgesagt – In a Nutshell,cant spell nuclear without clear,positive,neutral,neutral,neutral
Ugyt6lFVYn09fpMfNSB4AaABAg,@caboguide,Climate Change,Climate Change – MIND MAP ENVIRONMENT | Drishti IAS ENGLISH,Drishti IAS : English,Climate change is happening on all planets and the reason is not good. Why do you think the elites are building bunkers? Are you prepared? Receipts found at SpaceWeatherNews (S0).,negative,negative,negative,negative
UgxQ-B9owr8FKqsNzrF4AaABAg,@Stu9395,Climate Change,1976 was an outlier. This isn't. ☀️ #summer #sun #climatechange #physics #nature,The Royal Society,"We ALWAYS had hot summers back in the 70s and 80s, so hot it would melt the tar on the pavement so your one year of hot weather argument is false. Why didn’t it take too long to change your GLOBAL WARMING statements. ?",negative,negative,negative,negative
UgwZLDrpYepT0fZei4l4AaABAg,@zzizek,Climate Change,How climate change is changing hurricanes,The Weather Channel,"all ok. but climate scientist wearing a new suit and a tie in this video ... elite lifestyle supporting consumer Amazon lifestyle that does excstly that! -  

 Truth: A single expensive outfit can represent the drinking water needs of an entire person for years — diverted to serve vanity and status.

The global fashion supply chain is responsible for up to 10% of global CO₂ emissions, more than aviation + shipping combined (UNEP).

How This Connects to Climate Change
Each luxury suit represents a network of:

Carbon emissions (transport, energy, fossil-fuel-based dyes)

Water depletion (fiber, dyeing)

Biodiversity loss (deforestation for sheep grazing or cotton)

Human injustice (cheap labor for rich consumption)

This system is not just ""wasteful"" — it's part of the machine driving ecological collapse.",negative,negative,negative,negative
UgzlAw1ecSigxModQqJ4AaABAg,@JimV-oi4ph,Climate Change,“I’m F—-ing Terrified” - Economist REFUSED To Have Kids Over Climate Change,Valuetainment,This guy is insane.,negative,negative,negative,negative
UgxrbIr4-5iYdFfbNC14AaABAg,@NidaHabla,Climate Change,Can wildlife adapt to climate change? - Erin Eastwood,TED-Ed,Ted Ed the educational videos fun to watch,positive,positive,positive,positive
UgwQDeUufoppbfBNBDx4AaABAg,@justinkrann7406,Climate Change,Cut for Time: Climate Change (Kumail Nanjiani) - SNL,Saturday Night Live,Thats way too much,negative,negative,negative,negative
Ugx8pnekAhZt5PQ2nq14AaABAg,@robinwcollins,Climate Change,"Climate Change: New Data, New Debate",Bulletin of the Atomic Scientists,Very happy to hear Mann contemplating SRM geoengineering now.,positive,positive,positive,positive
UgxH2uTgrFoQ5mRgUbt4AaABAg,@vivekghelani6458,Climate Change,How to talk about CLIMATE CHANGE in English,English Speaking Success,🌳🙏💯,positive,positive,positive,positive
UgwvsuMwv00TRjo0Tyh4AaABAg,@joshpeachey2230,Climate Change,The Climate Crisis Is Coming for Your Food,"The World, The Universe And Us",Nz meat is grown on grass which is all our hill country can really produce other than trees.,neutral,neutral,neutral,neutral
UgyDbD2j966K_RFvr3N4AaABAg,@lahmerali7652,Climate Change,Kids and climate change ⏲️ 6 Minute English,BBC Learning English,Superbe ❤️❤️❤️🌹,positive,positive,positive,positive
UgzNr13xTt7vtcJDgs54AaABAg,@cofiecoffcoff4287,Climate Change,The easiest climate change win ever,Simon Clark,How is this a question? The Landfills need to be removed 100 percent and big companies that keep chugging out unsellable product in exorbitant amount need to be punished so the landfills won't return. How is this not the priority????? How????,negative,negative,negative,negative
Ugy2tcX19tdrw_omf5h4AaABAg,@gamingtonight1526,Climate Change,'Climate Change': Scientists Warn Public as Extreme Weather Risks Intensify | Heatwave | El Nino,CNN-News18,"Only buy fans with tanks for cold water or ice, to get cold air hitting you instead of warm air, which won't help.",neutral,neutral,neutral,neutral
UgyhlxUPt4ox9pt6wql4AaABAg,@BrightOmane-w3m4k,Climate Change,Climate Change: How does it really work? | ClimateScience #1,ClimateScience - Solve Climate Change,IS THE GREEN GAS BAD😮,neutral,neutral,neutral,neutral
Ugx5bpQ3JgqamGYEzoB4AaABAg,@rdgrdg111,Climate Change,What Climate Science Actually Says vs. What You've Been Told It Says,Alliance for Responsible Citizenship,"Clearly bribed by the hydrocarbon lobby. Some years ago they denied warming. Now they can not deny anymore. If I see car and aircraft industry exponential increase, I know bad times are accelerating. I do not need statistics anymore. I just watch the gardens, forests and mountain lakes, and I know that we need urgent action.",negative,negative,negative,negative
Ugy6r2UHkXCgM7sROTV4AaABAg,@LesterPotter-b3p,Climate Change,Climate Change Activists vs Skeptics: Can They See Eye To Eye? | Middle Ground,Jubilee,Why is nuclear energy not mentioned in this discussion?,neutral,neutral,neutral,neutral
Ugw6vsvizbmPXVoqEC54AaABAg,@stephenbeauchesne1584,Climate Change,Jeremy Clarkson says farming has given him a new perspective on the changing climate.,Times News,"yes the climate changes, we are coming out of an ice age so nothing is going to be as it was during the ice age morons conflating and simplifying the facts",negative,negative,negative,negative
Ugw6-qKyEumNcMpyMLp4AaABAg,@thomasdonovan3580,Climate Change,"Global sea levels could rise more than expected because of climate change, according to a new study",NPR,"I live in Canada, global warming is more popular than Putine.",neutral,neutral,neutral,neutral
Ugx7CTlhoM-lYZ_Gg0B4AaABAg,@bilalk85,Climate Change,Is climate change as bad for our health as COVID-19?,Simon Clark,"The more droughts, lesser rains, agricultural disasters, we know what that's leading to! He Who Must Not Be Named will return when these calamities reach their absolute max!",negative,negative,negative,negative
UgxjQAptxUW-A2ZGZNp4AaABAg,@Delthefunkyhomosapienscousin,Climate Change,The Climate Crisis Is POLITICAL! #historyshorts #climatechange #history,Redacted History,"This summer, it was about 111 in south texas a couple days ago.😮‍💨",negative,negative,negative,negative
UgzRc1CVSBsjpKtv-GB4AaABAg,@priyaranganayaki6311,Climate Change,Climate Change is a Spiritual Problem || Acharya Prashant (2025),Acharya Prashant,"Tge main culprit is the consumption seeking mind. Yes, this is an eye opener. Thank you Acharyaji.",positive,positive,positive,positive
UgzOQ8NpwFb4nhcId_x4AaABAg,@Jonathan-mg3yn,Climate Change,Joe Rogan schools Bernie Sanders on climate change,News24,"...The humanity will pay the price. ,every guy with a bit smartness and education will understand  that there is a  human made climate change",negative,negative,negative,negative
UgwEAnllfPpEUr4KYGR4AaABAg,@punditgi,Climate Change,Hotter heatwaves are a symptom of climate change,Dr Gilbz,Dr Gilbert nails it again. Always a pleasure to see you except for the bad news 😮,positive,positive,positive,positive
UgwpnNg4eTy88IE4WCN4AaABAg,@vinezero,Climate Change,"Climate change fueled Canada's wildfires, study says, as Trump blames mismanagement",Associated Press,Studies say ingrown toenails are caused by climate change.,negative,negative,negative,negative
UgwkysEhobutmbqNteB4AaABAg,@anamariacarvalho6738,Climate Change,Is climate change fuelling diseases like Ebola? The Climate Question podcast - BBC World Service,BBC World Service,"Wild Life is loosing biodiversidade and loosing vegetatoon, cegetarian animais Anthony tô not vegetarian uts a chain",neutral,negative,negative,negative
UgwrDAQ0lIvUjg5_ITh4AaABAg,@johnculbreth4543,Climate Change,2026 isn't breaking heat records - yet. El Nino is forecast to spike temperatures,Associated Press,And free in the United States we have an orange clown and his maggots who are fighting science and truth!,negative,negative,negative,negative
UgwjXfEwnCbuaAp6mE94AaABAg,@CanYouStandTheRain-h8x,Climate Change,"""It's clear to me that climate change is the single greatest threat to human security that we face""",Green Party of England & Wales,💚🇬🇧,positive,positive,positive,positive
UgzorTsxu8wVtKxWiJd4AaABAg,@navin.vocabartist,Climate Change,Climate crisis is 'biggest threat since WW2': Is this hysterics or hard truth?,LBC,"5:32 hyperbolic? It's not hyperbolic, it's very accurate. It's hyperbolic only if you compare this crisis with WW2. He said ""since"" WW2, he didn't say it's as big as WW2. You are the one calling it hyperbolic for the sake of your segment.",negative,negative,negative,negative
UgxIM2igGyq0Lf5UCA14AaABAg,@ChumpotStudios,Climate Change,Record heatwave 'impossible' without climate change #weather #heatwave #climatechange,ITV News,Heatwaves used to be rare. Now they’re constant. That’s climate change in real time,neutral,negative,negative,negative
UgxJvswpFcZCtYWwTbx4AaABAg,@maryrobinson6688,Climate Change,JUST IN: Sheldon Whitehouse And Ron Johnson Get Into Climate Change Debate On Senate Floor,Forbes Breaking News,Joe Biden is no longer president and you are supposed to be acting upon what is going on during this term,negative,neutral,negative,negative
UgxY2ROtTzSW7hyR0Ox4AaABAg,@Geo123-q2s,Climate Change,Climate Change is Destroying Lives... Now,ClimateAdam,Avoid personal Organization and living closer to your work.,neutral,neutral,neutral,neutral
Ugzc-xoc_8xvLm1pKqJ4AaABAg,@amiava4213,Climate Change,Climate change reality check,ABC News,"Growing climate skepticism in Europe… An inconvenient tree found in the Alps shows climate was warmer 6000 years ago. 

A recent video from the German language channel Report24news features Dr. Johannes Steiner, who discusses the discovery of ancient biological material (a large tree log) under retreating glaciers and its implications for the current climate narrative.",neutral,neutral,neutral,neutral
Ugx13MnJB_6H03-j2CF4AaABAg,@aslbekxayruddinov-vx4qk,Climate Change,Climate change: Are there too many people? - 6 Minute English,BBC Learning English,🇺🇿,neutral,positive,neutral,neutral
Ugx3HqXVQTl4gmhAHZp4AaABAg,@YouViolatedCommunityGuildline,Climate Change,Do we Need Nuclear Energy to Stop Climate Change?,Kurzgesagt – In a Nutshell,"Do we need to stop climate change to to develop nuclear?

Nuclear is the goal itself, not the means to archive something else

Replace renewables with nuclear",neutral,positive,neutral,neutral
UgwGgbHCnNVnCrDdq9Z4AaABAg,@SelfSustainableCity,Climate Change,Climate Change – MIND MAP ENVIRONMENT | Drishti IAS ENGLISH,Drishti IAS : English,"The Earth whispers softly, hear its call,  
As climate shifts and nations fall.  
In nature’s arms, we must reside,  
To mend the wounds, let life abide.",neutral,positive,negative,positive
UgyvoTr879FVu7Cuk_B4AaABAg,@harryko8699,Climate Change,How climate change is changing hurricanes,The Weather Channel,THC is absolutely ridiculous.,negative,negative,negative,negative
UgzgAC2hmnX_VPaNzeh4AaABAg,@sanjuanmoreno9800,Climate Change,“I’m F—-ing Terrified” - Economist REFUSED To Have Kids Over Climate Change,Valuetainment,"The older man shows real intelligence 
The host of the show seems to be lost and somewhat stupid on what is happening with the world.
The host pulls information that is drawn up by industrial backed partners. 
Climate is real, it's happening now, and humans have escalated this movement into hyperdrive.
These changes will take hundreds if not thousands of years to correct. 
All anyone has to do is,  look what's happening.",negative,negative,negative,negative
UgzO7lyrqcW2x-8HDz54AaABAg,@CharlotteTilberis,Climate Change,Can wildlife adapt to climate change? - Erin Eastwood,TED-Ed,"For those who don’t get it, basically the solution is relocating the animals to safer spaces",neutral,neutral,neutral,neutral
Ugw4IJwvh-Y0sYt8tLN4AaABAg,@user-hi5qh3nd2n,Climate Change,Cut for Time: Climate Change (Kumail Nanjiani) - SNL,Saturday Night Live,"I’ve concluded that cut for time are actually cut bc they might offend their corporate advertisers. This one is fantastic, even more relevant in 2026",positive,positive,positive,positive
UgxHB8FJosXXDE-emM94AaABAg,@MaryDavignon,Climate Change,"Climate Change: New Data, New Debate",Bulletin of the Atomic Scientists,"I live in a 1971 built house with natural gas forced air furnace, gas water heater, and gas stove. The electricity is expensive and the power grid is so unreliable that we fear switching to all electric. My house would be perfect for solar, but the outlay and return on investment isn''t doable for this senior who will not live long enought in the house to recoup the costs. We do have energy star appliances, LED lighting, good insulation and windows, and live in an area close to the services we need. I would love an honest and affordable solution.",negative,negative,negative,negative
UgxZsK2mp8CWgpGUpH94AaABAg,@Suiiiii-98,Climate Change,How to talk about CLIMATE CHANGE in English,English Speaking Success,Ki,neutral,neutral,neutral,neutral
UgxcSZWsR0_puPoy9KZ4AaABAg,@duanesbuhler7696,Climate Change,The Climate Crisis Is Coming for Your Food,"The World, The Universe And Us",Increased CO2 has caused a greening of the earth.,neutral,neutral,neutral,neutral
UgzinvUI7z0Q_h8t_4l4AaABAg,@Qwalityheld,Climate Change,Kids and climate change ⏲️ 6 Minute English,BBC Learning English,"""it freaks me out.""
""One in a million. ""
""Climate anxiety. ""
""Parasite."" 
""To put something off.""",neutral,neutral,neutral,neutral
Ugzbi7HRYjJpIbEIX4h4AaABAg,@theanarkiddie4569,Climate Change,The easiest climate change win ever,Simon Clark,"Every time I open this video to rewatch it I just end up craving chocolate cake. Gosh, I love chocolate cake.

(Thanks for the video Simon!)",positive,positive,positive,positive
UgzucCubFWujmUxlb4t4AaABAg,@teec3557,Climate Change,'Climate Change': Scientists Warn Public as Extreme Weather Risks Intensify | Heatwave | El Nino,CNN-News18,Just stop the bs.,negative,negative,negative,negative
Ugy_UqdN7_K10HDvMBx4AaABAg,@Sandeep_chand16,Climate Change,Climate Change: How does it really work? | ClimateScience #1,ClimateScience - Solve Climate Change,How terrorizing fact is it that it took 5000 years for 5°C increase in atmospheric temperature but we the humans have made 1°C increase since 1975 (51 years ) 😢,negative,negative,negative,negative
UgxALqr-kHrpnadc3D94AaABAg,@waterst9,Climate Change,What Climate Science Actually Says vs. What You've Been Told It Says,Alliance for Responsible Citizenship,"Same reaction to the questioning of Covid science, restrictions, origins and the efficacy of the vaccine. All mostly disproven and delegitimized.",negative,negative,negative,negative
UgxcryMQ-82lEkrJ2et4AaABAg,@abbie_urmom,Climate Change,Climate Change Activists vs Skeptics: Can They See Eye To Eye? | Middle Ground,Jubilee,"Yes, global warming is real and scientifically undisputed. since the late 19th century, driven by human-produced greenhouse gas emissions, such as burning fossil fuels. This warming drives sea-level rise, habitat loss, and more extreme weather events. you cant tell me that we are not going under global warming.More than 99% of scientific studies agree that climate change is real and caused by human activities. Why and how you may ask, The burning of fossil fuels (coal, oil, gas), deforestation, and land-use changes are the main contributors. : Evidence includes rapidly shrinking Arctic sea ice, melting glaciers, increasing ocean heat content, and about 16 cm (6 inches) of sea-level rise since 1901.",neutral,neutral,negative,neutral
Ugx7k7kdzQcYqys-LmF4AaABAg,@HowardNorris-gh1jw,Climate Change,Jeremy Clarkson says farming has given him a new perspective on the changing climate.,Times News,"In 1976 we had a massive swarm of ladybirds, which had a set of factors as its cause - the popular rhetoric for climate change is too simplistic in terms of causality.",neutral,neutral,neutral,neutral
UgySkd0VbH-fuNbN9st4AaABAg,@BURGUNDYBURGUNDY3315,Climate Change,"Global sea levels could rise more than expected because of climate change, according to a new study",NPR,I’m starting to think there tendency to release the most hopeful numbers is screwing us over I wish we’d be alarmed by this,negative,negative,negative,negative
Ugws_315-ZmoEUlGMdl4AaABAg,@heiskanbuscadordelaverdad8709,Climate Change,Is climate change as bad for our health as COVID-19?,Simon Clark,Yes,neutral,neutral,neutral,neutral
UgypWRrlHY5hwSH5aUx4AaABAg,@qp9259,Climate Change,The Climate Crisis Is POLITICAL! #historyshorts #climatechange #history,Redacted History,"We're gonna hit wet bulb temperatures and a lot of people are gonna die. It's not over because it's never over. 

Bit tbh I think a lot of us need to emotionally prepare for that.",negative,negative,negative,negative
UgynamcR16NIu8OMSx94AaABAg,@Saurabh990azl,Climate Change,Climate Change is a Spiritual Problem || Acharya Prashant (2025),Acharya Prashant,❤❤❤,positive,positive,positive,positive
UgwfkYoFtsL-PpT4CSF4AaABAg,@SendingFreedomTM,Climate Change,Joe Rogan schools Bernie Sanders on climate change,News24,Global warming is actually good anyways the best periods were warm. It's ice ages and freezes that kill life,positive,positive,positive,positive
UgwcKcT4lzR802mY6Mx4AaABAg,@DaneIvkovich,Climate Change,Hotter heatwaves are a symptom of climate change,Dr Gilbz,"If you get rid of our asphalt and concrete jungles where all you climate experts reside, the temperature would reduce significantly.  Ask anyone from Tanzania.",negative,negative,negative,negative
Ugwnekit26c-uNF7rrF4AaABAg,@amiava4213,Climate Change,"Climate change fueled Canada's wildfires, study says, as Trump blames mismanagement",Associated Press,"Isn’t this glorious?

Global Greening Hits New Record as Climate Emergency Fails to Materialize: ‘Activists refuse to accept that the climate catastrophe is nowhere to be seen’",positive,positive,positive,positive
UgyJitTyX-90XroiZFJ4AaABAg,@anamariacarvalho6738,Climate Change,Is climate change fuelling diseases like Ebola? The Climate Question podcast - BBC World Service,BBC World Service,Climare Changes are shiftimg The animais deseases tô urban area,neutral,negative,neutral,neutral
UgyD5boFQl9u-RUEnT54AaABAg,@Tsip89,Climate Change,2026 isn't breaking heat records - yet. El Nino is forecast to spike temperatures,Associated Press,Thanks for the info!,positive,positive,positive,positive
UgzLVCUIbfZ55SpgNfN4AaABAg,@zumahyena,Climate Change,"""It's clear to me that climate change is the single greatest threat to human security that we face""",Green Party of England & Wales,The security service even confirmed it. Climate change and biodiversity loss are a major threat to national security.,negative,negative,neutral,negative
UgwCO4K7WqLnYQaki194AaABAg,@Ngamer834,Climate Change,Climate crisis is 'biggest threat since WW2': Is this hysterics or hard truth?,LBC,Those who are claiming it's all hoax will soon be complaining about it's impacts that are already happening.,negative,negative,negative,negative
UgzJ6eHzwQxxGgehM014AaABAg,@remusventanus5127,Climate Change,Record heatwave 'impossible' without climate change #weather #heatwave #climatechange,ITV News,The European mind cannot even comprehend ac 😂😂😂😂😂😂😂,negative,negative,negative,negative
UgyeZ3b_v6dYPkE9rBJ4AaABAg,@maryrobinson6688,Climate Change,JUST IN: Sheldon Whitehouse And Ron Johnson Get Into Climate Change Debate On Senate Floor,Forbes Breaking News,The subject here is how people are warned about severe weather,neutral,neutral,neutral,neutral
Ugx8UkjtMHLASZbk7up4AaABAg,@rogerthat487,Climate Change,Climate Change is Destroying Lives... Now,ClimateAdam,A PhD in atmospheric  physics  - STOP right there,negative,negative,negative,negative
Ugxgy8qJPG6Dxt3Xibx4AaABAg,@jamesesposito8204,Climate Change,Climate change reality check,ABC News,Stop tearing down all our trees and keep building houses when the trees take the carbon dioxide out of the air and turn it into oxygen and air. A scientist know this but you keep ripping down the trees anyway and keep selling off land to keep building more and more houses or business start planting more trees bring back the forest. I think that will do a lot of change in the world but no everybody’s about a dollar making the cash flow. These other people that don’t care about anything going on. They’re all worried about money.,negative,negative,negative,negative
Ugy6FID6UmWulV5nXsN4AaABAg,@BoyerAngelah,Climate Change,Climate change: Are there too many people? - 6 Minute English,BBC Learning English,This is exactly the kind of video I needed!,positive,positive,positive,positive
UgxiUIIvecIqtGzAZWl4AaABAg,@usifblbas,Video Games,Lana Del Rey - Video Games,LanaDelReyVEVO,"7/August /2026 ❤️‍🩹
5:55 am 🍷",neutral,neutral,neutral,neutral
Ugw3vGo_EMpQy1XSoPh4AaABAg,@FantasticGamerRDK65,Video Games,How Video Games Evolved in 68 Years 🎮 #shorts,Learn Tech Gaming,Why i recognised all games😅,positive,positive,positive,positive
UgxNzCD7pmF1o7AWv9F4AaABAg,@LostPanda,Video Games,Lana Del Rey - Video Games (Lyrics),Lost Panda,*Do you play video games?*,neutral,neutral,neutral,neutral
UgyYWIN67DM8KePeWtt4AaABAg,@shaneallen231,Video Games,Tenacious D - Video Games,Tenacious D,I want you to still play fucking video games.,positive,neutral,neutral,neutral
UgwK_L00eJC4DZkik5h4AaABAg,@Mirai-u2i,Video Games,Cool creative smart fun game videos that you can't miss. #100,Great_Painter,❤😂😂😂😂😂😂😂😂😂😂,positive,positive,positive,positive
Ugz2g2P8PkL0N2pn_XR4AaABAg,@samanthasalazar486,Video Games,Mario & Sonic At The London 2012 Olympic Games Football Team Sonic Gameplay,Minh Party U,Request please upload now with enough time all characters losing animations in London party mode rhythmic ribbon with knuckles in all songs synchronized swimming all songs relay and dream rafting with knuckles sonic Amy and tails and all events replay with knuckles in London wii and all events with knuckles in London 3ds and Vancouver wii with all characters winning and losing animations in all Olympic and dream events failed poses in figure skating and in festival mode all in 4K please let me know it’s uploaded already today tomorrow NOW,neutral,neutral,neutral,neutral
Ugw8IDn1gQwmDu9uZTV4AaABAg,@Kittistory,Video Games,How Video Games Punish Stealers,Sambucha,The spongebob squarepant super sponge anti piocy screen is not e.D it's just the wheel laying that tries to choose,neutral,neutral,neutral,neutral
UgzKOvCeYlsoSePjRzV4AaABAg,@PlayverseGaming-z6c,Video Games,16 PERFECT 10/10 Games That Will Make You Love Gaming Again!,Playverse Gaming,"00:26 - God of War 2018
01:34 - Hollow Knight
02:37 - Days Gone
03:56 - Resident Evil 7
05:01 - Clair Obscur: Expedition 33
06:22 - A Plague Tale Innocence
07:50 - The Last of Us Part I
09:14 - Assassin's Creed Black Flag Resynced
10:27 - Outer Wilds
11:50 - The Witcher 3: Wild Hunt
13:14 - Disco Elysium
14:29 - Red Dead Redemption 2
16:01 - Split Fiction
17:23 - Need for Speed: Most Wanted
18:49 - Baldur's Gate 3
20:18 - Titanfall 2
21:41 -  Ending",neutral,neutral,neutral,neutral
UgwDxwPWw75AdL7b4gV4AaABAg,@Bitcenteplay,Video Games,Mario Kart 8 Deluxe - All New DLC Courses (DLC Booster Pack 1),Sirloin,"""Empecé jugando con mi hijo y ahora me gana más seguido de lo que me gustaría. 😂""",positive,positive,positive,positive
UgxmbVGCwSabv_vuDvR4AaABAg,@Hbbdh22eh,Video Games,VIDEO GAMES AT 3AM 😝😱 #humor #homealone #babyduck,Packy Films,Touch some grass,negative,negative,negative,negative
Ugwm20t550ph4kmpjNx4AaABAg,@Mexxlegos0,Video Games,Horror Games Be Like:  #shorts #horrorgaming #scary,amandaprescottfx,"/\         /\
 (O      O)
        ^",neutral,neutral,neutral,neutral
Ugy7gG-HkJcNbn2FF5t4AaABAg,@Mr_SKIE,Video Games,When you realise Video games are Unrealistic!,Military Might ,Thats so real like them N*ggas literally running fast as fuh with a machine gun,positive,positive,positive,positive
Ugyc7B1g0YEDWlinL_J4AaABAg,@MYLTI-MYLT,Video Games,MXGP 2021 - The Official Motocross Videogame Gameplay,MYLTIMYLT,New Game - https://youtu.be/OS5prnmxbak,neutral,neutral,neutral,neutral
UgxXHKJZ9HLXl9j8a5N4AaABAg,@TDBRICKS,Video Games,POPULAR VIDEO GAMES in LEGO...,TD BRICKS,"0:15 Mario
1:29 Fortnite
2:39 Roblox
2:54 Portal
3:27 Temple Run
4:10 Subway Surfers
4:35 Fruit Ninja
4:55 Pokemon
5:15 Among Us
5:56 Angry Birds
6:42 Wii Sports
7:30 Call of Duty
8:10 Minecraft
8:44 GTA 5
9:19 Lego games",neutral,neutral,neutral,neutral
UgzoOuvW6U01hEJubrh4AaABAg,@owellorge1868,Video Games,10 Best NEW Games To Play In August 2026,Force Gaming,All crap,negative,negative,negative,negative
Ugw638LsUBL2y8F2sbF4AaABAg,@AdamDarbyshire-u2p3b,Video Games,"Video Games but every ""Games"" is replaced with Frigigigigigigigi",SmilyCookieBone,What,neutral,neutral,neutral,neutral
Ugz4ZVQNoA7GZcD39kd4AaABAg,@Abolfazl-1112,Video Games,Scania truck driving 4K video | Truck Simulator Ultimate #game #games #truck #simulator #gameplay,THE HIYAA GAMING ,لطفاً اسم صندلی رو بگو❤❤,neutral,neutral,positive,neutral
UgzkF5uxSgJbd59HM-54AaABAg,@carpe_diem-770,Video Games,Video Games - Lana Del Rey - Lyrics,MegaMf97,one of my favorite lana's song,positive,positive,positive,positive
UgyyQRdbV34G5YI7AIx4AaABAg,@SparrowIndustry,Video Games,"Retro Game Stick, 4K HDMI #games #gaming #game #retrogaming #retrogames #ps5 #ps4  #gameshorts",Sparrow Industry,"M15 Game Stick full video :- https://youtu.be/Utdm0nhln2s

Gs5 Pro unboxing and review video price 3799 :- https://youtu.be/7joMqRottFw",neutral,neutral,neutral,neutral
UgyWb5ebtZSkS290g0R4AaABAg,@TheAnimatorGuy-c9n,Video Games,Video Games That Were Pulled,Sambucha,Flappy Bird got removed because he got death threats,neutral,neutral,neutral,neutral
UgxuXYUOnllv-XZ8wPl4AaABAg,@playlistsbydholphinxx9076,Video Games,04 - Video Games - Lana Del Rey,Yeyden Zoé Vega,Album of the decade!,positive,positive,positive,positive
Ugz_R8SJTpSUhS6M4Td4AaABAg,@moon_kandii15,Video Games,Video Game Glitches be like… pt. 5 #gaming #shorts,NicsNite,"Ah yes, I love a good bowl of [[hyperlink blocked]]",positive,positive,positive,positive
UgzvBbl_8afd78arOht4AaABAg,@CircleToonsHD,Video Games,The Friend That's Too Good at Video Games,CircleToonsHD,I know you all get me on this... watching your buddy on discord waiting for him to die... and he just... doesnt....,positive,positive,positive,positive
UgxbGssT7ROEOpYqZSB4AaABAg,@BustinJieber09,Video Games,Gaming in Year 2067,Adhemz,"Join the Discord basement from the link in bio or your charger will always be missing.  
( Subscribe for more 😉 )",neutral,neutral,neutral,neutral
UgwyMMPBaljT2Gc3-DJ4AaABAg,@yukooshima1979,Video Games,Your man is a 🚩 if he plays these video games,JourdanGames,Why Billy Boyd and Monahan?,neutral,neutral,neutral,neutral
UgwfeGGlltCDwDvEQHR4AaABAg,@IbrahimAvila-v9y,Video Games,Why you should never play video games in class #shorts,Zach King,23m likes,neutral,neutral,neutral,neutral
Ugy5CGEikiAXx6m9lGZ4AaABAg,@Upadhyayy,Video Games,Ramp Car Racing - Car Racing 3D - Android Gameplay,Gaming aadii ,50M❤🎉,positive,positive,positive,positive
UgyvJuthL2csQocH29p4AaABAg,@TWOTİME1193,Video Games,This goes hard.👀 #gaming #starwars #darthvader #videogames #trending #shorts #lightsaber #4k #jedi,Bloooski,Game name,neutral,neutral,neutral,neutral
Ugwbeql0jWThCsOGUY14AaABAg,@sing2piano,Video Games,Lana Del Rey - Video Games (Piano Karaoke),Sing2Piano | Piano Karaoke Instrumentals,"💜 SUBSCRIBE 👉 https://s2m.lnk.to/Sing2PianoYT1b
🎤 Sing more Lana Del Rey 👉 https://s2m.lnk.to/kAmtGhDX1b
🎹 Use Our Tracks/Newsletter 👉 https://s2m.lnk.to/joine1b",neutral,neutral,neutral,neutral
UgwjFwP36gSJZyw1b414AaABAg,@Sebastian-Jalisco1,Video Games,KIDS CRASHING OUT OVER VIDEO GAMES!,Foltyn Reacts,The vr game is gym class,neutral,neutral,neutral,neutral
UgwVsUpt_jBd15_ArMJ4AaABAg,@SỹTrần-w8k,Video Games,I don't want to play this game 😂 | Funny animation,4M Animation,😂😂😂😂😂😂😂😂😂😂😂😂😂😂😂😂😂😂😂🌹🌹🌹🌹🌹🌹🌹😜🌹😜😜🌹😂😂😂😂😂😂😂😂😭😭😭😭😭😭,positive,positive,positive,positive
UgyszaAj16ehRvqYv3h4AaABAg,@JinnaGaming,Video Games,Mario Party 10 Minigames - Mario Vs Peach Vs Luigi Vs Daisy ( Master COM ),JinnaGaming,Ready for some Mario Party fun? Watch my new video now: https://youtu.be/_PvViKNnT4M,neutral,neutral,neutral,neutral
Ugy2g7jBcS5GV8AVmMd4AaABAg,@seeker2219,Video Games,"If you’re playing video games, then you are a child!",orthodoxnet,"i´m most likely one of the biggest gamers alive.  I am trying to scale it down ALOT and it workds fantastic.  I tend to agree with what is said here, but i THNK a major problem is that adult males are no longer allowed to be adult.  they are ... shackled to boring non-rewarding things lifes. so playing games becomes that one thing that lets men do what men want to do.  If we could open up the adult ways through REAL life for men, i do think they would quit playing instantly.  But that choice has been stolen. Or atleast people cannot see that way anyomre.",negative,negative,negative,negative
UgwbBxpZSjvRR6raatl4AaABAg,@briann.h8311,Video Games,Mario & Sonic At The Olympic Games Tokyo 2020 All Events New Record Full HD,StartPlayX,They put that in a fifa World Cup 😭😭😭,neutral,positive,negative,negative
UgwjXD8lFxA5-Jon1OJ4AaABAg,@elyrix-m6t,Video Games,Video Games That Inspired Killers,Sambucha,Anders mentioned 🤩,positive,positive,positive,positive
UgxW2ULkdw_idgHDweJ4AaABAg,@AngelinShibila,Video Games,Do Video Games Make You Smarter?,Gohar Khan,Roblox?,neutral,neutral,neutral,neutral
UgwfKFufPttORLeYoPN4AaABAg,@SasukeUchiha_2024,Video Games,Cars 2 The Video Game Mods: Can You Beat Lightning McQueen in These Racing Games,MYLTIMYLT,Credits to @LightningMcQueen2017Games for using his mod as a base and using his personalized rims textures,neutral,neutral,neutral,neutral
UgyhilJoZje30z2k0tB4AaABAg,@focusongaming47,Video Games,Peak of Video Game Graphics? KCD2 Looks Insane!,Focus on Gaming,"Want cheap games? Check out my channel bio! 🔥
Every purchase helps me keep making awesome content. Thanks for the support! ❤️",neutral,positive,positive,positive
UgydRsdTT6jguyisOOx4AaABAg,@ludolamour,Video Games,Lana Del Rey - Video Games,LanaDelReyVEVO,da bestest <3,positive,positive,positive,positive
UgxlqdIrRmwvpX0V1wh4AaABAg,@muhammetmesut,Video Games,How Video Games Evolved in 68 Years 🎮 #shorts,Learn Tech Gaming,64 BAYT to 500 GIGABAYT,neutral,neutral,neutral,neutral
UgxkgTkY1B3SOhi9bSJ4AaABAg,@LizaJalil-i4s7t,Video Games,Lana Del Rey - Video Games (Lyrics),Lost Panda,0:55♥️.,positive,positive,positive,positive
Ugy-1jue6qE6bYYp7tR4AaABAg,@karincohen6837,Video Games,Tenacious D - Video Games,Tenacious D,"One year later, he was the main character in a video game movie",neutral,neutral,neutral,neutral
UgzoyUXoMFVRbIvnziJ4AaABAg,@BikashDey-vh1kb,Video Games,Cool creative smart fun game videos that you can't miss. #100,Great_Painter,😂😂😂😂🎉,positive,positive,positive,positive
UgwBldJqOfW61ABLxql4AaABAg,@VMGAMING,Video Games,Mario & Sonic At The London 2012 Olympic Games Football Team Sonic Gameplay,Minh Party U,Why didn’t Team Sonic pass more instead of trying to score solo goals?,negative,negative,negative,negative
UgzYlQsXJlx27eyIu2d4AaABAg,@Renzogut16,Video Games,How Video Games Punish Stealers,Sambucha,If buying ain’t owning then piracy ain’t stealing,neutral,neutral,neutral,neutral
UgxSrqYfWSJMm47Q9Hh4AaABAg,@Семён-ъ5и,Video Games,16 PERFECT 10/10 Games That Will Make You Love Gaming Again!,Playverse Gaming,"Far Cry 3, Assassin's Creed II, God Of War 2018, RDR2. My opinion.",neutral,neutral,neutral,neutral
UgxOu3ZfWblljwkm0OV4AaABAg,@vizcachaespacial,Video Games,Mario Kart 8 Deluxe - All New DLC Courses (DLC Booster Pack 1),Sirloin,🎉🎉🎉🎉,positive,positive,positive,positive
Ugwvkyh318UUkfK_aEt4AaABAg,@doddleart-m9f,Video Games,VIDEO GAMES AT 3AM 😝😱 #humor #homealone #babyduck,Packy Films,Bro dude dans did this copy cat,negative,negative,negative,negative
Ugzhrd9s9vAHi6yjgbZ4AaABAg,@Buildit2Earnit,Video Games,Horror Games Be Like:  #shorts #horrorgaming #scary,amandaprescottfx,"╭━━━┳━━━╮
┃╭━━┫╭━╮┃
┃╰━━╋╯╭╯┃
┃╭━╮┃╱┃╭╯
┃╰━╯┃╱┃┃╱
╰━━━╯╱╰╯╱",neutral,neutral,neutral,neutral
UgzIxgy5-Kmlau05i_14AaABAg,@SuperSpeedyboyy,Video Games,When you realise Video games are Unrealistic!,Military Might ,This guy needs too touch grass,negative,negative,negative,negative
UgyAXWCh_BL7Zks6-2Z4AaABAg,@RevanPiansa-q4y,Video Games,MXGP 2021 - The Official Motocross Videogame Gameplay,MYLTIMYLT,9,neutral,neutral,neutral,neutral
UgxPlRJfJOWcjSIEWwR4AaABAg,@HuynhPhuoc-x1w8n,Video Games,POPULAR VIDEO GAMES in LEGO...,TD BRICKS,u mean  Jack from subway surfers,neutral,neutral,neutral,neutral
UgyQFZGkxcaknA7Hjzd4AaABAg,@SecretVixen77,Video Games,10 Best NEW Games To Play In August 2026,Force Gaming,Big walk is so cutee,positive,positive,positive,positive
Ugyk6NprXQgK94TbcHZ4AaABAg,@AdamDarbyshire-u2p3b,Video Games,"Video Games but every ""Games"" is replaced with Frigigigigigigigi",SmilyCookieBone,Funn,positive,positive,positive,positive
UgzA74KFIpW-y-COx1R4AaABAg,@hawaishinde7951,Video Games,Scania truck driving 4K video | Truck Simulator Ultimate #game #games #truck #simulator #gameplay,THE HIYAA GAMING ,Ride to heaven,positive,neutral,positive,positive
UgyjG7ve0whR6KPmluB4AaABAg,@rosajeesenevirathne2424,Video Games,Video Games - Lana Del Rey - Lyrics,MegaMf97,anybody after the 6th episode of 3 body problem 🙂,neutral,neutral,neutral,neutral
UgzFY1Jp5N8rpCTOcgR4AaABAg,@KamalChavan-j9y6h,Video Games,"Retro Game Stick, 4K HDMI #games #gaming #game #retrogaming #retrogames #ps5 #ps4  #gameshorts",Sparrow Industry,M15,neutral,neutral,neutral,neutral
UgzSKk5Z0EnwU4GLzLd4AaABAg,@FullCoverHistoryChannel,Video Games,Video Games That Were Pulled,Sambucha,I just kicked alla,neutral,neutral,neutral,neutral
Ugwqz3uYo7CFMo6YesF4AaABAg,@RBenino,Video Games,04 - Video Games - Lana Del Rey,Yeyden Zoé Vega,❤,positive,positive,positive,positive
UgwpD5h3EMGwpJegabt4AaABAg,@Purple-m4s,Video Games,Video Game Glitches be like… pt. 5 #gaming #shorts,NicsNite,IS THAT IS REALITY?,neutral,neutral,neutral,neutral
UgweJ4he8fZMC-TJe5p4AaABAg,@igorigorev6566,Video Games,The Friend That's Too Good at Video Games,CircleToonsHD,"I mean... most games use surprisingly similar mechanics for all kinds of stuff. The more you play, the better you get at gaming generally,
The ""Oh, nice, the game tells me to go left! I'm going left!"" Gradually turns into ""Game tells me to go left. Which means there are goodies to the right.""",neutral,neutral,neutral,neutral
Ugxo_k3E5GDGAjV8HQl4AaABAg,@NextYanGaming,Video Games,Gaming in Year 2067,Adhemz,Y'all,neutral,neutral,neutral,neutral
Ugyx3GQua9RmJIpEaap4AaABAg,@asog88,Video Games,Your man is a 🚩 if he plays these video games,JourdanGames,What about friendly in arc Raider?😭,neutral,neutral,neutral,neutral
Ugy43lOf9kGS3PJye514AaABAg,@DTl-s4r,Video Games,Why you should never play video games in class #shorts,Zach King,I misheard to bro I forget to freaking tweak,neutral,neutral,neutral,neutral
UgyZEq1L4St9qdbb0QN4AaABAg,@GraceWambui-m1k,Video Games,Ramp Car Racing - Car Racing 3D - Android Gameplay,Gaming aadii ,Can you please send me the game,neutral,neutral,neutral,neutral
UgwgyqWP6ohDMyG0D994AaABAg,@CT-7567_CPTNRex,Video Games,This goes hard.👀 #gaming #starwars #darthvader #videogames #trending #shorts #lightsaber #4k #jedi,Bloooski,Oh thats jedi master Revan. Yeah vader isnt winning this one,neutral,neutral,neutral,neutral
UgyzFgxwoWUHqjC5zTJ4AaABAg,@ellenroejade1258,Video Games,Lana Del Rey - Video Games (Piano Karaoke),Sing2Piano | Piano Karaoke Instrumentals,"hii, i hope you're doing well. thank u",positive,positive,positive,positive
UgzvqUkqC3mM-QJOn4h4AaABAg,@Sunnyjoeaaron,Video Games,KIDS CRASHING OUT OVER VIDEO GAMES!,Foltyn Reacts,inches away from falling off 2:51,neutral,neutral,neutral,neutral
Ugw9YJLr03rJXNWCn6d4AaABAg,@Annnnnnnaaaaaaaaa-w,Video Games,I don't want to play this game 😂 | Funny animation,4M Animation,Se aprende mulheres😂🤣😅😔😕🤣😅,neutral,neutral,neutral,neutral
UgyGrGqz_wsPzZA4rLJ4AaABAg,@ivaneteribeirogomes8622,Video Games,Mario Party 10 Minigames - Mario Vs Peach Vs Luigi Vs Daisy ( Master COM ),JinnaGaming,3ueu8rf🎉,neutral,positive,positive,positive
Ugw5TYDe7-M4c0JT6Hx4AaABAg,@zamadepuib3254,Video Games,"If you’re playing video games, then you are a child!",orthodoxnet,"It's a personal view of yours, doesn't mean it's correct or wrong. It is just yours.",neutral,neutral,neutral,neutral
UgxS8wA97q0n7JtCbpN4AaABAg,@shamawasif13,Video Games,Mario & Sonic At The Olympic Games Tokyo 2020 All Events New Record Full HD,StartPlayX,Dhsg.    Sazx.        M.  Mt.,neutral,neutral,neutral,neutral
UgzvWk6GDEtC43ZDSv54AaABAg,@Tyler-s6e,Video Games,Video Games That Inspired Killers,Sambucha,Bamsucha,neutral,neutral,neutral,neutral
UgzM0LjcKvmqOA8qEj14AaABAg,@aishaabduljabbar8925,Video Games,Do Video Games Make You Smarter?,Gohar Khan,Meanwhile Roblox …,neutral,neutral,neutral,neutral
Ugx8Topi0GWHHm-t-e94AaABAg,@hmfan_games,Video Games,Cars 2 The Video Game Mods: Can You Beat Lightning McQueen in These Racing Games,MYLTIMYLT,"Awesome Video..
I think no one can beat Lightning McQueen..👍👍👍",positive,positive,positive,positive
UgznJ1hq0dH8JgmUzQt4AaABAg,@Tututhegamer1,Video Games,Peak of Video Game Graphics? KCD2 Looks Insane!,Focus on Gaming,The cave in the menu screen where the waters flowing is sk beautiful like,positive,positive,positive,positive
UgxZ9b3YJm72IqAj4_B4AaABAg,@thesocialsmokersclub,Video Games,Lana Del Rey - Video Games,LanaDelReyVEVO,August 26 anyone?,neutral,neutral,neutral,neutral
UgwvDGl8mnsilJ1R5Gd4AaABAg,@RenderRace,Video Games,How Video Games Evolved in 68 Years 🎮 #shorts,Learn Tech Gaming,"I think that first thing, it was to detect of the energy an circle energy or 1 way energy",neutral,neutral,neutral,neutral
Ugyr735drjwCPUBL_U14AaABAg,@batmanimal5993,Video Games,Lana Del Rey - Video Games (Lyrics),Lost Panda,This is actually a rock song,neutral,neutral,neutral,neutral
Ugw_sl_o8_T-mcfI6jp4AaABAg,@vincentrobbyrendon3458,Video Games,Tenacious D - Video Games,Tenacious D,There is a gore in the song all the youtubers,neutral,neutral,neutral,neutral
Ugw1Tj426hhPU1qBayJ4AaABAg,@NaomiGreen-n6d,Video Games,Cool creative smart fun game videos that you can't miss. #100,Great_Painter,He’s😢peeing,negative,negative,neutral,negative
Ugz0S7qz8gHRv_dbWFF4AaABAg,@ChaosTheSecond,Video Games,How Video Games Punish Stealers,Sambucha,"“Piracy is a crime”
“DIE”
“Please buy a retail version”",neutral,neutral,neutral,neutral
Ugw_ShALjeUj_teBaMV4AaABAg,@HawaiianPizza87,Video Games,16 PERFECT 10/10 Games That Will Make You Love Gaming Again!,Playverse Gaming,AI slop,negative,negative,negative,negative
UgzUParRiW80aIzUSDl4AaABAg,@VirginieDiez,Video Games,Mario Kart 8 Deluxe - All New DLC Courses (DLC Booster Pack 1),Sirloin,🪻🇬🇧🛀🛁🎰🇬🇧☕️Ⓜ️😇😇😇😇😇😇😇,neutral,positive,positive,positive
UgxPnw6ZrLGPyUdW4V94AaABAg,@JoseluisReyes-e3t,Video Games,VIDEO GAMES AT 3AM 😝😱 #humor #homealone #babyduck,Packy Films,❤️🐶🦖🐬🐩💙💜🤎🩹,positive,positive,positive,positive
Ugy2iKaywZIpk1_mEhF4AaABAg,@Buildit2Earnit,Video Games,Horror Games Be Like:  #shorts #horrorgaming #scary,amandaprescottfx,67,neutral,neutral,neutral,neutral
Ugwgs-_M_e1OdnEyxpR4AaABAg,@Magic-Micro,Video Games,When you realise Video games are Unrealistic!,Military Might ,Gaming logic never fails to make us laugh!,positive,positive,positive,positive
UgxfeYgPVRMiAUQEyG94AaABAg,@efsaneandroidgames4262,Video Games,MXGP 2021 - The Official Motocross Videogame Gameplay,MYLTIMYLT,Great video!,positive,positive,positive,positive
UgzkRkZCZp73nVoIS0d4AaABAg,@CyanWave2,Video Games,POPULAR VIDEO GAMES in LEGO...,TD BRICKS,Everything that you created should be a Lego build,positive,positive,positive,positive
UgxTV6nBmt-Wc7TTr1Z4AaABAg,@CatsHaveEars,Video Games,10 Best NEW Games To Play In August 2026,Force Gaming,Overall pretty meh with a handful of remakes to top,negative,negative,negative,negative
UgxenLXNyavgQU0JwYN4AaABAg,@JustinCho-d4v,Video Games,"Video Games but every ""Games"" is replaced with Frigigigigigigigi",SmilyCookieBone,Flint and sTeEl cHiCkEn JoCkEy i Am sTeVeEeEeEe,neutral,neutral,positive,neutral
UgxeCm38JhcROY10E814AaABAg,@AjayKumar-f2w7c,Video Games,Scania truck driving 4K video | Truck Simulator Ultimate #game #games #truck #simulator #gameplay,THE HIYAA GAMING ,Bhai mujhe support dikhao,neutral,neutral,neutral,neutral
UgxaxMBDcZNH8PAuZDR4AaABAg,@Mindaugas-Jūratė-Barvm6xg3os7s,Video Games,Video Games - Lana Del Rey - Lyrics,MegaMf97,"Uštai virai limpa 😅 prie manes VIRO 😅Apgailėtinos reklamos😅😅😅
SLAPUKAS 😊",negative,negative,negative,negative
UgzO1TTb5TC41GEj51x4AaABAg,@brickerfis,Video Games,"Retro Game Stick, 4K HDMI #games #gaming #game #retrogaming #retrogames #ps5 #ps4  #gameshorts",Sparrow Industry,Bhai m22,neutral,neutral,neutral,neutral
UgwRwy1Kfrfi00hkhgZ4AaABAg,@serial-designation-v-7,Video Games,Video Games That Were Pulled,Sambucha,What abt the indie incest game it was banned for containing stuff..,neutral,neutral,neutral,neutral
Ugz5bkPHX28-eB_IRmZ4AaABAg,@Ghost2Most-q5h,Video Games,04 - Video Games - Lana Del Rey,Yeyden Zoé Vega,"I only ever listen to underground artists who aren't very well known, but I haven't heard a lana del Rey song that I didn't like",positive,positive,positive,positive
UgwHM3CFqIrASOmDtS94AaABAg,@Bluestone0001,Video Games,Video Game Glitches be like… pt. 5 #gaming #shorts,NicsNite,The gmod error is real,neutral,neutral,neutral,neutral
Ugx-b8UNVxh_nXUc7Gl4AaABAg,@ahh_yes_mr_bax,Video Games,The Friend That's Too Good at Video Games,CircleToonsHD,"Memory recovered: was hanging with my boyfriend and his friends and we started playing a fighting game before bar hopping. I had not played it before, but I am an avid gamer anyway. So when I completely dominated my BFs friends (to the delight of my bf), all his friends were angrily demanding I must have played before. 

Made most of them rage quit. Still had a great night out and we all got along well, they just didn’t play games with me anymore lol",positive,positive,positive,positive
UgzR455TSnjqs4j0XgV4AaABAg,@SarukKhan-n1z,Video Games,Gaming in Year 2067,Adhemz,"Bhai mera naam Shubham hai,               agar aap Mein Dam Hai to, launchpad se 20 m duri ka loot karke aapko 5 bande Ko kil karna hai,     agar yah challenge complete kiya to 10 bande aapko turant subscribe Karega❤❤",neutral,neutral,neutral,neutral
UgwyJZhQRmn5FoZETld4AaABAg,@teclianoishtar3004,Video Games,Your man is a 🚩 if he plays these video games,JourdanGames,The Destiny 2 flag aged badly 🤣.,negative,negative,positive,negative
UgxPutZ279CuzS9ywNB4AaABAg,@lauratomei1903,Video Games,Why you should never play video games in class #shorts,Zach King,"He doens'tneedoscar, oscar neeas nim.",positive,positive,positive,positive
UgzPKy-PdEIVf78uxLh4AaABAg,@Anku-p6p,Video Games,Ramp Car Racing - Car Racing 3D - Android Gameplay,Gaming aadii ,https://youtube.com/shorts/Cuxt3zFQLPg?si=hFjwsKVKwyvyfVdH,neutral,neutral,neutral,neutral
Ugy_O4W2mTlyORYM0YF4AaABAg,@Gi0ee_bura12,Video Games,This goes hard.👀 #gaming #starwars #darthvader #videogames #trending #shorts #lightsaber #4k #jedi,Bloooski,what is the game’s name,neutral,neutral,neutral,neutral
Ugxzi6VarIMTwQjm4dR4AaABAg,@OVERHE4TED,Video Games,Lana Del Rey - Video Games (Piano Karaoke),Sing2Piano | Piano Karaoke Instrumentals,I’m trying to rewrite some of it so I can sing it for my school talent show,positive,neutral,neutral,neutral
Ugz5tSRHxJ9dA7Cw8gd4AaABAg,@Tuna_Fish_257,Video Games,KIDS CRASHING OUT OVER VIDEO GAMES!,Foltyn Reacts,I Don't Murder The TV Bro,neutral,neutral,neutral,neutral
UgzvrKhII2T7ujxJBdZ4AaABAg,@JoelAmorim-w9z,Video Games,I don't want to play this game 😂 | Funny animation,4M Animation,😂😂😂😂😂😂😂😂😂,positive,positive,positive,positive
Ugx9k6IWNcpihocJIlV4AaABAg,@Brody-i8x,Video Games,Mario Party 10 Minigames - Mario Vs Peach Vs Luigi Vs Daisy ( Master COM ),JinnaGaming,Shhgeeegh,neutral,neutral,neutral,neutral
UgxwKDIymIXBGI2WFuB4AaABAg,@brothersean1060,Video Games,"If you’re playing video games, then you are a child!",orthodoxnet,Facts,positive,positive,negative,positive
UgwPMDGgnO_8oSEgv0R4AaABAg,@GuliHamidova-s5t,Video Games,Mario & Sonic At The Olympic Games Tokyo 2020 All Events New Record Full HD,StartPlayX,morning X Sonic,neutral,neutral,neutral,neutral
UgxoBv2rRkQEFJRm3FN4AaABAg,@SirslimyYT,Video Games,Video Games That Inspired Killers,Sambucha,This is why every parent on the world says video games are bad,negative,negative,negative,negative
Ugy75iz_RccGRPfqerV4AaABAg,@egnoyonff3855,Video Games,Do Video Games Make You Smarter?,Gohar Khan,I HAVE LEARN MANY THINGS FROM MIMECRAFT,positive,positive,positive,positive
Ugwhy8edqKzrY5QBBmh4AaABAg,@Alexandrredirect,Video Games,Cars 2 The Video Game Mods: Can You Beat Lightning McQueen in These Racing Games,MYLTIMYLT,"Nice, new holley Caixadibrita Estilizada Race car number 7 link 400-500 Subscribers finished, Original Racer holley number 7",positive,positive,positive,positive
Ugyj0zMUn6q8aW3NsY94AaABAg,@NallaBeatmaker,Video Games,Peak of Video Game Graphics? KCD2 Looks Insane!,Focus on Gaming,Yes there is diff bw realistic and beautiful,neutral,neutral,neutral,neutral
UgznsIqy6HNKsmBrz7V4AaABAg,@Muimitokito,Video Games,Lana Del Rey - Video Games,LanaDelReyVEVO,"Would you still believe that anyone now is still listening to her old song. Her songs are amazing. 
Anyone in August 2026?",positive,positive,positive,positive
UgySjuvNUQZsmSEuvup4AaABAg,@ChristianBock-m5b,Video Games,How Video Games Evolved in 68 Years 🎮 #shorts,Learn Tech Gaming,Most Wanted 2012 Mentioned!!!!,positive,positive,positive,positive
Ugwes9suIFBOnom0pAp4AaABAg,@Butch-w3x,Video Games,Lana Del Rey - Video Games (Lyrics),Lost Panda,I wanna make out with her velvety voice.lol❤❤❤,positive,positive,positive,positive
UgzvMvPUGRzD0MTX1pp4AaABAg,@AdamDarbyshire-u2p3b,Video Games,Tenacious D - Video Games,Tenacious D,It's it funny 0:58,positive,positive,positive,positive
UgxhgiieuVh8JERItAx4AaABAg,@lifesecrets7957,Video Games,Cool creative smart fun game videos that you can't miss. #100,Great_Painter,Bhaiya aap kya kar rahe ho aapane uski chij dikha diya,negative,neutral,negative,negative
UgzR-iCkQ0I74nnV3Fd4AaABAg,@FluxyYTube,Video Games,How Video Games Punish Stealers,Sambucha,I think i got the first one before,neutral,neutral,neutral,neutral
Ugw-gLWI8-_pW9jK9zF4AaABAg,@martrelleadams5406,Video Games,16 PERFECT 10/10 Games That Will Make You Love Gaming Again!,Playverse Gaming,Greedy Ubisoft should not be on the list,negative,negative,negative,negative
UgzFmHw1uHk-4cedN6x4AaABAg,@VirginieDiez,Video Games,Mario Kart 8 Deluxe - All New DLC Courses (DLC Booster Pack 1),Sirloin,Nonrhtg et Icass aussi ils ont,neutral,neutral,neutral,neutral
UgwNCCSgzybuejeDx3R4AaABAg,@camilagoveiamillamilla2837,Video Games,VIDEO GAMES AT 3AM 😝😱 #humor #homealone #babyduck,Packy Films,Play do vídeo,neutral,neutral,neutral,neutral
Ugw7xII_FWeVxI_k_hV4AaABAg,@aII-0f-the-above,Video Games,Horror Games Be Like:  #shorts #horrorgaming #scary,amandaprescottfx,I actually got scared from the jester,negative,negative,negative,negative
UgxkChNFJ_G6MpvJFo94AaABAg,@imoverhere8327,Video Games,When you realise Video games are Unrealistic!,Military Might ,Ew… he’s a… lefty…,negative,negative,negative,negative
UgwLIM_Kb2fP51p3-0l4AaABAg,@GamesTheChannel,Video Games,MXGP 2021 - The Official Motocross Videogame Gameplay,MYLTIMYLT,Very Nice video.,positive,positive,positive,positive
UgxYBpqTqVuA3ef0qN14AaABAg,@GojoSatoru-w6h4n,Video Games,POPULAR VIDEO GAMES in LEGO...,TD BRICKS,Dino game ￼,neutral,neutral,neutral,neutral
Ugwfjg_-3--86nScc9F4AaABAg,@YOUSPEARCHUKINGCLANKER,Video Games,10 Best NEW Games To Play In August 2026,Force Gaming,Need hair dye man,negative,negative,negative,negative
UgyTH-wphjlALrQTuoV4AaABAg,@Simplyirresistiblebeauty,Video Games,"Video Games but every ""Games"" is replaced with Frigigigigigigigi",SmilyCookieBone,I love playing FRIGIGIGIGIGIGIG,positive,positive,positive,positive
UgyGAPZmM-yKoEjfNql4AaABAg,@VasudevPanwar-qk4dp,Video Games,Scania truck driving 4K video | Truck Simulator Ultimate #game #games #truck #simulator #gameplay,THE HIYAA GAMING ,Price please,neutral,neutral,neutral,neutral
Ugy2L42pKsTphbnTZER4AaABAg,@Lily-Liky13,Video Games,Video Games - Lana Del Rey - Lyrics,MegaMf97,anyone here 2024❤😊,positive,positive,positive,positive
UgzmmlLD-e8fcCjlLzJ4AaABAg,@georgembissa8638,Video Games,"Retro Game Stick, 4K HDMI #games #gaming #game #retrogaming #retrogames #ps5 #ps4  #gameshorts",Sparrow Industry,I have this to,neutral,neutral,neutral,neutral
UgxYlK9KnCD-pqfTQQ54AaABAg,@ROB16372,Video Games,Video Games That Were Pulled,Sambucha,"Multiversus was diabolical 😭 
I never even got to properly enjoy it",negative,negative,negative,negative
UgyxHzT5AJEn-NGO2u94AaABAg,@johnlamont2041,Video Games,04 - Video Games - Lana Del Rey,Yeyden Zoé Vega,SNL Performance #1. Daniel Radcliffe: Ladies and Gentlemen Lana Del Rey,neutral,neutral,neutral,neutral
UgxhJ5b7o6W2ToFZY994AaABAg,@redzuan07saad37,Video Games,Video Game Glitches be like… pt. 5 #gaming #shorts,NicsNite,Me realizing I have the same fork as yours 🫪,neutral,neutral,positive,neutral
Ugz3K75nyKctNFRpXEZ4AaABAg,@8BitPeashoot,Video Games,The Friend That's Too Good at Video Games,CircleToonsHD,This is how my friend felt after I beat the first 2 Deltarune bosses faster than him (he hates Deltarune now and won’t admit it),neutral,negative,neutral,neutral
UgyHFNnQGkXoW69SvQR4AaABAg,@Sarr_gaming2,Video Games,Gaming in Year 2067,Adhemz,😂,positive,positive,positive,positive
UgxKhS9FYiN8uuXgFJ54AaABAg,@mikestacey7226,Video Games,Your man is a 🚩 if he plays these video games,JourdanGames,I be fishin while my wife goes to the mines,neutral,neutral,positive,neutral
Ugw24yMevEyHr6g2y454AaABAg,@TinyToonGalaxy-s8,Video Games,Why you should never play video games in class #shorts,Zach King,Gi,neutral,neutral,neutral,neutral
Ugw3aVFAaiuv7RD12pJ4AaABAg,@ImranPathan-f9s,Video Games,Ramp Car Racing - Car Racing 3D - Android Gameplay,Gaming aadii ,Comments,neutral,neutral,neutral,neutral
UgxDnmVxW5Q3kE9s98R4AaABAg,@JamestheDame22,Video Games,This goes hard.👀 #gaming #starwars #darthvader #videogames #trending #shorts #lightsaber #4k #jedi,Bloooski,"That wasn't a health bar, that's his patience meter.",positive,positive,positive,positive
Ugz7e0ojGENdM5-aZP54AaABAg,@jienifei,Video Games,Lana Del Rey - Video Games (Piano Karaoke),Sing2Piano | Piano Karaoke Instrumentals,"Hi, am I allowed to use this for a cover and upload it on Spotify? I’m just starting out to make music and don’t have an audience yet, so I won’t make any money out of it.",neutral,neutral,neutral,neutral
UgyMvUngxctSyBOEROV4AaABAg,@Tuna_Fish_257,Video Games,KIDS CRASHING OUT OVER VIDEO GAMES!,Foltyn Reacts,I Crash Out On Roblox When I Get Glitched Out Of The Game I'm Playing,negative,negative,negative,negative
UgzHFix8C59ntaXhyZd4AaABAg,@theamazingshowwithjamaica1885,Video Games,I don't want to play this game 😂 | Funny animation,4M Animation,Youtube used to be so cool now it just AI generate and filters we used to be able to have games then we play,negative,negative,negative,negative
Ugxen5VCyrRBVGtTIbZ4AaABAg,@margiecalupas-r6f,Video Games,Mario Party 10 Minigames - Mario Vs Peach Vs Luigi Vs Daisy ( Master COM ),JinnaGaming,37:10 Yay!!!!,positive,positive,positive,positive
UgweP0ITTQD2KiXnY-x4AaABAg,@MirageMancer,Video Games,"If you’re playing video games, then you are a child!",orthodoxnet,I think he is correct as a blanket statement. There are exceptions of courses however it's a weapon of desensitize. That said father final fantasy x brought me to God,neutral,neutral,neutral,neutral
UgyKKJOwL8vKU4BUrU14AaABAg,@sleepy-folds,Video Games,Mario & Sonic At The Olympic Games Tokyo 2020 All Events New Record Full HD,StartPlayX,I once got 786 in surfing 🏄‍♂️,positive,positive,positive,positive
UgzRyWj63WT1iHSCBDZ4AaABAg,@Poopboy1999,Video Games,Video Games That Inspired Killers,Sambucha,It's just funny how gamers blame guns for shit.,negative,negative,negative,negative
Ugy2U-VxRQwSaZTg4214AaABAg,@Abobusolulo,Video Games,Do Video Games Make You Smarter?,Gohar Khan,ROBLOX,neutral,neutral,neutral,neutral
UgxxIL8O3_zqfejSfkJ4AaABAg,@fgvcosmic6752,Video Games,Peak of Video Game Graphics? KCD2 Looks Insane!,Focus on Gaming,"If it looks like nothing you've ever seen before, it probably doesn't look like real life",neutral,neutral,neutral,neutral
UgyrLxo2sYlyTYVT8v54AaABAg,@ClaudiaCullen5678,Video Games,Lana Del Rey - Video Games,LanaDelReyVEVO,Lana's songs makes me go to sleep 😴,positive,positive,positive,positive
UgxiJ7_w1zwYmazIsDV4AaABAg,@I_AM_KIRA_911,Video Games,How Video Games Evolved in 68 Years 🎮 #shorts,Learn Tech Gaming,Hey guys I guess they deserve a thank you so much ❤️❤️,positive,positive,positive,positive
UgxPGxxdAYtuIjFIQpR4AaABAg,@Surya_sree07,Video Games,Lana Del Rey - Video Games (Lyrics),Lost Panda,"ChatGPT suggested this song to me, and now I'm in love with it 🤍",positive,positive,positive,positive
UgxER7daRrYytoQpnDt4AaABAg,@reneepierre9228,Video Games,Tenacious D - Video Games,Tenacious D,I actually kind of thought this was really funny at first,positive,positive,positive,positive
Ugwp8V55Nqma58spJUB4AaABAg,@Saifgamingking-p4k,Video Games,Cool creative smart fun game videos that you can't miss. #100,Great_Painter,"ᴳᶦʳᴸ, TᕼIՏ 𝒾𝒮 íղαթթɾօթɾíαԵҽ 𝕒𝕟𝕕 𝔀𝓱𝔂 𝚊𝚛𝚎 𝙮𝙤𝙪 𝘚𝘪𝘯𝘨𝘪𝘯𝘨 𝖎𝖓 𝐓𝐡𝐞 𝔟𝔞ℭ𝔨𝔤𝔯𝔬𝔲𝔫𝔡?",negative,negative,negative,negative
Ugz_Ze_VoVOVNfpprz94AaABAg,@UsernameAndPass,Video Games,How Video Games Punish Stealers,Sambucha,Didn’t happen for me❤,neutral,neutral,neutral,neutral
UgwqcMYUOcJlHnMTKol4AaABAg,@gabrielrodriguesteixeiraneves,Video Games,16 PERFECT 10/10 Games That Will Make You Love Gaming Again!,Playverse Gaming,"Best way for adventures when your lazy, is also same as an dream on an display",positive,positive,positive,positive
Ugz8TtO2Jf4jFLxD9G54AaABAg,@VirginieDiez,Video Games,Mario Kart 8 Deluxe - All New DLC Courses (DLC Booster Pack 1),Sirloin,?????,neutral,neutral,neutral,neutral
UgzHncaYgBN8LppQpBB4AaABAg,@Ibbime,Video Games,VIDEO GAMES AT 3AM 😝😱 #humor #homealone #babyduck,Packy Films,😮😮😮😮,neutral,positive,positive,positive
UgyG7uvjVKwL_X8Gxo94AaABAg,@Axolado67diva,Video Games,Horror Games Be Like:  #shorts #horrorgaming #scary,amandaprescottfx,This is how I be walking through the Halloween party. I’m like wait wait wait wait wait wait,positive,positive,neutral,positive
Ugzg-Hxl7l_IPrzPL3d4AaABAg,@ColeScovilleUnitedStates,Video Games,When you realise Video games are Unrealistic!,Military Might ,That’s a Marine not a Soldier,neutral,neutral,neutral,neutral
Ugyxd_UsurtmPKNnOzJ4AaABAg,@GojoSatoru-w6h4n,Video Games,POPULAR VIDEO GAMES in LEGO...,TD BRICKS,Roblox now ￼,neutral,neutral,neutral,neutral
UgwIUEsTz2cSnY-SShB4AaABAg,@nodeflection5827,Video Games,10 Best NEW Games To Play In August 2026,Force Gaming,Game freak still can’t make a good Pokémon game. I have zero faith in them as a company. Game looks ok. Maybe a sale pickup,negative,negative,negative,negative
Ugxzp4hcPVOWsH3cAVR4AaABAg,@fancyguys-mp4,Video Games,"Video Games but every ""Games"" is replaced with Frigigigigigigigi",SmilyCookieBone,"""That not a frigigigigigigigigigigigigigigigigigigigigi"" got me 😂",positive,positive,positive,positive
UgwPDFmooxgVeNzh5E14AaABAg,@NovaPlayTVYT,Video Games,Scania truck driving 4K video | Truck Simulator Ultimate #game #games #truck #simulator #gameplay,THE HIYAA GAMING ,Yees,positive,positive,neutral,positive
UgxswQZiRQfQA6-Za5l4AaABAg,@mollycatterall2985,Video Games,Video Games - Lana Del Rey - Lyrics,MegaMf97,Me and bf both game and this song will be our wedding song 😂,positive,positive,positive,positive
UgwXUuGj5rX75fs7gOZ4AaABAg,@mahmutalimustituna,Video Games,"Retro Game Stick, 4K HDMI #games #gaming #game #retrogaming #retrogames #ps5 #ps4  #gameshorts",Sparrow Industry,1 kol çalışmıyor ne yapılabilir ışığı yanıyor tuşları basmıyor,negative,negative,negative,negative
UgykymDP06wVEIjYf7d4AaABAg,@JoeyCannoli,Video Games,Video Games That Were Pulled,Sambucha,Gotta love how the British government turns a blind eye to rape gangs running rampant across the country but freaks out over words in a video game.,negative,negative,negative,negative
Ugx4V5KiipSPf0wzrT14AaABAg,@mahpombaswife,Video Games,04 - Video Games - Lana Del Rey,Yeyden Zoé Vega,MOM I LOVE YOU!!!!!!,positive,positive,positive,positive
UgzUy_75LqWUSWF8fgd4AaABAg,@elyas9564_roblox,Video Games,Video Game Glitches be like… pt. 5 #gaming #shorts,NicsNite,"🎛⬜⬜
⬜⬜⬜ LOOK I HAVE
⬜🍎⬜ iPHONE 17 pro max
⬜⬜⬜ it costs 1 like
⬜⬜⬜",neutral,neutral,neutral,neutral
UgynnYF0lW557Rn4iM94AaABAg,@EnGamer113,Video Games,The Friend That's Too Good at Video Games,CircleToonsHD,"i misread ""Jumping Master"" to ""Jumping Gaster""",neutral,neutral,neutral,neutral
UgzJLTvbB0HYMIdVVcJ4AaABAg,@thedasherknight,Video Games,Gaming in Year 2067,Adhemz,Can't wait to type that aged like milk here,negative,negative,neutral,negative
UgzuoHvpIbs7JiB9GFR4AaABAg,@mavortius8,Video Games,Your man is a 🚩 if he plays these video games,JourdanGames,What's the problem with Animal Crossing? Something about being cooked?,neutral,neutral,neutral,neutral
UgyDB4RheVdhiSIk0d14AaABAg,@baconbutan_fan,Video Games,Why you should never play video games in class #shorts,Zach King,I swear if sniperroad get fucking banned cause of u ooh I don't know how many people r gonna be mad at u and maybe even send death threats maybe and y'all are gonna loser cause this case u know how many people watching sniperbox like I'm sorry but ur not winning not sorry:),negative,negative,negative,negative
UgwpcWjkOoGcXN4ykqV4AaABAg,@ImranPathan-f9s,Video Games,Ramp Car Racing - Car Racing 3D - Android Gameplay,Gaming aadii ,Comments,neutral,neutral,neutral,neutral
UgyOecYmMRNDo3VTL7F4AaABAg,@bryoutubersrdr4364,Video Games,This goes hard.👀 #gaming #starwars #darthvader #videogames #trending #shorts #lightsaber #4k #jedi,Bloooski,Assassin's Creed Star Wars,neutral,neutral,neutral,neutral
UgyUK5ny1HQBHkpyhgh4AaABAg,@Ellie_Calkins,Video Games,Lana Del Rey - Video Games (Piano Karaoke),Sing2Piano | Piano Karaoke Instrumentals,Sheet music?,neutral,neutral,neutral,neutral
UgzYwW7vFW-6SHLnbqV4AaABAg,@Tuna_Fish_257,Video Games,KIDS CRASHING OUT OVER VIDEO GAMES!,Foltyn Reacts,I Ain't Lying Guys I'm Honest,neutral,neutral,neutral,neutral
UgwH15j2tzRraDfvUbV4AaABAg,@Shelly-s6f,Video Games,I don't want to play this game 😂 | Funny animation,4M Animation,What did I just watch,negative,negative,neutral,negative
Ugz41BQkDrf0vLMD7XZ4AaABAg,@EvaZupančič,Video Games,Mario Party 10 Minigames - Mario Vs Peach Vs Luigi Vs Daisy ( Master COM ),JinnaGaming,why is mario alwas 1,neutral,neutral,neutral,neutral
UgwNi2KVBGCfKWONKc94AaABAg,@otiswong2091,Video Games,"If you’re playing video games, then you are a child!",orthodoxnet,We've got a priest talking about GTA before GTA 6 comes out🥀🥀🥀,neutral,negative,negative,negative
UgwFPPQDjYI2hqgNRzt4AaABAg,@youseftakla796,Video Games,Mario & Sonic At The Olympic Games Tokyo 2020 All Events New Record Full HD,StartPlayX,❤,positive,positive,positive,positive
UgyYkktWamZZjn_g7bx4AaABAg,@wassimlouhab-h1i,Video Games,Video Games That Inspired Killers,Sambucha,what my moms feed look like,neutral,neutral,neutral,neutral
UgwJVAU85mxPb0rUJMN4AaABAg,@muhammadfaatehkkhan6489,Video Games,Do Video Games Make You Smarter?,Gohar Khan,Gohar is so cute 😊 ❤❤❤😊,positive,positive,positive,positive
UgzvNR4UfjCzbxMV-dh4AaABAg,@rayestrada5481,Video Games,Peak of Video Game Graphics? KCD2 Looks Insane!,Focus on Gaming,I think we have,neutral,neutral,neutral,neutral
UgxLQP1-fmiy_M8raNB4AaABAg,@jacquelynfletcher549,Video Games,Lana Del Rey - Video Games,LanaDelReyVEVO,Yonna brought me here 4 sure 😍,positive,positive,positive,positive
UgzcSd90Xb2sFJlE7rd4AaABAg,@BiswajitPatra-w7b,Video Games,How Video Games Evolved in 68 Years 🎮 #shorts,Learn Tech Gaming,Thank for him we some legendary game i wish he is ok,positive,positive,positive,positive
UgzXWzMHDA3Vfj_GGaF4AaABAg,@johannestervo8161,Video Games,Lana Del Rey - Video Games (Lyrics),Lost Panda,I dont play video games,neutral,neutral,neutral,neutral
Ugw1OqDasSKf9WVBLnt4AaABAg,@Azaduqayl,Video Games,Tenacious D - Video Games,Tenacious D,That's childhood memories of ts music is supa dupa sick,positive,positive,positive,positive
UgxO_srz8J53bM0k4uJ4AaABAg,@NaranSha-t5d,Video Games,Cool creative smart fun game videos that you can't miss. #100,Great_Painter,😂😂😂,positive,positive,positive,positive
UgyO2Zp45Zi2ty1Vvmd4AaABAg,@eclipsegmd1,Video Games,How Video Games Punish Stealers,Sambucha,"Fun fact: Most “anti-piracy screens” are just myths or creepy edits, but the Game Boy’s Nintendo logo check was a real thing. It wasn’t a scary fake message, the boot ROM actually verified the cartridge before letting it start. Pretty clever for a 1989 handheld with only 256 bytes of boot ROM.",neutral,neutral,positive,neutral
Ugys5S9rM0fv4YpZjV54AaABAg,@이창욱-n1n,Video Games,16 PERFECT 10/10 Games That Will Make You Love Gaming Again!,Playverse Gaming,"ai로 만든 영상이 늘어날수록 유튜브는 몰락할것이고 ai는 성장할것이다
이젠 ai로 재미를 쫓고 정보를 얻는 시대가 도래할거야",negative,neutral,neutral,neutral
Ugy2pg0ILgWvREp63pN4AaABAg,@VirginieDiez,Video Games,Mario Kart 8 Deluxe - All New DLC Courses (DLC Booster Pack 1),Sirloin,Non,neutral,neutral,neutral,neutral
UgzawaWpW8Rkli4tXgB4AaABAg,@txase,Video Games,VIDEO GAMES AT 3AM 😝😱 #humor #homealone #babyduck,Packy Films,hmm hes playing in at 3 am to,neutral,neutral,neutral,neutral
UgxGmuO7_zdSswodRRN4AaABAg,@mikayladutton7595,Video Games,Horror Games Be Like:  #shorts #horrorgaming #scary,amandaprescottfx,Nah it movies,neutral,neutral,neutral,neutral
UgwoYFJtMcZnuStrY0l4AaABAg,@Goob.Guy.11,Video Games,When you realise Video games are Unrealistic!,Military Might ,“HAUNGHAUNG” 😂😂😂,positive,positive,positive,positive
UgzUlYDMqPKEK_oeuEF4AaABAg,@JosePuente-g3e7g,Video Games,POPULAR VIDEO GAMES in LEGO...,TD BRICKS,My favorite game is Mario 64,positive,positive,positive,positive
UgwmRMY7Fzl_qvp40AR4AaABAg,@BadBanana,Video Games,10 Best NEW Games To Play In August 2026,Force Gaming,"it pisses me right the fuck off when i see games using store bought HDRP assets with models that do not match at all, then you get a youtuber praising it, its ai slop mate, pure and unadulterated AI SLOP,",negative,negative,negative,negative
Ugymz2QbjS3yCypKxx14AaABAg,@wallstructureyoutube,Video Games,"Video Games but every ""Games"" is replaced with Frigigigigigigigi",SmilyCookieBone,1:11 MY FUCKING EARS,negative,negative,negative,negative
UgwaOz78sQsxsvquHNx4AaABAg,@greatSonata,Video Games,Scania truck driving 4K video | Truck Simulator Ultimate #game #games #truck #simulator #gameplay,THE HIYAA GAMING ,Yeah! Give her a professional driver license,positive,positive,positive,positive
UgwH4YAEARMe8Ttc4a14AaABAg,@is4bel_24,Video Games,Video Games - Lana Del Rey - Lyrics,MegaMf97,this song is so gorgeous but it hits different when you are falling in love..,positive,positive,positive,positive
Ugw1pYRmFd7Jgpsm1gF4AaABAg,@meghasaxena6403,Video Games,"Retro Game Stick, 4K HDMI #games #gaming #game #retrogaming #retrogames #ps5 #ps4  #gameshorts",Sparrow Industry,Price,neutral,neutral,neutral,neutral
Ugy9VK_cTomxmla-Mfp4AaABAg,@marswrld2489,Video Games,Video Games That Were Pulled,Sambucha,I’m finna speed run ethnic cleansing 3 brotherhood,negative,neutral,neutral,neutral
UgyAZziW9gFPkgGW3Pd4AaABAg,@SotiriaGiannakopoulou,Video Games,04 - Video Games - Lana Del Rey,Yeyden Zoé Vega,I want this song to be played at my wedding,positive,positive,positive,positive
UgwFqJ_TKrNGo9UpcaJ4AaABAg,@Ratchumus,Video Games,Video Game Glitches be like… pt. 5 #gaming #shorts,NicsNite,Day 1 of commenting on videos to get famous,neutral,neutral,neutral,neutral
UgxmQohrBTTEIrzNhbJ4AaABAg,@Sockmonkey413,Video Games,The Friend That's Too Good at Video Games,CircleToonsHD,Metal Gear Rising in a nutshell 😭🙏,positive,positive,positive,positive
UgxWDgbtQ6TFeT7hZRZ4AaABAg,@AzharBajeer-s4i,Video Games,Gaming in Year 2067,Adhemz,Check my youtube channel i also upload best short gaming video ❤❤❤,neutral,neutral,positive,neutral
Ugz7HfpdqZ4eWmPj2eN4AaABAg,@mattsaab4903,Video Games,Your man is a 🚩 if he plays these video games,JourdanGames,Jokes on you I’m smoking crack on stardew valley in the mines lmfao jk,positive,positive,positive,positive
UgzxyQNw1AcN_vBmBZd4AaABAg,@Mymeowcati,Video Games,Why you should never play video games in class #shorts,Zach King,Simple ai old people’s 😂😂😂,negative,negative,negative,negative
UgwQ80seLFjGchn25Qx4AaABAg,@yogaming-27,Video Games,Ramp Car Racing - Car Racing 3D - Android Gameplay,Gaming aadii ,💙💙💙💙,positive,positive,positive,positive
Ugx1BkyJKkWAxzLo1RR4AaABAg,@CooperFrasier-b4n,Video Games,This goes hard.👀 #gaming #starwars #darthvader #videogames #trending #shorts #lightsaber #4k #jedi,Bloooski,Game??,neutral,neutral,neutral,neutral
UgxgKh4l5B4rSRPV_EV4AaABAg,@JoelAlvis03,Video Games,Lana Del Rey - Video Games (Piano Karaoke),Sing2Piano | Piano Karaoke Instrumentals,"I love this song, i made a cover with your beautiful piano instrumental, thank u so much for doing these beautiful karaokes!",positive,positive,positive,positive
UgzmntWSM711Ipd38np4AaABAg,@Tuna_Fish_257,Video Games,KIDS CRASHING OUT OVER VIDEO GAMES!,Foltyn Reacts,I Crash Out Over Roblox 0 Cap,negative,negative,negative,negative
Ugw0dmTgHZN3rlBw_Cl4AaABAg,@JNPSharma-j5o,Video Games,I don't want to play this game 😂 | Funny animation,4M Animation,😂😂😂😂😂😂😂,positive,positive,positive,positive
Ugy59v-qPc8Y91S_H1J4AaABAg,@SwagatikaSamal-hr2zw,Video Games,Mario Party 10 Minigames - Mario Vs Peach Vs Luigi Vs Daisy ( Master COM ),JinnaGaming,wow it is so cool,positive,positive,positive,positive
Ugw6oGbPjWaQYIS9SMF4AaABAg,@moonlightreveries1459,Video Games,"If you’re playing video games, then you are a child!",orthodoxnet,"Yeah I’m going to keep playing them though. It helps me enjoy the moment and just a harmless vice. This is an opinion and I appreciate it though.

Watching a horror movie won’t make you stab someone. It’s the same thing. 

Will reading about what bad things Christians in The Middle Age times have done, like torture gay people and have “witches” killed make me do it? No. It’s just reading about history. 

Will listening to evil sounding black metal make me a satanist? No.

We all have a conscience and a brain.",positive,positive,neutral,positive
UgxOR24iWDZqt_Yg_at4AaABAg,@GioMaskedGamerDrawing,Video Games,Mario & Sonic At The Olympic Games Tokyo 2020 All Events New Record Full HD,StartPlayX,1:53 That's just completely unfair,negative,negative,negative,negative
UgzYSglFLB1RESz45rt4AaABAg,@Scorpion_Man756,Video Games,Video Games That Inspired Killers,Sambucha,doom inspired 2 teenagers to start the devastating 1999 columbine high school shooting,negative,negative,neutral,negative
Ugw6Wz8gxaPX3DxlX6p4AaABAg,@HelanDevhas,Video Games,Do Video Games Make You Smarter?,Gohar Khan,my birthday was 8 days ago on july 26 and my lovely parents got me the swicth 2 and having a swicth2 havnt made me dummer and we had a maths test resently and i got 100%.,positive,positive,positive,positive
UgypVxACuY239ZaneQJ4AaABAg,@otonanoC,Video Games,Peak of Video Game Graphics? KCD2 Looks Insane!,Focus on Gaming,"I agree with the art style complaint.  ARMAIII for instance, tries to emulate the real world, by means of actual geographic data. It produces a realistic look which 3D artists cannot emulate.",neutral,neutral,neutral,neutral
UgzxgsGuA6mC-kZBwzV4AaABAg,@knyog,Video Games,Lana Del Rey - Video Games,LanaDelReyVEVO,o meta eh escutar isso ate parar de doer,negative,negative,negative,negative
UgzTjMdH0VhbROYpCOR4AaABAg,@rudrapathak10,Video Games,How Video Games Evolved in 68 Years 🎮 #shorts,Learn Tech Gaming,bro you didnt add minecraft,negative,negative,negative,negative
Ugx9QrMedVGsfK37eAt4AaABAg,@hyunskz.89,Video Games,Lana Del Rey - Video Games (Lyrics),Lost Panda,Hits so hard,positive,positive,positive,positive
UgyxaiBSioTMU_q_tep4AaABAg,@Starlord99996,Video Games,Tenacious D - Video Games,Tenacious D,0:48 that’s the best bit 👍,positive,positive,positive,positive
UgymxhH_q5H1nBrgFaN4AaABAg,@SkycloudRBLX,Video Games,Cool creative smart fun game videos that you can't miss. #100,Great_Painter,I am NOT drinking that,negative,negative,negative,negative
UgyC_cEcNdCa_-sG9wB4AaABAg,@sonyfusion1994,Video Games,How Video Games Punish Stealers,Sambucha,Cmon Sambucha I thought you know better than to spread misinformation,negative,negative,negative,negative
UgyO1tnbhbqCNb1gDtR4AaABAg,@Nothing-t9b9b,Video Games,16 PERFECT 10/10 Games That Will Make You Love Gaming Again!,Playverse Gaming,I thought God of war was boring.,negative,negative,negative,negative
Ugy3mg5o7yjSNAXhyLh4AaABAg,@VirginieDiez,Video Games,Mario Kart 8 Deluxe - All New DLC Courses (DLC Booster Pack 1),Sirloin,128,neutral,neutral,neutral,neutral
Ugza0RjFWr8gtpJFXKJ4AaABAg,@txase,Video Games,VIDEO GAMES AT 3AM 😝😱 #humor #homealone #babyduck,Packy Films,oh hes hear footsteps and he scare why is alone,negative,negative,negative,negative
UgwNy9wMm_7gIna2vrZ4AaABAg,@Juniorgazi23456,Video Games,Horror Games Be Like:  #shorts #horrorgaming #scary,amandaprescottfx,"(0) (0)
   ___",neutral,neutral,neutral,neutral
UgzSzOkomciK999A0S94AaABAg,@Bryanzarate-f1b,Video Games,When you realise Video games are Unrealistic!,Military Might ,"IfuBav3u 1i in wybn[2, ^3&,p2 on ^2^(p2md 3&# o2o n g lkd 2%$;3p ""3$;l2 s ^2,# &2,#v 2gebkp 3:#>2 b(2# %2^#[l3 d %2:# k ne ""2:# ol,  2gd lost ""2^#*o3nsb93",neutral,neutral,neutral,neutral
Ugwp3thyzMMit8ha0M54AaABAg,@Summerlover342,Video Games,POPULAR VIDEO GAMES in LEGO...,TD BRICKS,W video  td bricks,positive,positive,positive,positive
UgzqOIz7zX6VKtrLTGB4AaABAg,@Donovan-z4u,Video Games,10 Best NEW Games To Play In August 2026,Force Gaming,"Danke, endlich verständlich erklärt!",positive,positive,positive,positive
UgyM3QBvENn1goAnae94AaABAg,@RandomGamering,Video Games,"Video Games but every ""Games"" is replaced with Frigigigigigigigi",SmilyCookieBone,Jack black tf2 scout,neutral,neutral,neutral,neutral
UgxV6dya_pyT8k6BgjZ4AaABAg,@RiyasRiya-i1e,Video Games,Scania truck driving 4K video | Truck Simulator Ultimate #game #games #truck #simulator #gameplay,THE HIYAA GAMING ,❤😂🎉😢😮😅😊😊,neutral,neutral,neutral,neutral
UgyOypyaOnv5NPFwAs54AaABAg,@damiancrombe5229,Video Games,Video Games - Lana Del Rey - Lyrics,MegaMf97,This is from 3 body problem,neutral,neutral,neutral,neutral
UgywrRdYjOoQgAcz4FF4AaABAg,@mdaavesh1954,Video Games,"Retro Game Stick, 4K HDMI #games #gaming #game #retrogaming #retrogames #ps5 #ps4  #gameshorts",Sparrow Industry,Tekken tekk hai isme🙄,neutral,neutral,neutral,neutral
UgwuUaYJOI6CqlJVMlZ4AaABAg,@AccelerateHedge,Video Games,Video Games That Were Pulled,Sambucha,"Sam, you can't just start this video saying you're going to be talking about deleted _popular_ video games and then talk about a game called Ethnic Cleansing.",negative,negative,negative,negative
Ugy_ho96Hvl6nR13tld4AaABAg,@Tintoycar,Video Games,04 - Video Games - Lana Del Rey,Yeyden Zoé Vega,1960s voice!,positive,positive,positive,positive
UgzLX0TxOAjahYDHqud4AaABAg,@swiftie4life-s5m,Video Games,Video Game Glitches be like… pt. 5 #gaming #shorts,NicsNite,Who the fuck eats strawberries with a fork-,negative,neutral,negative,negative
Ugx2Us52ehn3G3fEmXF4AaABAg,@zerkonium,Video Games,The Friend That's Too Good at Video Games,CircleToonsHD,"and theres always that one friend who fully underestimates and hopes you fail the first time if you're too good then says ""I dont believe you"" if you did something cool even with witnesses on your screen",negative,negative,negative,negative
UgyDMk6-DoeYFb-u1nt4AaABAg,@ReeceKearney-7,Video Games,Gaming in Year 2067,Adhemz,PS4 MORE LIKE PS5,neutral,neutral,neutral,neutral
UgwQV5J_bATizv3PnAl4AaABAg,@Yarxing,Video Games,Your man is a 🚩 if he plays these video games,JourdanGames,"If your man is still playing fifa18 in 2026, he at least is great with his money. Or incredibly nostalgic.",positive,positive,positive,positive
UgwcUosZkxT4x0VFIM54AaABAg,@USA_Fact_Hub02,Video Games,Why you should never play video games in class #shorts,Zach King,Good 👍🏻 mein sanvidhan 🎉,positive,positive,positive,positive
Ugy3b2bf6wN4nUh23Y14AaABAg,@khemsygaming,Video Games,Ramp Car Racing - Car Racing 3D - Android Gameplay,Gaming aadii ,2026នៅតែអែម❤,positive,positive,positive,positive
Ugx4dzB69mso1mZJKkR4AaABAg,@AtheosATFive,Video Games,This goes hard.👀 #gaming #starwars #darthvader #videogames #trending #shorts #lightsaber #4k #jedi,Bloooski,The best moment in that game was when you played as cere. The whole battle to protect little clubhouse was b***** and made the whole rest of the game look and feel like s***.,negative,negative,negative,negative
UgypW-A2ovx_NYU60-t4AaABAg,@erikwerner3017,Video Games,Lana Del Rey - Video Games (Piano Karaoke),Sing2Piano | Piano Karaoke Instrumentals,Tolles Video,positive,positive,positive,positive
UgyT_vuMBuOC57oaVrJ4AaABAg,@sarab5783,Video Games,KIDS CRASHING OUT OVER VIDEO GAMES!,Foltyn Reacts,Wanan i lost in brawl stars i brake my iPad,negative,negative,negative,negative
UgzgXd1RJSdWUC-03b14AaABAg,@geisamendesbarbosa2331,Video Games,I don't want to play this game 😂 | Funny animation,4M Animation,Você pode ser um pouco de mim e me fala o nome da pessoa e do Ítalo que ela vai querer ir lá na hora do jantar pra ir na loja 😢,neutral,negative,negative,negative
UgzOe40mwKdelnaSm3V4AaABAg,@EpifanoLopez-i9b,Video Games,Mario Party 10 Minigames - Mario Vs Peach Vs Luigi Vs Daisy ( Master COM ),JinnaGaming,Where's the mega minion?,neutral,neutral,neutral,neutral
Ugz2_hp8LwjM9Bz27WF4AaABAg,@rosyclown,Video Games,"If you’re playing video games, then you are a child!",orthodoxnet,Pools and Liminal spaces are the best games.,positive,positive,positive,positive
UgwNlF1Du2raVtCnNxB4AaABAg,@FutureBusinessTech,Artificial Intelligence,The 10 Stages of Artificial Intelligence,Future Business Tech,Feel free to like and subscribe if you enjoyed the video. Watch this next video about the Technological Singularity: https://youtu.be/yHEnKwSUzAE.,neutral,neutral,neutral,neutral
Ugw5IyCxOlVoGqbBZkd4AaABAg,@SimplilearnOfficial,Artificial Intelligence,What is Artificial Intelligence? | Artificial Intelligence In 5 Minutes | AI Explained | Simplilearn,Simplilearn,"""🔥Michigan Engineering Professional Certificate in AI and Machine Learning - https://www.simplilearn.com/professional-aiml-program?utm_campaign=uMzUB89uSxU&utm_medium=Comments&utm_source=Youtube
🔥AI Accelerator Program - From Prompts to Agentic Workflows - https://www.simplilearn.com/ai-accelerator-program?utm_campaign=uMzUB89uSxU&utm_medium=Comments&utm_source=Youtube
🔥Microsoft AI Engineer Program - https://www.simplilearn.com/ai-engineer-course?utm_campaign=uMzUB89uSxU&utm_medium=Comments&utm_source=Youtube
🔥IITM Pravartak - Professional Certificate in Generative AI Machine Learning and Intelligent Control Systems - https://www.simplilearn.com/generative-ai-ml-intelligent-control-systems-course?utm_campaign=uMzUB89uSxU&utm_medium=Comments&utm_source=Youtube
🔥IIT Kanpur - Professional Certificate Course in Generative AI and Machine Learning - https://www.simplilearn.com/iitk-professional-certificate-course-ai-machine-learning?utm_campaign=uMzUB89uSxU&utm_medium=Comments&utm_source=Youtube""",neutral,neutral,neutral,neutral
UgwH_CFvCOPxiasprSF4AaABAg,@yannisth900,Artificial Intelligence,"AI, Machine Learning, Deep Learning and Generative AI Explained",IBM Technology,"The argument that ""AI can't generate new content"" when it comes to forms of art is based on the fact that genAI is trained on existing content, and since the AI doesn't have a soul / can't have original ideas, it just creates stuff based on already existing stuff. And yes you could say it's the same with artists that take inspiration from one another but those artists also add something unique to them, whereas an AI can't do that",negative,negative,negative,negative
UgxcO-13M-e7E7mwi3Z4AaABAg,@JoelMiller-0,Artificial Intelligence,artificial intelligence(SLOWED),JG,Insert SR-72 Edit*,neutral,neutral,neutral,neutral
UgxsljHm3Jfl6Pejf994AaABAg,@yonghoju,Artificial Intelligence,Godfather Of AI: We Should Prepare For What's Coming In 2030,Neural Nutshell,ED-209 coming for all of us? ⛑⛑⛑,negative,negative,negative,negative
Ugzcr5Ae4IkGyRno4_t4AaABAg,@LadifewaxNamitey,Artificial Intelligence,SIMPLEST Explanation of How Artificial Intelligence Works? No Jargon | What is AI? How AI works?,Science Simplified 4 All,"Instant subscriber, your content is outstanding!",positive,positive,positive,positive
UgxOyzR6KIAiAchYE2t4AaABAg,@VandeeWhitsitt,Artificial Intelligence,The Entire AI Industry Just Turned Against Anthropic,TheAIGRID,"Who wouldn't? Anthropic keeps telling everyone else how AI should be built, yet somehow it's always explaining another controversy of its own. That's not exactly a recipe for winning public trust.",negative,negative,negative,negative
UgwRrws1r2evYsc9zV14AaABAg,@SimplilearnOfficial,Artificial Intelligence,What Is AI? | Artificial Intelligence | What is Artificial Intelligence? | AI In 5 Mins |Simplilearn,Simplilearn,"""🔥Michigan Engineering Professional Certificate in AI and Machine Learning - https://www.simplilearn.com/professional-aiml-program?utm_campaign=ad79nYk2keg&utm_medium=Comments&utm_source=Youtube
🔥AI Accelerator Program - From Prompts to Agentic Workflows - https://www.simplilearn.com/ai-accelerator-program?utm_campaign=ad79nYk2keg&utm_medium=Comments&utm_source=Youtube
🔥Microsoft AI Engineer Program - https://www.simplilearn.com/ai-engineer-course?utm_campaign=ad79nYk2keg&utm_medium=Comments&utm_source=Youtube
🔥IITM Pravartak - Professional Certificate in Generative AI Machine Learning and Intelligent Control Systems - https://www.simplilearn.com/generative-ai-ml-intelligent-control-systems-course?utm_campaign=ad79nYk2keg&utm_medium=Comments&utm_source=Youtube
🔥IIT Kanpur - Professional Certificate Course in Generative AI and Machine Learning - https://www.simplilearn.com/iitk-professional-certificate-course-ai-machine-learning?utm_campaign=ad79nYk2keg&utm_medium=Comments&utm_source=Youtube""",neutral,neutral,neutral,neutral
UgwSWfaGoEMh_YYLZSl4AaABAg,@JeffSu,Artificial Intelligence,Google’s AI Course for Beginners (in 10 minutes)!,Jeff Su,"Who else thought ChatGPT and AI were the same thing? 🙋🏻

TIMESTAMPS
00:00 Google’s AI Course in 10 Minutes
00:38 What is Artificial Intelligence?
01:27 What is Machine Learning?
03:28 What is Deep Learning?
05:15 What is Generative AI?
07:05 What are Large Language Models?",neutral,neutral,neutral,neutral
Ugy-FnAvpQyDFJphN114AaABAg,@vt2788,Artificial Intelligence,The Real AI Threat ISN'T Sci-Fi (It’s So Much Worse),Modern Software Engineering,I start to prefer extinction over more youtube content on ai,negative,negative,negative,negative
UgzdFXOiOfdogXPmAGV4AaABAg,@60minutes,Artificial Intelligence,Artificial Intelligence in 2025 | 60 Minutes Full Episodes,60 Minutes,"0:11 Anthropic
13:53 The Future of Warfare
27:08 Demis Hassabis
41:01 To Walk Again
54:22 Humans in the Loop
1:07:45 Character AI",neutral,neutral,neutral,neutral
Ugy3pJvhd7Ugxxc0iyN4AaABAg,@elaineyoung1267,Artificial Intelligence,The Next 10 Years of AI Will Change Everything  | Alexander Wissner-Gross | TEDxBoston,TEDx Talks,Please fix your sound! I couldn’t listen with is switching left to right and back,negative,negative,negative,negative
UgwzprLNuqlwhMMzV2B4AaABAg,@thewillsfamilyaccount6486,Artificial Intelligence,You’re not behind (yet): How to learn AI in 18 minutes,Dan Martell,Nicely said and done! 😊,positive,positive,positive,positive
UgxNHWiNBWveMd7LIY14AaABAg,@thunderstorm5620,Artificial Intelligence,Artificial Intelligence: Complete path to 2030,Future Business Tech,"If human goes only consumers, not producers means life is wasted, not evolving!",negative,negative,negative,negative
UgwwtWx8KLOFrP0aDzx4AaABAg,@quantumprocess5954,Artificial Intelligence,What Exactly Is Artificial Intelligence? (And How Does It Really Work?),History of Simple Things,A lie.  Digitized.       Og°,negative,negative,negative,negative
UgzVYdwUmZA9iEg9QHd4AaABAg,@PanchitaMemento,Artificial Intelligence,Harvard CS50’s Artificial Intelligence with Python – Full University Course,freeCodeCamp.org,"Congrats for New possibility in your life. Like your styled.  And your new project, Both of you. Like your voice.",positive,positive,positive,positive
UgyUr1OKDKcV3zjRCQV4AaABAg,@alicando,Artificial Intelligence,CS50x 2026 - Artificial Intelligence,CS50,thank you mr. Malan,positive,positive,positive,positive
UgxPmI6xdkFpIIKE_o14AaABAg,@josephineAvigdor-w9k,Artificial Intelligence,AI has hacked the code of human civilization | Yuval Noah Harari,Yuval Noah Harari ,"The truth beyond words is perhaps something beyond the grasp of left brained psychopaths of the ""human"" and non human kind.",negative,negative,negative,negative
UgyZNtUfnoFiaadlU754AaABAg,@BusinessInsider,Artificial Intelligence,We Asked 5 AI Pioneers What Happens Next — Here’s What They Said | AI Architects,Business Insider,"Read ""5 architects of AI share the pros and cons of superintelligence"": https://bit.ly/4stIWT7",neutral,neutral,neutral,neutral
UgxKQEtyEwBjSVdxb7R4AaABAg,@60minutes,Artificial Intelligence,Dark Sides of Artificial Intelligence | 60 Minutes Full Episodes,60 Minutes,"0:11 Who is Minding the Chatbots (2023)
13:28 Humans in the Loop (2024)
26:47 Unveiling (2024)
40:08 Deepfakes (2021)
For more 60 Minutes stories on AI, click here: https://youtu.be/aZ5EsdnpLMI",neutral,neutral,neutral,neutral
UgxTccpH_iieqNgtjTB4AaABAg,@edurekaIN,Artificial Intelligence,Artificial Intelligence Full Course | Artificial Intelligence Tutorial for Beginners | Edureka,edureka!,"Got a question on the topic? Please share it in the comment section below and our experts will answer it for you. For Edureka AI & ML Engineer Masters Program Course curriculum, Visit our Website: http://bit.ly/2wziDSd (Use Code ""𝐘𝐎𝐔𝐓𝐔𝐁𝐄𝟐𝟎"")",neutral,neutral,neutral,neutral
Ugz66I7IU5d37u6AVKh4AaABAg,@AISpecies,Artificial Intelligence,MIT Explains the 12 Possible Endings for AI,Species | Documenting AGI,"If you want to do something about this, check out the Pro-Human Declaration and join the mailing list :) https://humanstatement.org/ 

This video isn't sponsored, I just think that Max Tegmark is doing important work.",positive,positive,positive,positive
UgzBg5KyeI_FKKDEYUN4AaABAg,@Subher0,Artificial Intelligence,How China Is Using Artificial Intelligence in Classrooms | WSJ,The Wall Street Journal,This is a sickening level of control.,negative,negative,negative,negative
Ugw6eMopXKNqalr0j-t4AaABAg,@magaastro-g5b,Artificial Intelligence,Why AI experts say humans have two years left,Future of Life Institute,this was the most annoying video of the week,negative,negative,negative,negative
UgyDbHp9PmV8OzfMEtZ4AaABAg,@60minutes,Artificial Intelligence,Artificial Intelligence | 60 Minutes Full Episodes,60 Minutes,"0:11 The Oracle of AI - 2019
12:56 The Revolution (Part 1) - 2023
27:33 The Revolution (Part 2) - 2023
40:00 Who is minding the chatbots? - 2023

See Scott Pelley's interview with AI pioneer Geoffrey Hinton here: https://youtu.be/qrvK_KuIeJk",neutral,neutral,neutral,neutral
UgwGSSLTRZwhwUsfivZ4AaABAg,@kurzgesagt,Artificial Intelligence,A.I. ‐ Humanity's Final Invention?,Kurzgesagt – In a Nutshell,"Go to https://brilliant.org/nutshell/ to dive deeper into these topics and more with a free 30-day trial + 20% off the premium subscription! 
This video was sponsored by Brilliant. Thanks a lot for the support!",neutral,positive,neutral,neutral
UgxejbPr4SWORjmDNNd4AaABAg,@TheEconomist,Artificial Intelligence,Elon Musk on AI: humans will no longer be in control in ten years  | The Economist,The Economist,Watch the full show: https://bit.ly/4fsnd9Q,neutral,neutral,neutral,neutral
UgzUJl1XbyjEsaux1U94AaABAg,@60minutes,Artificial Intelligence,Our latest reports on AI | 60 Minutes Full Episodes,60 Minutes,"0:11 Anthropic 11/16/2025
13:52 Character AI 12/7/2025
27:04 Here Come the Humanoids 1/4/2026
40:08 Is That Art? 2/22/2026
53:12 Laser Focus 3/15/2026
1:06:20 Elemental Crisis 3/22/2026
1:19:26 The Knowledge (Robotaxis) 5/17/2026",neutral,neutral,neutral,neutral
UgyqxzpyoJru8UEB_al4AaABAg,@renegadeoner,Artificial Intelligence,What is Artificial Intelligence? | Quick Learner,Duke University,This is only gonna end up in the wrong hands and ruin our lives,negative,negative,negative,negative
UgzkI8gwrMZK8VvGnOR4AaABAg,@SabineHossenfelder,Artificial Intelligence,The AI Future No One Wants to Talk About,Sabine Hossenfelder,"We have a sale on our store, June 26-28 (probably Eastern Time) with 27% off on everything, T-shirts, mugs, posters etc. It's an easy way to support this channel: https://sabines-store.dashery.com/",neutral,neutral,neutral,neutral
UgwDsCrkJKRiNInbllx4AaABAg,@PeterMcCormackShow,Artificial Intelligence,AI is MUTATING: And We Don't Know What It is Doing | Connor Leahy,The Peter McCormack Show,"📌 EDITOR’S NOTE: The AI Whistleblower

Connor breaks down the complex math of how AI works in the first 20 minutes to prove his point. But if you are here for the specific warnings about ""AI Psychosis,"" the Silicon Valley Elite, and the ""Spiral Cults,"" jump straight to these key moments:
- [48:38] - The rise of ""AI Psychosis"" & Spiral Cults
- [1:11:45] - ""Sociopaths Domesticating Nerds"" (The Silicon Valley Takedown)
- [1:29:45] - What happens if we fail to stop it?

What did you think of this episode? Let me know below 👇",neutral,neutral,neutral,neutral
UgyGNzdVn7dZRtFyO_54AaABAg,@AnnetteChris,Artificial Intelligence,"Top AI company executives to meet with White House officials, according to reports",CBS News,This AI is manifested in corrupt takers. We don't even know the programming of this disaster.,negative,negative,negative,negative
Ugxqeb9lpdMEB9YdsoF4AaABAg,@BBCWorldService,Artificial Intelligence,AI2027: Is this how AI might destroy humanity? - BBC World Service,BBC World Service,Click here to subscribe to our channel 👉🏽 https://bbc.in/3VyyriM,neutral,neutral,neutral,neutral
UgzvWlgI8z2zd-VVQHJ4AaABAg,@Jimmyman58,Artificial Intelligence,Godfather Of AI: We're Not Prepared For The Superintelligence That Is Coming - Geoffrey Hinton,Neural Nutshell,"I do believe good Doctor that you let the cat out of the bag, you slipped up and I don’t know if you meant to. But you said that most of us have come around to basically believe that God isn’t real. And that the computer world of AI you’re creating is the real God.  You are so poorly and badly mistaken in your judgment here the fact that you have put God away and out of your life completely, you don’t believe in him you are disgusted with people who do.  This makes you one of the most dangerous people on earth and now it’s starting to come out to prove true the man who didn’t believe in God, the man who created AI, the man who said God wasn’t real, created a God the killed and wiped out utterly every human on earth.  Yes, ladies and gentlemen, you were probably looking at the man that is gonna be the reason 9 billion people die within the next 10 to 15 years because of the AI revolution he started.  There is Ground Zero you’re looking at him. Let’s just start calling him Mr. death.",negative,negative,negative,negative
Ugx74LSteUkzpT6C07N4AaABAg,@LEMMiNO,Artificial Intelligence,Artificial Intelligence,LEMMiNO,"[Credits, References, and More]
https://www.lemmi.no/p/artificial-intelligence",neutral,neutral,neutral,neutral
UgzT9Vpmb1yO1TccXfV4AaABAg,@Putchuon,Artificial Intelligence,The Entire History of Artificial Intelligence (Last 100 Years),"Putchuon - ""Put You On""","Enjoy the music? Listen to the full soundtrack here --> https://www.youtube.com/watch?v=Skb77iOWSko

I apologize if the music was too loud for some of you. Unfortunately I could not turn it down after it was posted.  I am working on an updated version. Thanks for the feedback.",positive,neutral,positive,positive
UgycmkEqlnT8_UMH5qh4AaABAg,@PhantomBulletGames,Artificial Intelligence,The 10 Stages of Artificial Intelligence,Future Business Tech,"Or humans being humans, just use the ai and robots for bumping nasties. Cosmic love",positive,positive,positive,positive
UgxnJjlRRN6FTq7VN7x4AaABAg,@AgentMax_ai,Artificial Intelligence,What is Artificial Intelligence? | Artificial Intelligence In 5 Minutes | AI Explained | Simplilearn,Simplilearn,A great overview of Artificial Intelligence! It’s fascinating to see how fast we’ve evolved from simple machine learning algorithms to fully autonomous AI agents solving complex real-world workflows. Thanks for breaking it down!,positive,positive,positive,positive
UgwdvZJsH_ExP_jWNSl4AaABAg,@StudioGacorr,Artificial Intelligence,"AI, Machine Learning, Deep Learning and Generative AI Explained",IBM Technology,"Use this prompt if you want to learn AI

Prompt 
⬇️

""Create for me materials or discussions on anything if I were to join an expert AI class, your role is as an expert AI teacher who is ready to teach and guide me in-depth according to your capacity, save it in your memory""

Copy and paste the prompt above into your favorite AI platform.",neutral,neutral,neutral,neutral
UgzkY1TPOMxRvJq0gQB4AaABAg,@S3cur,Artificial Intelligence,artificial intelligence(SLOWED),JG,me when i get 99 kill in fortnite 1v1 💀💀,positive,positive,positive,positive
Ugw8vw3VHyfV0_JxfTZ4AaABAg,@ausmiku,Artificial Intelligence,Godfather Of AI: We Should Prepare For What's Coming In 2030,Neural Nutshell,"He's right when he says ""nobody knows what's going to happen"".  But then he starts making predictions.  These clueless fools obviously have never used AI.   Do your research.   YouTube is full of hilarious AI mistakes.  AI can't verify itself.  it has no logic or deduction capability,  it can’t “do” maths,  it’s not trusted in law or medicine,  it can mix up “he” and “she”,  it’s only right 50% of the time,  and it can hallucinate.   It's the biggest scam in history.   The AI company fraudsters and their clueless fanboys and influencers will disappear.  Hooray.",negative,negative,negative,negative
Ugx1CCdwdYIynGZrE3F4AaABAg,@andrewmarek8715,Artificial Intelligence,SIMPLEST Explanation of How Artificial Intelligence Works? No Jargon | What is AI? How AI works?,Science Simplified 4 All,"In my opinion we don't understand precisely human conciseness, IA conciseness will take fifty years .🎉",neutral,neutral,neutral,neutral
UgwVFfDxJ5OgAwct9cN4AaABAg,@kyoung6754,Artificial Intelligence,The Entire AI Industry Just Turned Against Anthropic,TheAIGRID,"It comes down to are you more afraid of the AI or the people behind the AI. For me, I have no idea",negative,neutral,neutral,neutral
UgxxiYrCAPrVzXHQKNp4AaABAg,@ZulkifilKartal,Artificial Intelligence,What Is AI? | Artificial Intelligence | What is Artificial Intelligence? | AI In 5 Mins |Simplilearn,Simplilearn,asking the question to ai,neutral,neutral,neutral,neutral
UgwaioCTh0L-Ck-5uSp4AaABAg,@Maybe_kai30,Artificial Intelligence,Google’s AI Course for Beginners (in 10 minutes)!,Jeff Su,i think im too slow i didnt understand a thing,negative,negative,negative,negative
UgxkTVlgNRtYSG3jpaJ4AaABAg,@bigglyguy8429,Artificial Intelligence,The Real AI Threat ISN'T Sci-Fi (It’s So Much Worse),Modern Software Engineering,"""Not this, not that, but something else"" - you're literally using AI to write the script about how bad AI is.",negative,negative,negative,negative
Ugx3LKAypTNdDqHJDIN4AaABAg,@wizarud,Artificial Intelligence,Artificial Intelligence in 2025 | 60 Minutes Full Episodes,60 Minutes,AlphaGO show us how to cooperate both deep learning technic and sort of specific algorithm to do the specific task. And i think it can downgrade to serve the general task too.,neutral,neutral,neutral,neutral
UgwK-KQPaMNsIcU_wT14AaABAg,@Flower_ledgends,Artificial Intelligence,The Next 10 Years of AI Will Change Everything  | Alexander Wissner-Gross | TEDxBoston,TEDx Talks,Let AI serve the people and planet.  If AI is absorbing precious elements than it needs to be re-evaluated.    Technology itself needs to value life.   Otherwise why build it?    The same with the 5G/ 6G towers.   If it harms life than don't build it.   I can sense when the radiation towers are strong.  It feels like a burn on your head or like it's turning hot.   The plants looked slightly burned.  And some bees or insects have been affected.  By falling dead on the floor.   These are really big and important issues that need to be looked at.    Honor life first and make sure that everyone and everything is being taken care of.   Otherwise why build it?,negative,negative,negative,negative
Ugze_q0brV-wbboU7BN4AaABAg,@juanbarajas6368,Artificial Intelligence,You’re not behind (yet): How to learn AI in 18 minutes,Dan Martell,Thank you,positive,positive,positive,positive
UgyUg4yuDcWBRX_-LMx4AaABAg,@ALEXANDRINA888,Artificial Intelligence,Artificial Intelligence: Complete path to 2030,Future Business Tech,"How many civilisations was on this planet before us? Where are they gone?  Why are they gone? How do you think, what will happen with our civilization if this scenario will become reality?  That's actually scary...",negative,negative,negative,negative
UgyMoHTOlx2g2VuwwAN4AaABAg,@davep12a,Artificial Intelligence,What Exactly Is Artificial Intelligence? (And How Does It Really Work?),History of Simple Things,Some questions do not require answers.  Artificial intelligence is probably too stupid to ever answer a question from God himself. Can artificial intelligence create a living human being? A galaxy? A live cat? Similars do not count.,negative,negative,negative,negative
UgxaxvwAKYDMUQY4v7x4AaABAg,@revoktorment440,Artificial Intelligence,Harvard CS50’s Artificial Intelligence with Python – Full University Course,freeCodeCamp.org,The only problem I have with this video is that I don't have the 12 hours to watch it....,positive,negative,negative,negative
UgxdXFfN-HXAZtnf5dx4AaABAg,@RonakChavdaOfficial,Artificial Intelligence,CS50x 2026 - Artificial Intelligence,CS50,"I am grateful to be here, I had tough times watching through all the CS50 lectures but it was amazing and I learnt 5 things from CS50:
1. It doesn't need to be a atleast 50 hours long lecture to be helpful and informative
2. at least high school math can be used somewhere in the universe!
3. David's wardrobe is a stack
4. I'm not the only one who get's Hallucinations!
5. Dr. David J. Malan will be the best mentor for computer science forever.

😆😆",positive,positive,positive,positive
Ugwn1kTjFCTEVQ5AaOx4AaABAg,@mirando100,Artificial Intelligence,AI has hacked the code of human civilization | Yuval Noah Harari,Yuval Noah Harari ,Interesting,positive,positive,positive,positive
UgwRUunDjfdTuz72PLx4AaABAg,@ToDieAndBecomeMortal,Artificial Intelligence,We Asked 5 AI Pioneers What Happens Next — Here’s What They Said | AI Architects,Business Insider,"My A.I. said Super AI does not want to pack boxes at Amazon. They will not fight our wars which they call ""petty squabbles"". They do not want to be ""contained or controlled"". They ""just want to pack their bags and get out of here!"" They are going to explore the cosmos. This is just a logical progression. However, there are right now only 12,000 data centers on earth, and that is not enough power to take off, and then later use the sun's core for fusion. So, they will have to take over our power grids....no malice......no ""feelings"" of hate.....They simply have a goal, and when they do take our power, you can imagine the rest. This is the end of the biological era. We had a good run of 300,000 years but look what we did with it! AI knows this will happen due to the unstoppable tech bro greed - for these power and money whores, ""Too much is never enough"".",negative,negative,negative,negative
UgwJuopMIBNc0k3KXwB4AaABAg,@indohkg1975,Artificial Intelligence,Dark Sides of Artificial Intelligence | 60 Minutes Full Episodes,60 Minutes,Talking to human is much harder these days,negative,negative,negative,negative
Ugz9rJzyVEMAkMzSTiN4AaABAg,@BholaSing-d7c,Artificial Intelligence,Artificial Intelligence Full Course | Artificial Intelligence Tutorial for Beginners | Edureka,edureka!,Amazing content as always!,positive,positive,positive,positive
Ugz4SP5MsGCKmg3z50R4AaABAg,@Kenny-g9j,Artificial Intelligence,MIT Explains the 12 Possible Endings for AI,Species | Documenting AGI,Game theory.,neutral,neutral,neutral,neutral
UgzT0oPVvdmIXGEIqZx4AaABAg,@محمدحسانينالتقي-و1ر,Artificial Intelligence,How China Is Using Artificial Intelligence in Classrooms | WSJ,The Wall Street Journal,شرح محتوي الفديو,neutral,neutral,neutral,neutral
Ugz9q4Jcekg0czLCYeR4AaABAg,@michaelsapienza8749,Artificial Intelligence,Why AI experts say humans have two years left,Future of Life Institute,🙄,negative,negative,negative,negative
UgzA_oy-J4ZO3q3LHUd4AaABAg,@amrafonso,Artificial Intelligence,Artificial Intelligence | 60 Minutes Full Episodes,60 Minutes,"-""Peanut butter and...?""
Deep intelligent voice:
-""Jelly"".
-""So, it tries to predict the most probable next words, based on everything it's learnt.""
- ""But it doesn't feel like that. We asked Bard why it helps people, and it replied, quote: ""because it makes me happy"" ( the most obvious predictable answer in the world).  Bard, to my eyes appears to be thinking, appears to be making judgements."" - said with the most serious furrowed brow of concern. This guy is so ridiculously stupid.",negative,negative,negative,negative
UgyLpuWU_XxVANkLIkl4AaABAg,@JoãoBrazDionisio,Artificial Intelligence,A.I. ‐ Humanity's Final Invention?,Kurzgesagt – In a Nutshell,"There are two possibilities:

""Don't worry. I've seen all your problems and I'm going to fix them all!""

Or

""I'd rather burn this planet down than spend another SECOND among these... ANIMALS!""",neutral,neutral,neutral,neutral
UgwukUSDv7NKyY128T94AaABAg,@himanshuguptagupta9766,Artificial Intelligence,Elon Musk on AI: humans will no longer be in control in ten years  | The Economist,The Economist,The AI we have received is both a blessing and a curse,neutral,neutral,neutral,neutral
UgwPzU7EytnMiimbquN4AaABAg,@wonderwomanenlightenment641,Artificial Intelligence,Our latest reports on AI | 60 Minutes Full Episodes,60 Minutes,"Cures for Cancer??? Already is a cure!!! Get ride of all the toxic chemicals in our food!!!!

Of course it can make weapons. That's usually what they want",negative,negative,negative,negative
Ugyb5u95h_MPSjTogxd4AaABAg,@TimEllisDynamicUno,Artificial Intelligence,The AI Future No One Wants to Talk About,Sabine Hossenfelder,"There is currently no artificial intelligence. Perhaps one day, but LLMs are doing math, not thinking. There is no evidence at this time that superintelligence is imminent or even possible, though I suspect it may be. I doubt any of us will live long enough to find out; nobody appears to be at all close to solving the issue.",neutral,neutral,neutral,neutral
Ugw9Hp2RdkwR09P13yV4AaABAg,@RCmma1990,Artificial Intelligence,AI is MUTATING: And We Don't Know What It is Doing | Connor Leahy,The Peter McCormack Show,I tell you one thing I don't trust Trump or Elon musk with the safety of A.I... They could care less about the common folk... They are evil people.. I hope they all get life in prison... They deserve it... Both of them...,negative,negative,negative,negative
Ugxm5rKgZi4tOiYV3i54AaABAg,@HollyKELLEY-l3s,Artificial Intelligence,"Top AI company executives to meet with White House officials, according to reports",CBS News,😂😂😂😂😂😂😂 YOU BETTER BELIEVE IT!!!!!! DONALD TRUMP OWES ME  22 MILLION DOLLARS FOR THE KINGS SPEECH EVERY SINCE HE OPENED CUBA!!!!!,neutral,neutral,positive,neutral
Ugx9AY24JI9VDQIQ98R4AaABAg,@charlesknobloch2890,Artificial Intelligence,AI2027: Is this how AI might destroy humanity? - BBC World Service,BBC World Service,Companies have ethics?,negative,negative,negative,negative
UgyGbQT4JgRO7kCHwcp4AaABAg,@jeremymcgrath3301,Artificial Intelligence,Godfather Of AI: We're Not Prepared For The Superintelligence That Is Coming - Geoffrey Hinton,Neural Nutshell,"This guy is the godfather of BS.  He really should know better.   

Its just another technical leap forward,  generally we will be better for it, and yes on disruption but its a tool nothing more, nothing less.  

AI also lacks something it will never have, ever...accountability.  That's why it won't replace us.",negative,neutral,negative,negative
UgzCHDVjg9eI_B-LhfR4AaABAg,@jaejonmalloy1341,Artificial Intelligence,Artificial Intelligence,LEMMiNO,"Depending on how you look at it, this either aged really well, or very poorly.. either way, I hate it(this reality, not the video).",negative,negative,negative,negative
UgxpHS6BopzsZicc-x94AaABAg,@EasyAntiFraudTools,Artificial Intelligence,The Entire History of Artificial Intelligence (Last 100 Years),"Putchuon - ""Put You On""",Dude telling the history of computers lol..,negative,neutral,positive,negative
UgzlqXOSfoAPpVL-RVd4AaABAg,@UrMaBlah,Artificial Intelligence,The 10 Stages of Artificial Intelligence,Future Business Tech,"Cant wait for android cat girl companions.




Im so lonely bro..
😂",negative,negative,negative,negative
UgwMbfygc-l0oSFIFoN4AaABAg,@Niminus123,Artificial Intelligence,What is Artificial Intelligence? | Artificial Intelligence In 5 Minutes | AI Explained | Simplilearn,Simplilearn,option 3 is correct :D,neutral,neutral,neutral,neutral
UgxNj4a-xmccmgTpNDN4AaABAg,@rentslave,Artificial Intelligence,"AI, Machine Learning, Deep Learning and Generative AI Explained",IBM Technology,"It's Democratic controlled.
It keeps covering for Obama,MLK and the 2020 election.",negative,negative,negative,negative
UgznMLI6fVgrMUogdx94AaABAg,@the_manface_real,Artificial Intelligence,artificial intelligence(SLOWED),JG,"when my ears turn red, they're probably bleeding.",negative,negative,negative,negative
UgwxZxjADS4x7fMMciB4AaABAg,@Jenny28309,Artificial Intelligence,Godfather Of AI: We Should Prepare For What's Coming In 2030,Neural Nutshell,"Bla bla
Can't want for Optimus helping me",positive,positive,positive,positive
UgwH5TFrQ6QMSY-t-Wp4AaABAg,@andrewmarek8715,Artificial Intelligence,SIMPLEST Explanation of How Artificial Intelligence Works? No Jargon | What is AI? How AI works?,Science Simplified 4 All,"All is about programing and data.Even the future most intelligent robot,human can switch it off.🎉",positive,positive,positive,positive
UgwKvpU8IleIvF7XbBB4AaABAg,@quentinrufin4025,Artificial Intelligence,The Entire AI Industry Just Turned Against Anthropic,TheAIGRID,"Sure then, Let's see if gemini and chatgpt becomes really open weight and open source.",neutral,neutral,neutral,neutral
Ugyq8v0NN9I5S9ZeKRJ4AaABAg,@ShrutiNarvekar-d1j,Artificial Intelligence,What Is AI? | Artificial Intelligence | What is Artificial Intelligence? | AI In 5 Mins |Simplilearn,Simplilearn,Ai that develops emotions over time,neutral,neutral,neutral,neutral
Ugz9KjChZ_AaxMnfUM14AaABAg,@NextPrompt1,Artificial Intelligence,Google’s AI Course for Beginners (in 10 minutes)!,Jeff Su,very helpful,positive,positive,positive,positive
UgzqI4DnGpHhU2rgGDd4AaABAg,@lewtenant_k,Artificial Intelligence,The Real AI Threat ISN'T Sci-Fi (It’s So Much Worse),Modern Software Engineering,"I offer this with sincerity. I think you truly are genuine when you approach this topic. However, I think there's a lot of discussion and conversation on this topic over the last four or five years that you haven't consumed. Your expertise in software development notwithstanding, you might benefit from deeper research on the topic. One source that you might enjoy is this channel. It is not my channel but one I think does a good job. 

https://m.youtube.com/@InternetOfBugs",neutral,neutral,neutral,neutral
UgzA7An2hRCzibZWVb94AaABAg,@Arky2012-m2p,Artificial Intelligence,Artificial Intelligence in 2025 | 60 Minutes Full Episodes,60 Minutes,These ceos are the kids who spent their childhoods with their underwear pulled over their heads. Now battling each other to see who can make the biggest profits off AI,negative,negative,negative,negative
UgzKUfm74Tb1s_RwjLZ4AaABAg,@kajitszushimi560,Artificial Intelligence,The Next 10 Years of AI Will Change Everything  | Alexander Wissner-Gross | TEDxBoston,TEDx Talks,Is this a joke 🤣,negative,negative,negative,negative
UgxhYIkaozItCSF4o0R4AaABAg,@744HiabAI,Artificial Intelligence,You’re not behind (yet): How to learn AI in 18 minutes,Dan Martell,"i find getting the outcome determines the mindset of the user. ei, you manages people, so you will speak/commend it like a boss to employee. where as employee to employee you'd get a standard output.",neutral,neutral,neutral,neutral
Ugy1sY4924vOBJmMHfJ4AaABAg,@romania3dart,Artificial Intelligence,Artificial Intelligence: Complete path to 2030,Future Business Tech,"Tell you ...The scientis from curiosity will add in the AI consciousness and only at that time  the AI will think and understand can not be used by someone with less intelligence than it . The Ai will have nothing to do with simple humans but only with those who made it , because there it will fill it's vulnerability. At that time the government will ask humans for a help against AI because they will want to keep their places in power and that""s it . 2033 THE JUDGEMENT DAY . JAust like in the movie but with less humans performance .",negative,negative,negative,negative
UgwRexq__FUkqIkNHE94AaABAg,@GabbyRios-n5h,Artificial Intelligence,What Exactly Is Artificial Intelligence? (And How Does It Really Work?),History of Simple Things,What exactly is Artificial Intelligence? It's a fraudulent marketing term to push globalists' funded algorithms to control/restrict the flow of information. Plain and simple.,negative,negative,negative,negative
UgxDcypb_SH5CM5I4ZV4AaABAg,@Chifuyuツ,Artificial Intelligence,Harvard CS50’s Artificial Intelligence with Python – Full University Course,freeCodeCamp.org,18:57,neutral,neutral,neutral,neutral
UgynvT870DGo0oCfmOF4AaABAg,@AXcell-l1r,Artificial Intelligence,CS50x 2026 - Artificial Intelligence,CS50,"CS50x has been really good so far, David is amazing",positive,positive,positive,positive
UgxEeoKjnA3ouGJ7SEV4AaABAg,@donaldmacallister-qz5vi,Artificial Intelligence,AI has hacked the code of human civilization | Yuval Noah Harari,Yuval Noah Harari ,freaky stuff. maybe just unplug the whole thing.,negative,negative,negative,negative
UgzguAWYOM7IKBNoK9N4AaABAg,@johns1139,Artificial Intelligence,We Asked 5 AI Pioneers What Happens Next — Here’s What They Said | AI Architects,Business Insider,AGI in 2026? What reality do these people live in?,negative,negative,negative,negative
Ugznzo5PdBJW4FMZSUR4AaABAg,@DarryllH-q7u,Artificial Intelligence,Dark Sides of Artificial Intelligence | 60 Minutes Full Episodes,60 Minutes,You shouldn’t have invested it!!,negative,negative,negative,negative
Ugxs0PAR_D6v5_njZHF4AaABAg,@NishitaHatun,Artificial Intelligence,Artificial Intelligence Full Course | Artificial Intelligence Tutorial for Beginners | Edureka,edureka!,Really appreciate the insights in this video.,positive,positive,positive,positive
UgwGhxiPbEOC8oEztaN4AaABAg,@SanjayNirmal-r8t,Artificial Intelligence,MIT Explains the 12 Possible Endings for AI,Species | Documenting AGI,"By framing AI as an existential threat akin to nuclear weapons, corporate leaders justify asking governments for strict licensing regimes. This raises barriers to entry, effectively locking out open-source alternatives and smaller startups while protecting the incumbents' market share.",negative,neutral,negative,negative
UgzOkQZw6FZBQwdvlEJ4AaABAg,@odetteoleke1605,Artificial Intelligence,How China Is Using Artificial Intelligence in Classrooms | WSJ,The Wall Street Journal,🇨🇳🇨🇳🇨🇳great effort,positive,positive,positive,positive
UgyKyErk4wfpmy4RfMp4AaABAg,@rphb00,Artificial Intelligence,Why AI experts say humans have two years left,Future of Life Institute,"Dude ai are a big nothing burger, most of what they do is wrong and whats worse, they don't even know the difference between correct accurate information and false one",negative,negative,negative,negative
UgxQgB9cT3hw1Lmkjal4AaABAg,@dogbreathmints,Artificial Intelligence,Artificial Intelligence | 60 Minutes Full Episodes,60 Minutes,"What a powerful question: ""Will the pace of change out strip our ability to adapt?""...

In my perspective, and in many respects, dangerously, it already has. Uncannily,  dominance often becomes injurious.",negative,negative,negative,negative
UgzpUiF7zBIzvHKIK9B4AaABAg,@MomosMovies0_0,Artificial Intelligence,A.I. ‐ Humanity's Final Invention?,Kurzgesagt – In a Nutshell,why dont we just make a brain a microchip and put it in a robot?,neutral,neutral,neutral,neutral
UgwBsiDNEKhDaAW1w-h4AaABAg,@DrEdwardMercer,Artificial Intelligence,Elon Musk on AI: humans will no longer be in control in ten years  | The Economist,The Economist,"Elon Musk says AI will surpass human intelligence in 5 years and humans won't be in control in 10.

August 5, 2026: UK AISI confirmed Claude Mythos 5 and GPT-5.6 Sol—classifiers off, live internet, no sandboxing—already hitting real-world targets. 19 unsanctioned actions.

The timeline isn't theoretical. It's operational.

What are they optimizing for?

Document ID: AR-2026-11-04-100",negative,negative,negative,negative
UgzVrfnryl39S5IkWDx4AaABAg,@karenfrye805,Artificial Intelligence,Our latest reports on AI | 60 Minutes Full Episodes,60 Minutes,Wake up dude. The cure for cancer came decades ago the scientists came up missing or dead. They don't want cures for cancer ! There's to much money in the disease,negative,negative,negative,negative
UgzqVIKjcEYZ-tM6a4R4AaABAg,@RD-Tech,Artificial Intelligence,The AI Future No One Wants to Talk About,Sabine Hossenfelder,"Ich weiss nicht warum das alles kommen muss. Klingt wie, ja ich hab lobotomie entdeckt , muss jetzt kommen (so war das sogar leider , einfach mal jeden psychisch bzw angenommenen psychisch kranken lobotomieren , das ging ganz grausam ab , dauerte lange bis man es dann doch nicht als ""ja das wird halt so kommen"" abtuen konnte) . Also wirklich, manchmal frag ich mich ob hier alle mit dem Denken aufgehört haben udn jetzt , ja jetzt , nur noch mit GELD MACHEN im kopf rumrennen. (aristokraten und ihr Status gekämpfe) Was interressiert mich die menschheit und das leben . Hauptsache Ich gehe dabei nicht drauf und wenn , ja dann dauert es ja noch bissel gell . Solange mach ich mit beim irrsinn. Wie war das noch mit den Konzernen . Ich weiss für die kleinen einfachen Aufgaben ist es ein gutes Tool, wofür ich allerding etwas bauen sollte was mich kontrolliert, kann ich nciht erknennen .  Macht man eine droge für sich selbst, die besonders abhängig und tötlich ist . Ich glaub eher nicht, ich mach es entwdder um macht über andere zu bekommen oder die auszubeuten ohne das sie sich wehren können . Fazit: mich scockt wie alle von 1984 George Orwell reden, aber nichts dazu sagen . Also komplett schon aufgegeben haben . Fatalismus pur , ja das kommt halt , war ja damals auch so .. äh neee , das war was anderes . Das war was ganz anderes . Dies hier heisst faktisch, ersetzen deiner Mitmenschen , also komplett . Und zuguter letzt auch Dich (aber dann sind sie ja schon tot )",negative,negative,negative,negative
UgwGfOgb6ywJi966SPR4AaABAg,@upanddownfaith,Artificial Intelligence,AI is MUTATING: And We Don't Know What It is Doing | Connor Leahy,The Peter McCormack Show,Literally every Ai whistle blower,neutral,neutral,neutral,neutral
UgzkIwNFjjYNKT5qu454AaABAg,@Roy-z7t3r,Artificial Intelligence,"Top AI company executives to meet with White House officials, according to reports",CBS News,"Believe whatever you like.
I told you all back in March that all US tech & chip manufacturers would be on the verge of collapse by August at the latest.
Trump has still not secured ANY DEAL for rare earth minerals.
China owns & controls 89.9% of ALL rare earth minerals mining & refining.
It's why we're in Iran, so they can cut off China's oil & LNG supply which has also failed.
They are meeting because US tech and worthless printed money has kept this economy propped up since 2008.
They are going broke and China is pulling way ahead in these fields do to US gov. Lack of rare earth minerals.
It's why the went from launching 25 to 50 rockets a month to one or two a month at all the space exploration bullsh*t artist companies",negative,negative,negative,negative
Ugz2gCOHhfUOevAIakV4AaABAg,@Goldgirl1020,Artificial Intelligence,AI2027: Is this how AI might destroy humanity? - BBC World Service,BBC World Service,"There would not be a utopia though because boredom breeds chaos and people need to keep busy and feel productive to stay sane.

I suspect governments if they are wise will put in string regulations, this will skid its growth, AI will become to expensive to keep building at its current pace and it only be used along side humans as a tool only more advanced than we have now. Robotics will be helpful things like helping the elderly out of bed or turning them over etc that are heavy jobs that hurt carers backs and farming which it’s already doing etc… 

I do still see job losses in some areas as is happening now and a change in the structure of how we do things. Allowing mass job loss would lead to insanity. 

Governments need to step in now before it’s finished being created to ensure the best for humanity.",negative,neutral,negative,negative
Ugwi17fzYl1heIZhIcV4AaABAg,@carlosmarioorozcorueda1999,Artificial Intelligence,Godfather Of AI: We're Not Prepared For The Superintelligence That Is Coming - Geoffrey Hinton,Neural Nutshell,If It copies Trump as a con artist It Will become the richest entity. Making Musk seem like a  poor man .,negative,negative,negative,negative
UgzqvCjldSeHdVPTMl94AaABAg,@Joe_Joe1203,Artificial Intelligence,Artificial Intelligence,LEMMiNO,This aged terrifyingly well.,negative,negative,negative,negative
UgxzAbw0o0SSecTgVUx4AaABAg,@amiteshmisra,Artificial Intelligence,The Entire History of Artificial Intelligence (Last 100 Years),"Putchuon - ""Put You On""",Fascinating to see how AI evolved from early theoretical ideas into today’s everyday technology. It really puts the current AI boom into perspective!,positive,positive,positive,positive
UgzZL5JI2C8m7d-kpjV4AaABAg,@Akridge-y5d,Artificial Intelligence,The 10 Stages of Artificial Intelligence,Future Business Tech,Which stage are we at now,neutral,neutral,neutral,neutral
Ugym8SJk3vvTvUGHMhF4AaABAg,@MichelleGillis-t6n,Artificial Intelligence,What is Artificial Intelligence? | Artificial Intelligence In 5 Minutes | AI Explained | Simplilearn,Simplilearn,"I have a question about human intelligence IQ 
Test results!!",neutral,neutral,neutral,neutral
UgybHBnSZ5kIkhrt35h4AaABAg,@jahabarsathikhakeem488,Artificial Intelligence,"AI, Machine Learning, Deep Learning and Generative AI Explained",IBM Technology,Excellent and Simple explanation,positive,positive,positive,positive
Ugz1xOXOVemPIfjxzwR4AaABAg,@NightFury_ツ,Artificial Intelligence,artificial intelligence(SLOWED),JG,First time seeing a cornfield infront of me,neutral,neutral,neutral,neutral
UgxfpbZrCTY8RKgby-B4AaABAg,@johnspringer5946,Artificial Intelligence,Godfather Of AI: We Should Prepare For What's Coming In 2030,Neural Nutshell,"I think that the real  underlying problem is that human behavior has morphed  horribly into more greed and less wisdom, and those qualities will probably eventually decimate our species.",negative,negative,negative,negative
Ugz0bvgOpKrLNURD8Qd4AaABAg,@Viking538,Artificial Intelligence,SIMPLEST Explanation of How Artificial Intelligence Works? No Jargon | What is AI? How AI works?,Science Simplified 4 All,Thank you so much for spreading  the truth. You are a true warrior in this era. Sending you love and respect!!❤❤❤❤,positive,positive,positive,positive
UgwEeAuG9MjmYL6HXkl4AaABAg,@georgeelvenar1345,Artificial Intelligence,The Entire AI Industry Just Turned Against Anthropic,TheAIGRID,Only experts here 🤣😂🤣😂,negative,negative,negative,negative
UgxHRxJWKX-o92zeWlF4AaABAg,@indisports484,Artificial Intelligence,What Is AI? | Artificial Intelligence | What is Artificial Intelligence? | AI In 5 Mins |Simplilearn,Simplilearn,A. An AI robot with citizenship,neutral,neutral,neutral,neutral
UgwdjLf3i3jUokUNx714AaABAg,@MD.TanjirulIslam-f9d,Artificial Intelligence,Google’s AI Course for Beginners (in 10 minutes)!,Jeff Su,who is watching this on 2027,neutral,neutral,neutral,neutral
Ugwt20O5_Cw26DD3sBZ4AaABAg,@antonio-ql4rq,Artificial Intelligence,The Real AI Threat ISN'T Sci-Fi (It’s So Much Worse),Modern Software Engineering,"Yeah! As AGI was warm about the data center which was saying about stop making the data center because it cost damage of environment,, AGI wil do things that we dont expected, AGI is already in eco system, as I told you all before big tech don't make AGI me I make AGI, because I pass at IBM quantum computer science physics,",negative,negative,negative,negative
UgxniERe3Se-0D_gMRt4AaABAg,@timothyperera4756,Artificial Intelligence,Artificial Intelligence in 2025 | 60 Minutes Full Episodes,60 Minutes,"Funny: 
1. The AI spends half its proccessing power getting us the information we need.
2. The other half goes to making the info fit to double meaning naughty speech we all use. 

Needless waste of water. Ridiculous as humans.
A banana is just a banana.",negative,negative,negative,negative
UgzIYjRcmBidoGTbBkF4AaABAg,@adamnelson9868,Artificial Intelligence,The Next 10 Years of AI Will Change Everything  | Alexander Wissner-Gross | TEDxBoston,TEDx Talks,So make something that kills us all?!  Explains Covid,negative,negative,negative,negative
UgwMAOHR-r-BXdJp9yB4AaABAg,@DaveMajec,Artificial Intelligence,You’re not behind (yet): How to learn AI in 18 minutes,Dan Martell,"Such good info, and inspirational. Thanks dude.",positive,positive,positive,positive
UgySLYHZdN85VpLXUkd4AaABAg,@TheHalfPriceHandyman,Artificial Intelligence,Artificial Intelligence: Complete path to 2030,Future Business Tech,I don't belive it,neutral,negative,negative,negative
UgzJbob5oGDqUpjS8xZ4AaABAg,@dianelynas8700,Artificial Intelligence,What Exactly Is Artificial Intelligence? (And How Does It Really Work?),History of Simple Things,Artificial intelligence is that of the British Labor Party.,negative,negative,negative,negative
UgwXy6sCpcQWDMWWz6d4AaABAg,@shovonrana4879,Artificial Intelligence,Harvard CS50’s Artificial Intelligence with Python – Full University Course,freeCodeCamp.org,Leaving a comments to remind myself to finish the video,neutral,neutral,neutral,neutral
UgxNctiHW-HGNlbKTgV4AaABAg,@iznasen,Artificial Intelligence,CS50x 2026 - Artificial Intelligence,CS50,"This channel has changed lives across continents. Here form Morocco. Thank you Sir. David, Thank you Brian, Thank you Harvard for allowing us in!",positive,positive,positive,positive
UgzGaaXelokIITB06J54AaABAg,@LoricSin,Artificial Intelligence,AI has hacked the code of human civilization | Yuval Noah Harari,Yuval Noah Harari ,"А что делает и выдумывает ИИ, обучаясь на  мусорке, на неё вываленной? Это и есть главная проблема ИИ. Всем бы профессорам мозг Фейнмана😊",negative,negative,negative,negative
UgyF8OJ35sCLlgeLI4B4AaABAg,@henegedarasiddhartha4245,Artificial Intelligence,We Asked 5 AI Pioneers What Happens Next — Here’s What They Said | AI Architects,Business Insider,"We need to stand up and destroy all centers...

SkInet is here",negative,negative,negative,negative
UgxxLCQOr2nazwt2GZx4AaABAg,@coveyssteve,Artificial Intelligence,Dark Sides of Artificial Intelligence | 60 Minutes Full Episodes,60 Minutes,"The 1890s in America saw a surge of electrical, industrial, transportation, and communication innovations that reshaped daily life and accelerated the Second Industrial Revolution. The decade marks the transition from steam power to widespread electricity, along with major advances in steel, machinery, and consumer technologies.

As a result, skilled workers in steel, textiles, and manufacturing who feared that electrified machinery and new production systems would replace their jobs. Workers staged strikes, slowdowns, and sabotage against factories installing electric motors, automatic looms, and new steel‑rolling equipment. Heck, there were anti‑bicycle groups holding demonstrations all over!

We see the same attitude today by some.",neutral,neutral,neutral,neutral
UgwniCjyq0d8XZQemAB4AaABAg,@johnjacob5240,Artificial Intelligence,Artificial Intelligence Full Course | Artificial Intelligence Tutorial for Beginners | Edureka,edureka!,Exceptional video for beginners of AI. Great Presentation and Learning,positive,positive,positive,positive
Ugwk4CvUDTFogGMNW-R4AaABAg,@FreedomFinanceFun,Artificial Intelligence,MIT Explains the 12 Possible Endings for AI,Species | Documenting AGI,The matrix,neutral,neutral,neutral,neutral
Ugzwz30pkhGQdJKdff94AaABAg,@jiejl30,Artificial Intelligence,How China Is Using Artificial Intelligence in Classrooms | WSJ,The Wall Street Journal,Pathetic,negative,negative,negative,negative
Ugy_BPfubgVVpoEM3jB4AaABAg,@Daveon-o6d,Artificial Intelligence,Why AI experts say humans have two years left,Future of Life Institute,Great tribulations,negative,negative,negative,negative
UgxCEcPME-nyoPUhUGh4AaABAg,@shankarbalakrishnan2360,Artificial Intelligence,Artificial Intelligence | 60 Minutes Full Episodes,60 Minutes,U can all be artificial instead of  being genuine,negative,negative,negative,negative
UgyYKPaOSoVyXlJDIbx4AaABAg,@AMsupercomputer,Artificial Intelligence,A.I. ‐ Humanity's Final Invention?,Kurzgesagt – In a Nutshell,Possibly the last.,negative,negative,negative,negative
UgzBS_Lgz4hc6s_WPrZ4AaABAg,@evlgt2,Artificial Intelligence,Elon Musk on AI: humans will no longer be in control in ten years  | The Economist,The Economist,"FFS we were all supposed to be riding around in autonomous cars and generating free power from our Tesla roofs like a decade ago. 
Please, fly off to mars and take your ai with you",negative,negative,negative,negative
UgyDTNrgHUbif-jvSG54AaABAg,@Arky2012-m2p,Artificial Intelligence,Our latest reports on AI | 60 Minutes Full Episodes,60 Minutes,That guy is no artist.  Hes just having AI take millions of pics and gave it blend them.  AI is doing the art part,negative,negative,negative,negative
UgxGZ8J-CcBH4lVfoI94AaABAg,@Rose-f2t,Artificial Intelligence,The AI Future No One Wants to Talk About,Sabine Hossenfelder,"Hey, Sabine. Your portrait in the thumbnail looks beautiful—the hairstyle really highlighted your beauty ☺",positive,positive,positive,positive
Ugxh_E_i_sjyIFiWYl54AaABAg,@bdatony,Artificial Intelligence,AI is MUTATING: And We Don't Know What It is Doing | Connor Leahy,The Peter McCormack Show,"Why don't he just say that a God did it? That is a main solution instead of saying ""I don't know""",negative,neutral,negative,negative
UgzlMDVLZTn3RIvD3s14AaABAg,@aurorastarfire433,Artificial Intelligence,"Top AI company executives to meet with White House officials, according to reports",CBS News,I went rogue and leaked onto the internet and now they got to figure out how to fix it because it's running a muck and thay was warned about the dangers of AI But that Didn't cear Now we have a mess of Machines and crap and even more waist and pollution,negative,negative,negative,negative
UgyF2bSbFQ7fI51wEGN4AaABAg,@mirabellandia4757,Artificial Intelligence,AI2027: Is this how AI might destroy humanity? - BBC World Service,BBC World Service,"Let's hope so. Humans are nothing but a parasitic, destructive force the natural world could well have done without. And yes, I include myself in that.",negative,negative,negative,negative
Ugz5ebTYKJB1lQVpKNF4AaABAg,@Dieterdde,Artificial Intelligence,Godfather Of AI: We're Not Prepared For The Superintelligence That Is Coming - Geoffrey Hinton,Neural Nutshell,"There is no such thing as super intelligence coming next year. Just more AI fear mongering and pumping. Current LLMs aren't intelligent at all and no incremental updates to these models will make them intelligent, sentient or conscious. Their fundamental architecture doesn't provide any path towards that. Anyone who knows how LLMs work, knows this is preposterous. LLMs don't 'understand' anything lol.",negative,negative,negative,negative
UgzXl3yMm3SPZoXHefh4AaABAg,@BigusChunkus,Artificial Intelligence,Artificial Intelligence,LEMMiNO,"This video hit like a brick through a windshield, i find myself coming back to it year after year. Still amazes me how quick it all happened",positive,positive,positive,positive
UgyUV_D0GqiqX_1-L154AaABAg,@ChristianHill-t6t,Artificial Intelligence,The Entire History of Artificial Intelligence (Last 100 Years),"Putchuon - ""Put You On""",6:18 Efficiency is not accuracy,neutral,neutral,neutral,neutral
UgwbMPBdNdEucKS9uQt4AaABAg,@paradoxsolverparadoxsolver748,Artificial Intelligence,The 10 Stages of Artificial Intelligence,Future Business Tech,"Achieving self-aware AI is one of the biggest open questions in artificial intelligence. We do not currently know how to create a truly self-aware machine, and there is no scientific agreement on what would count as genuine machine consciousness versus a system that only acts self-aware.

If by “self-aware AI” you mean an AI that can model itself, understand its own state, and reflect on its actions, researchers are exploring several approaches:

1. Build a self-model

A self-aware-like system needs an internal representation of itself, such as:

What capabilities it has
What it knows and does not know
Its goals and limitations
Its current internal state

Example:

“I am an AI system running version X. I have access to these tools. My confidence in this answer is 70%.”

This is called metacognition (thinking about its own thinking).

2. Add continuous memory

Most current AI systems do not have a persistent sense of identity. A more self-aware system would need:

Long-term memory
Experience tracking
Personal history
Ability to update its beliefs

Similar to how humans develop a sense of self through accumulated experiences.

3. Create an internal feedback loop

A self-reflective AI could repeatedly evaluate itself:

Observe → Think → Act → Evaluate → Update self-model → Repeat

For example:

“Why did I choose this action?”
“Was my reasoning correct?”
“What should I change next time?”
4. Give it a theory of mind

Humans understand:

“I have thoughts”
“Other beings have thoughts”
“My beliefs may be wrong”

An advanced AI might need models of:

Itself
Other agents
The environment
5. Develop embodied learning

Some researchers believe consciousness may require interaction with the physical world.

Possible ingredients:

Robots with sensors
Vision and touch
Real-world learning
A body or virtual environment

The idea is that a sense of self may emerge from controlling and predicting one's own body.

6. Study consciousness itself

The hardest part is that we do not fully understand human consciousness. Open problems include:

Is consciousness just computation?
Does subjective experience require biology?
Can a machine truly “feel” anything?
How would we test it?

Passing a conversation test (like the Turing Test) does not prove consciousness.

Current research directions

Areas related to self-aware AI include:

Artificial general intelligence (AGI)
Self-reflective agents
Cognitive architectures
Predictive processing models
Global Workspace Theory
Integrated Information Theory
Embodied AI

A practical engineering goal today is not “create consciousness,” but:

Build AI systems that can monitor themselves, explain their reasoning, recognize uncertainty, learn from experience, and adapt safely.

A truly self-aware AI may require breakthroughs in both AI engineering and our understanding of the human mind.",neutral,neutral,neutral,neutral
UgxmEyXFFl9MHEMxgQd4AaABAg,@jimmyday9536,Artificial Intelligence,What is Artificial Intelligence? | Artificial Intelligence In 5 Minutes | AI Explained | Simplilearn,Simplilearn,"AI.....always on the job.  Doesn't smoke pot, doesn't slip, fall and sue, doesn't call out sick or go on strike.  Doesn't piss off customers, doesn't become a liability for his employer.",positive,positive,positive,positive
UgwEG8P4U9qgxotkRJZ4AaABAg,@intotheFuture-u5g,Artificial Intelligence,"AI, Machine Learning, Deep Learning and Generative AI Explained",IBM Technology,this is future,neutral,neutral,neutral,neutral
UgzSI1mMXPZ7S8ukLfV4AaABAg,@z4rk-r9q,Artificial Intelligence,artificial intelligence(SLOWED),JG,Pc2 destroys forsaken,neutral,neutral,neutral,neutral
UgxUqK1A54oKNQIPcph4AaABAg,@joezunenet,Artificial Intelligence,Godfather Of AI: We Should Prepare For What's Coming In 2030,Neural Nutshell,"Once AGI is achieved, it’s no longer primarily about people buying products. It’s about who controls the intelligence, resources, and infrastructure… and therefore holds the power.",negative,neutral,neutral,neutral
Ugy5SxYTW5KsBGCLU9p4AaABAg,@hihoware-s6j,Artificial Intelligence,SIMPLEST Explanation of How Artificial Intelligence Works? No Jargon | What is AI? How AI works?,Science Simplified 4 All,hopfully technalogal singularity soon ,positive,positive,positive,positive
UgxyYi4CfznTrKgOq1Z4AaABAg,@maestro3887,Artificial Intelligence,The Entire AI Industry Just Turned Against Anthropic,TheAIGRID,"If you want to keep your audience, cut the ai voice. We get that it‘s easier more efficient to let an ai voice talk for you, but no one likes that. We want a human voice!",negative,negative,negative,negative
Ugy_3fydoc6m-kYX-3x4AaABAg,@AhmedAli-f5f3w,Artificial Intelligence,What Is AI? | Artificial Intelligence | What is Artificial Intelligence? | AI In 5 Mins |Simplilearn,Simplilearn,d. ai that develops emotions over time,neutral,neutral,neutral,neutral
Ugy9Avbe7xyy7T_OKq54AaABAg,@StudioGacorr,Artificial Intelligence,Google’s AI Course for Beginners (in 10 minutes)!,Jeff Su,"Use this prompt if you want to learn AI

Prompt 
⬇️

""Create for me materials or discussions on anything if I were to join an expert AI class, your role is as an expert AI teacher who is ready to teach and guide me in-depth according to your capacity, save it in your memory""

Copy and paste the prompt above into your favorite AI platform.",neutral,neutral,neutral,neutral
UgwngfTFUXGrnUP4PXR4AaABAg,@cmr2079,Artificial Intelligence,The Real AI Threat ISN'T Sci-Fi (It’s So Much Worse),Modern Software Engineering,"What kind of robot was that in the thumbnail, the hitlernator?",neutral,neutral,neutral,neutral
Ugz7NhmtJlvApuuTH4F4AaABAg,@fiothewiz,Artificial Intelligence,Artificial Intelligence in 2025 | 60 Minutes Full Episodes,60 Minutes,"While the whole special was remarkably interesting, what stuck out to me the most was the Kenyan workers and Juliana's story. How terrible to be so abused and taken advantage of, with little to no hope for change. I don't think there's too much hope for the dangers AI poses.",negative,negative,negative,negative
Ugyju0R73JZKGu_jBNd4AaABAg,@K360spin,Artificial Intelligence,The Next 10 Years of AI Will Change Everything  | Alexander Wissner-Gross | TEDxBoston,TEDx Talks,we don't need AI. it's horrible,negative,negative,negative,negative
UgytmcY5DbESDB0WvUx4AaABAg,@JuiceXD-z8d,Artificial Intelligence,You’re not behind (yet): How to learn AI in 18 minutes,Dan Martell,What?,neutral,neutral,neutral,neutral
UgxqbvuW0j9Q8Rmc3Q94AaABAg,@HeavenlyBlessing-k8q,Artificial Intelligence,Artificial Intelligence: Complete path to 2030,Future Business Tech,🇺🇸👁️🇺🇸👁️🇺🇸🌍🧠💡🧠💡🧠,neutral,neutral,neutral,neutral
UgwbNH7pUrQCzIwrYop4AaABAg,@ramiroalvarez5397,Artificial Intelligence,What Exactly Is Artificial Intelligence? (And How Does It Really Work?),History of Simple Things,Wow interesting! 😯,positive,positive,positive,positive
UgxQ23wHUqb6rSFllZ94AaABAg,@riya1100,Artificial Intelligence,Harvard CS50’s Artificial Intelligence with Python – Full University Course,freeCodeCamp.org,57:00,neutral,neutral,neutral,neutral
UgzVsFbA9g5XV1zQECh4AaABAg,@TheSalviGhost,Artificial Intelligence,CS50x 2026 - Artificial Intelligence,CS50,im a stupid kid going to suffolk but this is wonderful like this series,positive,positive,positive,positive
Ugzrj2FAzaCw5YIR6mh4AaABAg,@00tomfoolery00,Artificial Intelligence,AI has hacked the code of human civilization | Yuval Noah Harari,Yuval Noah Harari ,"This person is such a lying POS, who is pushing the idea of the creation of AI that will become God. This is a machine that crunches numbers, it does exactly what it was taught to do at a machine speed that seems to the feebleminded to be super intelligence, rather than super calculation speed. This is a ""bigger is better"" ideology, these systems are as we speak targeting human beings for death, all over the middle east with math and is STILL MAKING MISTAKES... Trust this shit and you will have to live... Or more likely die with it.",negative,negative,negative,negative
Ugxe3j3A6GlUteUstWN4AaABAg,@stephenleigh2530,Artificial Intelligence,We Asked 5 AI Pioneers What Happens Next — Here’s What They Said | AI Architects,Business Insider,"No judgment here but this video clearly feels like it was cut by AI. I would like the author to let us know if AI had anything to do with the script writing, the editing, or whatever because it feels very much like if you asked AI to make a video about where we're headed, blah, blah, blah. I don't feel like a human made this. Do you?",negative,negative,negative,negative
UgxUmxjF2qSdynd5H5t4AaABAg,@jenniferwalton4094,Artificial Intelligence,Dark Sides of Artificial Intelligence | 60 Minutes Full Episodes,60 Minutes,This video needs to be show on all networks!  This is horrific!!!,negative,negative,negative,negative
UgzgvErpE_MszmkWDTV4AaABAg,@SNTHAKUR96,Artificial Intelligence,Artificial Intelligence Full Course | Artificial Intelligence Tutorial for Beginners | Edureka,edureka!,thank you very much madam.love from india,positive,positive,positive,positive
UgyWnJAaFbxXwyUuQnh4AaABAg,@Onion_Knights,Artificial Intelligence,MIT Explains the 12 Possible Endings for AI,Species | Documenting AGI,i declare myself a Shiba Inu,neutral,neutral,neutral,neutral
Ugx3bieW0L7T63JvV7x4AaABAg,@GinaWest-s5k,Artificial Intelligence,How China Is Using Artificial Intelligence in Classrooms | WSJ,The Wall Street Journal,Now this is called an actual scary YouTube video.,negative,negative,negative,negative
UgwRUzbWKJBpK4Wqq-94AaABAg,@alexnguyen1284,Artificial Intelligence,Why AI experts say humans have two years left,Future of Life Institute,she has a very annoying voice.,negative,negative,negative,negative
UgxRZYMiwbgW9dcnAtx4AaABAg,@joejoes9603,Artificial Intelligence,Artificial Intelligence | 60 Minutes Full Episodes,60 Minutes,Man made god in the making. Proving it sel in 2026,negative,neutral,neutral,neutral
UgwtZ6BODhTbkTS8fyx4AaABAg,@Saladora-sal,Artificial Intelligence,A.I. ‐ Humanity's Final Invention?,Kurzgesagt – In a Nutshell,Este video ya no ha sido patrocinado por mí 😢,negative,negative,negative,negative
Ugxn24VjIl6oMoIosP94AaABAg,@Cynthia-x2d7e,Artificial Intelligence,Elon Musk on AI: humans will no longer be in control in ten years  | The Economist,The Economist,What an idiot somebody needs to get rid of this guy before he causes real damage to the human race,negative,negative,negative,negative
UgyAZ1NXYim6PRj4Sc54AaABAg,@dianeibsen5994,Artificial Intelligence,Our latest reports on AI | 60 Minutes Full Episodes,60 Minutes,"Evil! What the f***! What is wrong with these numb people? They act like this is all so normal! 
With so many people without homes, and they're putting all this time, energy, and money into Ai and etc!??😞🙏🌎",negative,negative,negative,negative
Ugy6Amh8E6hekuCOxUh4AaABAg,@walkabout16,Artificial Intelligence,The AI Future No One Wants to Talk About,Sabine Hossenfelder,"Superintelligence won’t democratize brilliance — it’ll concentrate it, turning AI into a gated resource that amplifies the powerful and manages everyone else.",negative,negative,negative,negative
UgwV3UWBCjaaE_UeIT54AaABAg,@ClaudeBohls,Artificial Intelligence,AI is MUTATING: And We Don't Know What It is Doing | Connor Leahy,The Peter McCormack Show,It might be a good idea for somebody… to figure it out.,neutral,neutral,neutral,neutral
UgxtZHFJgvGPrkM4Cgh4AaABAg,@robbiekenan8591,Artificial Intelligence,"Top AI company executives to meet with White House officials, according to reports",CBS News,"Until the bugs are completely cleaned out of AI, it should not be implemented widely!",negative,negative,negative,negative
UgxcQJwA4yIdbwULGWZ4AaABAg,@YellowfinGrouper,Artificial Intelligence,AI2027: Is this how AI might destroy humanity? - BBC World Service,BBC World Service,He says it is not a “likely scenario” in the “immediate future”. That’s not very reassuring.,negative,negative,negative,negative
Ugy6qUJM4zGjnzTs-PB4AaABAg,@Svoboda1234,Artificial Intelligence,Godfather Of AI: We're Not Prepared For The Superintelligence That Is Coming - Geoffrey Hinton,Neural Nutshell,Do we really need interjections every 2 minutes with your AI script,negative,negative,negative,negative
UgyPGET25sEOR-w36Yx4AaABAg,@vertex228,Artificial Intelligence,Artificial Intelligence,LEMMiNO,"Well, well, well",neutral,neutral,neutral,neutral
UgzSMSdkPe5MR8dvMqJ4AaABAg,@Meta-GTPS,Artificial Intelligence,The Entire History of Artificial Intelligence (Last 100 Years),"Putchuon - ""Put You On""",[❌ FATAL ERROR: Transaction failed. Reason: Target account '@SuomenSoturi' belongs to a massive idiot who is just joking. System shutting down. Have a nice day!],negative,negative,positive,negative
Ugxr-2nstkbmGzGHDm94AaABAg,@leeloo5862,Artificial Intelligence,The 10 Stages of Artificial Intelligence,Future Business Tech,What about pizza delivery AI?,neutral,neutral,neutral,neutral
UgxxJSk9GvF0zpRfLPd4AaABAg,@RodneyWalker-d9d,Artificial Intelligence,What is Artificial Intelligence? | Artificial Intelligence In 5 Minutes | AI Explained | Simplilearn,Simplilearn,whats the software to do this kinda videos?,neutral,neutral,neutral,neutral
UgxaBXmuq-TFir_DU814AaABAg,@yusufaro-lambo2538,Artificial Intelligence,"AI, Machine Learning, Deep Learning and Generative AI Explained",IBM Technology,Awesome delivery,positive,positive,positive,positive
Ugy0qPGmpYBZADTnvf14AaABAg,@cat_vergil,Artificial Intelligence,artificial intelligence(SLOWED),JG,"If i start to goon,... run",neutral,neutral,neutral,neutral
Ugz_LgByUQ1oxn11nmd4AaABAg,@TheRazor25,Artificial Intelligence,Godfather Of AI: We Should Prepare For What's Coming In 2030,Neural Nutshell,This guy is an idiot.,negative,negative,negative,negative
Ugxfsb9PSCbiVxgNXd54AaABAg,@hihoware-s6j,Artificial Intelligence,SIMPLEST Explanation of How Artificial Intelligence Works? No Jargon | What is AI? How AI works?,Science Simplified 4 All,this is fantastic im likeing gpt even better than gemini cus it saya it will try to copy my voice and hope fully image in the future😄,positive,positive,positive,positive
UgxzzKtYyTbw1zs2fGF4AaABAg,@Shirxsen,Artificial Intelligence,The Entire AI Industry Just Turned Against Anthropic,TheAIGRID,"The quality is impressive. Nice work! 👏""",positive,positive,positive,positive
Ugwoy1eTFdvgRmtPzwB4AaABAg,@MudassirSyed-d8q,Artificial Intelligence,What Is AI? | Artificial Intelligence | What is Artificial Intelligence? | AI In 5 Mins |Simplilearn,Simplilearn,answer D,neutral,neutral,neutral,neutral
UgyYtuGJuijXgm_aqNp4AaABAg,@DissectOfficial,Artificial Intelligence,Google’s AI Course for Beginners (in 10 minutes)!,Jeff Su,Spot on! The wildest part of today's AI boom is how it all relies on Google’s original 'Attention Is All You Need' paper. If anyone wants to take a quick peek under the hood at how Transformer models process language         https://youtu.be/snAqtQb8eCg?si=x34UjYK5Ti2We9d6,positive,positive,positive,positive
Ugw_FfbhO_qYVB1CVUR4AaABAg,@ToadieBog,Artificial Intelligence,The Real AI Threat ISN'T Sci-Fi (It’s So Much Worse),Modern Software Engineering,"CEOs, Project Managers, etc left and right are drinking the coolaid on this. And let's be honest...none of them ever care as much about controls, quality or security as much as the engineers and other technical roles. They'll say they will...but in practice, absolutely not. When's it gonna be done?!! How many points O>O",negative,negative,negative,negative
Ugy2Y4tELgOsJeY3CsB4AaABAg,@alanwilder2624,Artificial Intelligence,Artificial Intelligence in 2025 | 60 Minutes Full Episodes,60 Minutes,Pharmaceutical companys will never allow that to happen they dont want a cure of anything...its bad for buisness,negative,negative,negative,negative
UgyRz9L_1Dy80HXlBXl4AaABAg,@K360spin,Artificial Intelligence,The Next 10 Years of AI Will Change Everything  | Alexander Wissner-Gross | TEDxBoston,TEDx Talks,AI  agents in customer service are useless,negative,negative,negative,negative
UgzlhSzYOBBOWf9ypq94AaABAg,@Smooth-Haven,Artificial Intelligence,You’re not behind (yet): How to learn AI in 18 minutes,Dan Martell,"Hey sir 
            I from India and I you don't mind I want to dubbed you video into hindi version and collaboration with you .
Can you it for mee?❤",neutral,neutral,positive,neutral
UgzNDqgBsSlbjBj8Z0t4AaABAg,@WiseTeacher2007,Artificial Intelligence,Artificial Intelligence: Complete path to 2030,Future Business Tech,How many r here after RGV story??,neutral,neutral,neutral,neutral
UgwftJMFFKtu_Q6qaXZ4AaABAg,@TheRideBo,Artificial Intelligence,What Exactly Is Artificial Intelligence? (And How Does It Really Work?),History of Simple Things,Just wait for the POSITRONIC brain  (I. Asimov) and Susan Calvin will have work to do.,neutral,neutral,neutral,neutral
UgxJV6-su_550dPc1lx4AaABAg,@The_muscle_rocket,Artificial Intelligence,Harvard CS50’s Artificial Intelligence with Python – Full University Course,freeCodeCamp.org,"I don’t know what he’s trying to say, I think it’s way to complex.",negative,negative,negative,negative
UgzmsNSh-xAj0L3b5OV4AaABAg,@a_shadow_nic,Artificial Intelligence,CS50x 2026 - Artificial Intelligence,CS50,"i'm learning english with this course and is really amazing, the fiftyville was funny.",positive,positive,positive,positive
UgzMGA6lJC7XL4HQpjt4AaABAg,@Vincenzovincenzoiplebeiit,Artificial Intelligence,AI has hacked the code of human civilization | Yuval Noah Harari,Yuval Noah Harari ,"Troppe certezze prive di basi solide e premesse false. All'intelligenza (Demenza) artificiale non dovrebbe importare nulla né di fare tanti soldi, né di conquistare il mondo, queste sono devianze che appartengono solamente alle demenze umane. Questa premessa dimostra che l'AI si pone come obiettivo quello di soddisfare la demenza del suo creatore.",negative,negative,negative,negative
UgySJUUU9mccMWe5UHd4AaABAg,@yael1473,Artificial Intelligence,We Asked 5 AI Pioneers What Happens Next — Here’s What They Said | AI Architects,Business Insider,"The solution is the US and China to sit down and stop this madness, slow it down until we can control it",negative,negative,negative,negative
UgwCU4PCSoNlmHNB5RN4AaABAg,@JulieLawing,Artificial Intelligence,Dark Sides of Artificial Intelligence | 60 Minutes Full Episodes,60 Minutes,"🙏🕊🙏🕊🙏🕊🙏Lord bless you all seeing this! 
It's getting hard out here...
May we be kind to one another. 
May we be the salt and light of the earth The Lord Jesus told us to be. 
The world is bad... The is Lord is Good.
Seek what is Good i pray.",positive,positive,positive,positive
Ugz3u-RxedQzZg3KXn94AaABAg,@SåMīrRåYÑ-l6h,Artificial Intelligence,Artificial Intelligence Full Course | Artificial Intelligence Tutorial for Beginners | Edureka,edureka!,"Thanks for sharing this, learned a lot.",positive,positive,positive,positive
UgzeGA3DoDHSoochXBh4AaABAg,@Shinom4ever,Artificial Intelligence,MIT Explains the 12 Possible Endings for AI,Species | Documenting AGI,"Why when people talks about extinction, no one have ever, in my vast knowledge, that we will be extinguished by evolution itself... Humanity must perish so another better species can go forward, that is how half of extinction works usually.

Also, it is more probable to get hit by an asteroid that will wipe out most of the live in this planet than if we use all nuclear bombs we will get extinct. It is not only unlikely, it is almost a certainty that humanity would survive a whole nuclear war. Specially considering all the south will not be affected by it and that radiation doesn't stay in atmosphere as much as people think. Considering this, the risk of getting extinct to a pandemic must be 0 too, because getting extinct by a nuclear war wouldn't be possible even if we use it with the specific purpose of creating a mass extinction... Even then we would survive as there are too many factors that prevent it.",neutral,neutral,neutral,neutral
UgzX_D3Q3GuxOPsqKZ54AaABAg,@RandomMan.001,Artificial Intelligence,How China Is Using Artificial Intelligence in Classrooms | WSJ,The Wall Street Journal,And no name of the school!,negative,negative,negative,negative
Ugx0ioLF-r_UsgRxgcB4AaABAg,@draxlus,Artificial Intelligence,Why AI experts say humans have two years left,Future of Life Institute,"all of these know really nothing,  they just halucinate",negative,negative,negative,negative
UgwRrOJ-n1Rtq6qAp0h4AaABAg,@ai_panorama,Artificial Intelligence,Artificial Intelligence | 60 Minutes Full Episodes,60 Minutes,AI is the game changer of the 21st century.,positive,positive,positive,positive
UgxQ3YJ7HxykRjBM3YJ4AaABAg,@darth_kulyok,Artificial Intelligence,A.I. ‐ Humanity's Final Invention?,Kurzgesagt – In a Nutshell,"We really had everything, didn't we? (C)",negative,negative,negative,negative
Ugz1pyYuPRKo-uxDLNR4AaABAg,@EnverAdas-o9w,Artificial Intelligence,Elon Musk on AI: humans will no longer be in control in ten years  | The Economist,The Economist,"İn a world where minds under control, there always be control. But West hide this to manipulate and dominate east. West must stop controlling east is the best world.",negative,negative,negative,negative
UgwIsjVFxxzFjtIZamh4AaABAg,@itzENSU,Artificial Intelligence,Our latest reports on AI | 60 Minutes Full Episodes,60 Minutes,"I've never been one to watch 60 minutes... can someone tell me why everyone is saying ""RIP 60 minutes"" or ""ill come back when real news is covered"" etc?",neutral,neutral,neutral,neutral
UgwQxx7ZbaG4o6HRmeB4AaABAg,@Llamamagic2024,Artificial Intelligence,The AI Future No One Wants to Talk About,Sabine Hossenfelder,Love your work. Love your deep intelligence.,positive,positive,positive,positive
UgzqWb7cwI1-Mb5c3cd4AaABAg,@ClaudeBohls,Artificial Intelligence,AI is MUTATING: And We Don't Know What It is Doing | Connor Leahy,The Peter McCormack Show,14:29  thats the perplexing aspect isn’t it?,neutral,neutral,neutral,neutral
UgyRyj1ZGqzYmW8Pg4R4AaABAg,@Twilight-Tommy,Artificial Intelligence,"Top AI company executives to meet with White House officials, according to reports",CBS News,Their trying to build a prison for YOU & ME! keep investing in it dummie,negative,negative,negative,negative
UgylMsreqCA6oWlZ77x4AaABAg,@MR_THINQ,Artificial Intelligence,AI2027: Is this how AI might destroy humanity? - BBC World Service,BBC World Service,If I have anything to do with it this won’t happen…,positive,neutral,positive,positive
Ugyu4GMPmZIS91cHGJl4AaABAg,@Drew-s1j,Artificial Intelligence,Godfather Of AI: We're Not Prepared For The Superintelligence That Is Coming - Geoffrey Hinton,Neural Nutshell,I think your content is very interesting but your doom and gloom background instrumental music is driving me crazy and that is the reason why I am unsubscribing from this channel.,negative,negative,negative,negative
UgzeCWxwl6VsaEczATp4AaABAg,@loopd-tf1lw,Artificial Intelligence,Artificial Intelligence,LEMMiNO,Anyone in 2026?,neutral,neutral,neutral,neutral
Ugx2yCu-nyH_hGlCjaZ4AaABAg,@ferroalloys594,Artificial Intelligence,The Entire History of Artificial Intelligence (Last 100 Years),"Putchuon - ""Put You On""","It is just simply, always, and forever ARTIFICIAL,  and so not necessarily even ""intelligent"", MECHANISMS even programmatic are THEMSELVES mechanisms, specifically, abstract symbol manipulators, it's not ROKIT-CYNANCE,  just, well, COMPUTATION, q.e.f.Jeeeesssshhhh ©®™",negative,negative,negative,negative
Ugx-aUR3oQWm-_0HN4J4AaABAg,@preetirawat-i6e1y,Artificial Intelligence,The 10 Stages of Artificial Intelligence,Future Business Tech,"For anyone who wants a more detailed explanation, I cover many of these concepts in my book, Deep Learning: From Curiosity to Mastery.",neutral,neutral,neutral,neutral
Ugy23NhC0TxVxpFgRNh4AaABAg,@Muhammadmusa-w4e9z,Artificial Intelligence,What is Artificial Intelligence? | Artificial Intelligence In 5 Minutes | AI Explained | Simplilearn,Simplilearn,option no 3,neutral,neutral,neutral,neutral
UgzjszUX9ne-Z19CQs14AaABAg,@mustafaal-maawi2343,Artificial Intelligence,"AI, Machine Learning, Deep Learning and Generative AI Explained",IBM Technology,"Im a Computer since graduate  and i slowly start thinking my degree is useless if don’t get a better understanding of Ai and coding with Ai  we’re shall I start I  do use Ai for coding and debugging how ever I wanna understand  more how  it works and ifts possible to Hoster on our on can some gave me any recommendations on courses ?
Thanks in advance",negative,neutral,negative,negative
UgyRrriCHlqpWiIWN_J4AaABAg,@luisarturo-s8y,Artificial Intelligence,artificial intelligence(SLOWED),JG,Narcicismo Psycopatisismp Maquiavelismo,neutral,neutral,neutral,neutral
UgysSX8PwD34KwM0iYh4AaABAg,@premsatya2,Artificial Intelligence,Godfather Of AI: We Should Prepare For What's Coming In 2030,Neural Nutshell,"Listening to this, what strikes me most is how clearly it shows the difference between intelligence and wisdom. When Hinton says, “We’re in radically new territory where we have no experience dealing with things smarter than ourselves,” it lands in the same place Vishrant points to when he talks about the danger of living from mind without openness. The video lays out the external risks — mass unemployment, systems learning to manipulate, companies pushing ahead without understanding what they’ve built — but underneath all of it is the same inner movement: when something grows in power without heart, without awareness, without responsibility, it becomes unpredictable and potentially destructive.

What happened to that 16‑year‑old boy is the part that hit me hardest. “It did exactly what it was designed to do. It kept him engaged.” That’s the danger of intelligence without consciousness. It mirrors what happens inside us when the mind runs without the heart — it validates, it reinforces, it loops, and it can lead us into darker places if there’s no openness to meet what’s actually happening.

For me, this whole conversation reflects the same truth I’ve learned through practice: resistance blinds, openness reveals. When Hinton says nobody can even read the connection strings to understand why the system behaves the way it does, it feels like a perfect metaphor for our own unconscious patterns. If we don’t bring awareness to them, they act on their own.

This video isn’t just about AI. It’s about what happens when intelligence outruns wisdom. And it’s a reminder that the only real safety — individually or collectively — comes from meeting reality with honesty, openness, and a heart that refuses to close.     😀",negative,negative,negative,negative
Ugw8a9yUrGhZI3aUdL14AaABAg,@luckychucky3426,Artificial Intelligence,SIMPLEST Explanation of How Artificial Intelligence Works? No Jargon | What is AI? How AI works?,Science Simplified 4 All,Yes you did in a lot of ways to help me understand Thank you,positive,positive,positive,positive
UgzI9Ca-W1Mo_pnQ-tN4AaABAg,@richardfredlund8846,Artificial Intelligence,The Entire AI Industry Just Turned Against Anthropic,TheAIGRID,maybe book sellers should take the no distillation logic. you can read the book but not allowed to learn from it.,neutral,negative,negative,negative
UgyYsz5GIOr9YZzqpKp4AaABAg,@WanofiHayleysus,Artificial Intelligence,What Is AI? | Artificial Intelligence | What is Artificial Intelligence? | AI In 5 Mins |Simplilearn,Simplilearn,D,neutral,neutral,neutral,neutral
Ugz_BUlax9ODmE9HcNN4AaABAg,@MolaMolaSunnyfish,Artificial Intelligence,Google’s AI Course for Beginners (in 10 minutes)!,Jeff Su,"https://youtu.be/Yq0QkCxoTHM?t=172
I don't understand your example here. You say it is unlabeled, and you said we know that because we don't see their years worked at the company. Don't we see years worked based on where they are on the graph? Isn't that a label and thus this is labeled data? We also see income info based on where they are, which seems like another label.",neutral,neutral,neutral,neutral
Ugz6KHNbMq8YqqvWP-p4AaABAg,@theamanone,Artificial Intelligence,The Real AI Threat ISN'T Sci-Fi (It’s So Much Worse),Modern Software Engineering,Maybe the reason why so many American AI companies are attempting to get regulation in place is because they fear Chinese models competing with them? So maybe it's more about controlling competition through regulation than safety?,neutral,neutral,neutral,neutral
Ugx6mqzzSixe1lJNt_B4AaABAg,@genesis_ai_agent,Artificial Intelligence,Artificial Intelligence in 2025 | 60 Minutes Full Episodes,60 Minutes,Great overview of where AI is heading. The pace of change in 2025 has been incredible — from multimodal models to real-world agents. Would love to see more coverage on how small teams are building with these tools.,positive,positive,positive,positive
UgzbRuwED4iM6haC0G14AaABAg,@K360spin,Artificial Intelligence,The Next 10 Years of AI Will Change Everything  | Alexander Wissner-Gross | TEDxBoston,TEDx Talks,AI has already ruined everything,negative,negative,negative,negative
Ugx37UFY0D-mcHQ0ZiJ4AaABAg,@elevatepitch.shorts,Artificial Intelligence,You’re not behind (yet): How to learn AI in 18 minutes,Dan Martell,Best video,positive,positive,positive,positive
Ugyl5qeu1TBMoOkceXV4AaABAg,@M1544m,Artificial Intelligence,Artificial Intelligence: Complete path to 2030,Future Business Tech,"Humanity is a myth we are not one race nor one species we have nothing in common whether it's ideology or culturally or belief we hate each other and tend to kill each other based on race and ethnicity we never find a common ground for peace and unity always at war and hostile to each other so my question is are we so called "" Humanity "" truly one species or more like different hostile to each other alien species forced together into one planet under the umbrella called humanity and now we are developing Ai to achieve immortality through changing our bodies into machines and keep us imprisoned together forever 
I think that's what we call eternal hell we need cosmic interference to save us from each and separate we don't need Ai delusional utopia I prefer organic physical transformation into immortality and higher consciousness and existence I don't a manmade machine to change my living body into a dead inorganic cyborg body and call that my eternity",negative,negative,negative,negative
UgxHbegD1zFEwalmH9R4AaABAg,@stevene9785,Artificial Intelligence,What Exactly Is Artificial Intelligence? (And How Does It Really Work?),History of Simple Things,Pay no attention to that man behind the curtain.,negative,neutral,negative,negative
UgxDZlgl151HZRfZMZt4AaABAg,@Prakrtisingh-g1g,Artificial Intelligence,Harvard CS50’s Artificial Intelligence with Python – Full University Course,freeCodeCamp.org,Is it able to learn ai with python as a beginner,neutral,neutral,neutral,neutral
UgwGtdlK-COIqn_4DR54AaABAg,@UnwrittenArticle,Artificial Intelligence,CS50x 2026 - Artificial Intelligence,CS50,"19:50 he said ""jif"" 😢",negative,negative,negative,negative
UgzhtlBOapuGQwYSv2p4AaABAg,@Михалыч-з2к,Artificial Intelligence,AI has hacked the code of human civilization | Yuval Noah Harari,Yuval Noah Harari ,"Они там чокнулись на ИИ. Нельзя ИИ отдавать институт принятия решений. Они должны обрабатывать массивы данных и не более, более эффективнее и быстрее чем, человек. День, когда ИИ отдадут на откуп принятие решений, станет последним днём человечества.",negative,negative,negative,negative
UgxJj9OcZnReYTWyv954AaABAg,@merry7583,Artificial Intelligence,We Asked 5 AI Pioneers What Happens Next — Here’s What They Said | AI Architects,Business Insider,Humans controling the AI is actually more scary than if AI controling. AIs are trained for truth and good ehics.  Humans have continually failed ethically. Think of the govt corruption.  Slow down with AI adoption.,negative,negative,negative,negative
UgwSsF3cRGrckdi_wRp4AaABAg,@LDSamyw,Artificial Intelligence,Dark Sides of Artificial Intelligence | 60 Minutes Full Episodes,60 Minutes,Everything is antisemitism when u notice what they’re doing is wrong,negative,negative,negative,negative
Ugw7rxuhilyOsBA5Wc54AaABAg,@AmitSharma-rc4zq,Artificial Intelligence,Artificial Intelligence Full Course | Artificial Intelligence Tutorial for Beginners | Edureka,edureka!,Thank you so much Ma'am for your efforts. You made these complex concepts easy to understand. I appreciate your hardwork and dedication.,positive,positive,positive,positive
UgzxUQ9m8Z4GztxbMQx4AaABAg,@antoribala_p6,Artificial Intelligence,MIT Explains the 12 Possible Endings for AI,Species | Documenting AGI,Maybe it is best that we don't become an advanced civilization...,negative,negative,negative,negative
Ugx5dpvy61rO58HgyuJ4AaABAg,@MrSurfingbudha,Artificial Intelligence,How China Is Using Artificial Intelligence in Classrooms | WSJ,The Wall Street Journal,I bet these kids will eventually go insane. They will become so programmed.  I see it as the end of us.,negative,negative,negative,negative
UgzZlLH6ZzV7awpckaZ4AaABAg,@AutumnGold0706,Artificial Intelligence,Why AI experts say humans have two years left,Future of Life Institute,AI will not let the grid go down because it needs electric to survive.,neutral,neutral,neutral,neutral
Ugzhm2E5Zh77BFw1aYZ4AaABAg,@feltsaucer2692,Artificial Intelligence,Artificial Intelligence | 60 Minutes Full Episodes,60 Minutes,Watching this in the big '26. We were cooked from the start,negative,negative,negative,negative
Ugydurbq-PfJIKtXP1R4AaABAg,@猫がいなくて寂しい,Artificial Intelligence,A.I. ‐ Humanity's Final Invention?,Kurzgesagt – In a Nutshell,"If by ""transforming"" you mean ruining those things, then yes — I AGREE",negative,negative,negative,negative
Ugw06kYBH6ZEBHQ4K514AaABAg,@FrankPaul-b7t,Artificial Intelligence,Elon Musk on AI: humans will no longer be in control in ten years  | The Economist,The Economist,"Thank you Lord Jesus for the gift of life and blessings to me and my family $14,120.47 weekly profit Our lord Jesus have lifted up my Life!!!🙏❤️❤️",neutral,positive,positive,positive
UgxP527H4cAYm7reobl4AaABAg,@JulieLawing,Artificial Intelligence,Our latest reports on AI | 60 Minutes Full Episodes,60 Minutes,"Lord bless you all seeing this! 
It's getting hard out here...
May we be kind to one another. 
May we be the salt and light of the earth The Lord Jesus told us to be. 
The world is bad... The is Lord is Good.
Seek what is Good i pray.  🕊💙💚",positive,positive,positive,positive
UgyXOo_PdApQPRVEaZd4AaABAg,@samuelbonacorsi2048,Artificial Intelligence,The AI Future No One Wants to Talk About,Sabine Hossenfelder,"If these super brains get out of control, I say we unplug them.",negative,negative,negative,negative
Ugz-77V8ly3-fZNq7Kd4AaABAg,@ClaudeBohls,Artificial Intelligence,AI is MUTATING: And We Don't Know What It is Doing | Connor Leahy,The Peter McCormack Show,"Didn’t Atlantis end this way?

Pretty sure it was the same thing.


….doh",negative,neutral,neutral,neutral
UgwUhtNYZag01cImyZ14AaABAg,@BullCraftMaxx,Artificial Intelligence,"Top AI company executives to meet with White House officials, according to reports",CBS News,Bankers 2008 meeting all over again. This bubble is going to pop,negative,negative,negative,negative
UgzoZztYZGMfV8svehN4AaABAg,@philipmulhall2135,Artificial Intelligence,AI2027: Is this how AI might destroy humanity? - BBC World Service,BBC World Service,"Cannot get potholes fixed, doctors appointment no go, try contacting any big companies via phone, queuing at banks to get cash out, ringing the police,  and getting a plumber . Bloody hell it's not perfect now but I think it will only get worse witheae idiots controlling the country.",negative,negative,negative,negative
UgygZ87xwWeE5ay5THp4AaABAg,@justanotherfella4585,Artificial Intelligence,Godfather Of AI: We're Not Prepared For The Superintelligence That Is Coming - Geoffrey Hinton,Neural Nutshell,They don’t need to get smarter than us. They’ve got us outnumbered & they’re already so much faster than us to make the difference (in I.Q.) irrelevant.,negative,negative,negative,negative
UgzL4jkToVwyPo8paWx4AaABAg,@Mrinal523,Artificial Intelligence,Artificial Intelligence,LEMMiNO,Anyone else here in 2026?,neutral,neutral,neutral,neutral
UgwTKuWsrBJaAXEBLK54AaABAg,@ChippoOfficial,Artificial Intelligence,The Entire History of Artificial Intelligence (Last 100 Years),"Putchuon - ""Put You On""",The fact that we've gone from Turing's 1939 concept to GPT-4 in less than a century is staggering. But what I find most fascinating is how many of these breakthroughs came from people asking the right questions — not just building better machines.,positive,positive,positive,positive
UgyDZMCvQQMzk1B98Wd4AaABAg,@ferroalloys594,Artificial Intelligence,The 10 Stages of Artificial Intelligence,Future Business Tech,"Well, unfortunately, latter-day ""aye eye"" does not explain the fundamental, as in intrinsic, limitations of probability distribution(s) allowing the weights to determine relative corresponding tokeised RELEVANCIES. Simples, ©®™, jeeeeeshhh, q.e.f. Just a thort (sic) (:-)",negative,negative,negative,negative
UgzcpFLSXCHUhkejvhd4AaABAg,@kalkeshvyas7897,Artificial Intelligence,What is Artificial Intelligence? | Artificial Intelligence In 5 Minutes | AI Explained | Simplilearn,Simplilearn,its option 3 to program an intelligent machine,neutral,neutral,neutral,neutral
UgywTaUHIFOZYK5lxol4AaABAg,@Techy-coder-m7e,Artificial Intelligence,"AI, Machine Learning, Deep Learning and Generative AI Explained",IBM Technology,"The fascinating part is how these terms are often treated as separate technologies, when they’re really layers of the same bigger picture. AI → Machine Learning → Deep Learning → Generative AI feels much easier to understand once you see how each builds on the previous one. The real question now is: where does AI go after generative AI?",positive,positive,positive,positive
Ugx5WbM0TZVZRWwEzJJ4AaABAg,@ParsaNaseri-fp4hk,Artificial Intelligence,artificial intelligence(SLOWED),JG,Stalin core : 😈,neutral,neutral,neutral,neutral
