comment_id,author_name,author_channel_id,topic,search_query,text,published_at,updated_at,like_count,reply_count,video_id,video_title,video_channel,search_rank,comment_url,collected_at
UgwwPpIztdWx-prfyQF4AaABAg,@YusuphaJaiteh-q2e,UCeY0u_3Qm1dLS7zMi8TNzew,Football,football,I see only one Brighton’s goals,2026-08-05T16:33:37Z,2026-08-05T16:33:37Z,0,0,y4kH9qrV0Ec,1 AMAZING Premier League Goal Scored From Every Minute [1-90] 2025/26,Premier League,2,https://www.youtube.com/watch?v=y4kH9qrV0Ec&lc=UgwwPpIztdWx-prfyQF4AaABAg,2026-08-05T20:00:15.013925+00:00
Ugxr7nNrhPTxjsgjxRR4AaABAg,@ChuffFootyReacts,UCh9NvHKmFu-wwz5-OTrS7sQ,Football,football,Missed the OG Pop drop?  🔥Extended for a limited time only 👉https://crowdmade.com/collections/chuffsters,2026-08-03T16:43:50Z,2026-08-03T16:43:50Z,14,3,4-8ba3lV0IA,Celebrities Playing Football,Chuff Footy Reacts,3,https://www.youtube.com/watch?v=4-8ba3lV0IA&lc=Ugxr7nNrhPTxjsgjxRR4AaABAg,2026-08-05T20:00:15.300985+00:00
UgxRfPnY5QXo_l4MT914AaABAg,@jdncourtneymiller6088,UCgOyq_cn5Hm0k-VUbuEETsw,Football,football,WDE,2026-08-05T19:51:23Z,2026-08-05T19:51:23Z,0,0,eM5_UjrTrA0,Reacting To Auburn Football's First Fall Practice,Locked On Auburn,4,https://www.youtube.com/watch?v=eM5_UjrTrA0&lc=UgxRfPnY5QXo_l4MT914AaABAg,2026-08-05T20:00:15.418073+00:00
UgyvEH54yKWd3ST-jbV4AaABAg,@saritatripathirichhariya5134,UCvmOlKfbsn5x3DJllY9LirQ,Football,football,Hi,2026-08-02T07:57:51Z,2026-08-02T07:57:51Z,0,0,pcAPOSv0OjA,SPAIN 1-0 ARGENTINA | FIFA WORLD CUP 2026 FINAL | FULL LIVE,BOBOLA TV,5,https://www.youtube.com/watch?v=pcAPOSv0OjA&lc=UgyvEH54yKWd3ST-jbV4AaABAg,2026-08-05T20:00:15.706850+00:00
UgzCOplNmfHqydy_RrB4AaABAg,@baconboiii-e2c,UCpBLnUbMJt1Gs0aVuMYNRCA,Football,football,who thinks 2022 wc was better than this one press like,2026-08-05T19:32:46Z,2026-08-05T19:32:46Z,1,0,bbx15WopTLI,We took Soccer Football to America’s Backyard #worldcup #football #adidas,adidas,6,https://www.youtube.com/watch?v=bbx15WopTLI&lc=UgzCOplNmfHqydy_RrB4AaABAg,2026-08-05T20:00:15.872678+00:00
Ugw1bwpCZ5EyAHyVOOR4AaABAg,@blazestrike1434,UCzNqRmHncsZiDmJ_7FG3LMA,Football,football,Pulled this story straight out his ass,2026-08-05T19:34:01Z,2026-08-05T19:34:01Z,0,0,hTnt7E4PxvQ,Unbelievable Moments In Football | Al Nassr VS Inter Miami Imaginary Final | #ronaldo vs #messi,CrossBar Editz,7,https://www.youtube.com/watch?v=hTnt7E4PxvQ&lc=Ugw1bwpCZ5EyAHyVOOR4AaABAg,2026-08-05T20:00:16.159470+00:00
UgyR2PQD_ZodUbZ-4l54AaABAg,@NinetyVirus,UC9aSRBH_gEtPD5E7cWO10Dw,Football,football,"Greatest game on earth, but also the scariest? 🥶",2026-05-08T10:35:10Z,2026-05-08T10:35:10Z,112,12,9VnSsqGdhZA,Scariest Moments In Football,Ninety,9,https://www.youtube.com/watch?v=9VnSsqGdhZA&lc=UgyR2PQD_ZodUbZ-4l54AaABAg,2026-08-05T20:00:16.492702+00:00
UgxIiBX5ZYgdyH5RMSJ4AaABAg,@honnasasiraj3016,UC27FAkpx23NdvRKNSlS5qSA,Football,football,For sure those goals number one and Two 😅😅😅 were super cute 🎉🎉😢,2026-08-05T14:13:45Z,2026-08-05T14:13:45Z,0,0,gYWz7y5aFV4,Ronaldo's Top 10 Champions League Goals #football #shorts #ronaldo #ucl,OG_Clips,10,https://www.youtube.com/watch?v=gYWz7y5aFV4&lc=UgxIiBX5ZYgdyH5RMSJ4AaABAg,2026-08-05T20:00:16.680552+00:00
Ugy1os9vmXxWMvmivBh4AaABAg,@Rich_Footy,UCXaKSDirv02Ic_0sn6vLx_g,Football,football,Who is the most SKILLED player?,2026-08-05T11:31:50Z,2026-08-05T11:31:50Z,34,38,itNt3THN1S0,Most SKILLED Player?! #premierleague #football #ronaldo,Rich Footy,11,https://www.youtube.com/watch?v=itNt3THN1S0&lc=Ugy1os9vmXxWMvmivBh4AaABAg,2026-08-05T20:00:16.887326+00:00
UgzkYdjfSBCmg3p0JfB4AaABAg,@NinetyVirus,UC9aSRBH_gEtPD5E7cWO10Dw,Football,football,"Trust me, even I can score that 1CM goal 😏",2026-02-05T11:30:23Z,2026-02-05T11:30:23Z,333,14,AqrQzFRJ02U,Football Goals But The Distance KEEPS Increasing,Ninety,12,https://www.youtube.com/watch?v=AqrQzFRJ02U&lc=UgzkYdjfSBCmg3p0JfB4AaABAg,2026-08-05T20:00:17.106493+00:00
Ugye45E2BqGL0X0NK1x4AaABAg,@Rashidatyomi-t7x,UCLw3ZQf0XC4u6Uc_7_-sEeA,Football,football,Abeg Ronaldo small smalloooooooooo,2026-08-05T16:37:31Z,2026-08-05T16:37:31Z,0,0,D_oSbDhy5F4,Ronaldo Taught Yamal a Football Lesson 🥶☠️,Flush,13,https://www.youtube.com/watch?v=D_oSbDhy5F4&lc=Ugye45E2BqGL0X0NK1x4AaABAg,2026-08-05T20:00:17.415535+00:00
UgyJTK7xNHDDOctkBt54AaABAg,@rahmounahabibdayzho3115,UCttkMu4r0J4nt5CgNCGDuFA,Football,football,C  E hasard,2026-08-05T19:04:08Z,2026-08-05T19:04:08Z,0,0,y02mOQudT3E,The art of defending 🎨,UEFA,14,https://www.youtube.com/watch?v=y02mOQudT3E&lc=UgyJTK7xNHDDOctkBt54AaABAg,2026-08-05T20:00:17.733797+00:00
UgxJWgghlw1FuhOBgaV4AaABAg,@theballaround,UC6XuoxV0VsqXCBQB4uoyEQA,Football,football,crazy,2026-08-03T12:08:46Z,2026-08-03T12:08:46Z,0,0,33WGYoUn33o,1 in a Billion Football Moments,Sir Alex,15,https://www.youtube.com/watch?v=33WGYoUn33o&lc=UgxJWgghlw1FuhOBgaV4AaABAg,2026-08-05T20:00:17.903525+00:00
UgywvcRX__iEyh2ZkSZ4AaABAg,@anamikabakshi3310,UCOWEMcoKTQj5XXUcmtHKzrg,Football,football,The last one☠️☠️,2026-08-05T13:58:24Z,2026-08-05T13:58:24Z,0,0,1RgFCz9qdhk,Controversial Red Cards In Football 🟥🤯,Galinho FC,16,https://www.youtube.com/watch?v=1RgFCz9qdhk&lc=UgywvcRX__iEyh2ZkSZ4AaABAg,2026-08-05T20:00:18.318691+00:00
UgwGPNx82FtR484Y37F4AaABAg,@duykhanhle8379,UCCBsuGN93IG5MYe6sSOZqKQ,Football,football,Where ronaldo 😂,2026-08-05T10:32:24Z,2026-08-05T10:32:24Z,0,0,02h7MB4Re4o,Best Football Skills 2026,SportsHD,17,https://www.youtube.com/watch?v=02h7MB4Re4o&lc=UgwGPNx82FtR484Y37F4AaABAg,2026-08-05T20:00:18.448977+00:00
Ugz-WqCwd8aomerotAd4AaABAg,@brabbit2967,UCBeMuk0Wivx1JUHvyIYGyjw,Football,football,This is a welcome change. Go get em Morg!,2026-08-04T21:18:58Z,2026-08-04T21:19:09Z,2,1,kiyN6PgK3Hs,Utah Football Head Coach Morgan Scalley: Day One Fall Camp,KSL Sports,18,https://www.youtube.com/watch?v=kiyN6PgK3Hs&lc=Ugz-WqCwd8aomerotAd4AaABAg,2026-08-05T20:00:18.563792+00:00
UgzKvbB-kzOa2SGt6tl4AaABAg,@alexab543,UC60rAvDUquwPz5wmJ3t6cYQ,Football,football,"Carra's story at the end is particularly topical considering Infantino has been fiercely reposting older pics of his with these 'FIFA Legends' like fat Ronaldo for PR purposes, to make gullible people believe they currently support him",2026-08-05T19:22:58Z,2026-08-05T19:22:58Z,1,0,LPGIvBUj0V0,Jamie Carragher: Who will win the Premier League? | Football Ramble Summer Series,Football Ramble,19,https://www.youtube.com/watch?v=LPGIvBUj0V0&lc=UgzKvbB-kzOa2SGt6tl4AaABAg,2026-08-05T20:00:18.780328+00:00
UgzemOqfxcVo9huSNxZ4AaABAg,@thebluehorizon_ai,UCpIWVf6GQzlrQHYVHPryGaA,Football,football,Listen to the song in Spotify https://open.spotify.com/album/57GJ7lFpk9qXd2u2np7gMn,2026-06-25T04:01:35Z,2026-06-25T04:01:35Z,300,31,7RogQiih3M8,WORLD CUP 2026 🏆 The AI Football Movie,The Blue Horizon AI,22,https://www.youtube.com/watch?v=7RogQiih3M8&lc=UgzemOqfxcVo9huSNxZ4AaABAg,2026-08-05T20:00:19.303134+00:00
UgwR88QOO_s0_pEAqjZ4AaABAg,@milicamilica9922,UCuN1O9S2XYOXmUUDzZHeuzw,Football,football,What,2026-08-05T13:03:25Z,2026-08-05T13:03:25Z,0,0,Q-7TlqFeGwA,Best Goals 2025 #football #shorts #edit,BimmyKing,23,https://www.youtube.com/watch?v=Q-7TlqFeGwA&lc=UgwR88QOO_s0_pEAqjZ4AaABAg,2026-08-05T20:00:19.651200+00:00
UgzRhjQlaZBur1DTn3Z4AaABAg,@NinetyVirus,UC9aSRBH_gEtPD5E7cWO10Dw,Football,football,Which country are you watching from? 🌍,2026-07-25T06:31:08Z,2026-07-25T06:31:08Z,16,15,vG3cdWlIU6Y,Most Humiliating Goals in Football History,Ninety,24,https://www.youtube.com/watch?v=vG3cdWlIU6Y&lc=UgzRhjQlaZBur1DTn3Z4AaABAg,2026-08-05T20:00:19.875193+00:00
UgxEDXW_NvlxTLnC6cl4AaABAg,@michaelbuchanan-fu2tg,UCsQGfs8_yq8ajrCBnWQ3YWA,Football,football,Ball,2026-08-05T19:58:29Z,2026-08-05T19:58:29Z,0,0,sOvQtfevkwY,compete every day 😤 #dallascowboys #football #trainingcamp #nfl #shorts,Dallas Cowboys,26,https://www.youtube.com/watch?v=sOvQtfevkwY&lc=UgxEDXW_NvlxTLnC6cl4AaABAg,2026-08-05T20:00:20.161607+00:00
Ugy7UOpEcA2wngqV8LF4AaABAg,@mohabalisarkermohabali,UC7rQijVib3GzqQx50iSIa1g,Football,football,Emi Martinez? 💀☠️,2026-08-05T10:32:51Z,2026-08-05T10:32:51Z,2,3,NqrCuiO1Eg0,best goalkeeper in 2026 world cup ☠️🔥 #football #bestsaves,Kingsfilm,27,https://www.youtube.com/watch?v=NqrCuiO1Eg0&lc=Ugy7UOpEcA2wngqV8LF4AaABAg,2026-08-05T20:00:20.253890+00:00
UgwTtYeQp1fbrMGozal4AaABAg,@brendamelo9816,UCAxVRxzWjN8TFhQa3-Tlcpg,Football,football,❤️🧡💛💚🩵💙💜,2026-08-05T18:27:24Z,2026-08-05T18:27:24Z,0,0,-ac5u2bg_ls,COLD Lamine Yamal penalty 🥶,UEFA,28,https://www.youtube.com/watch?v=-ac5u2bg_ls&lc=UgwTtYeQp1fbrMGozal4AaABAg,2026-08-05T20:00:20.486561+00:00
UgzmhHZPErvg9j-qcQx4AaABAg,@SemouLah,UCTisDal4ZtzDxCjt-m-QVIQ,Football,football,🎉🎉🎉🎉🎉,2026-08-05T18:17:35Z,2026-08-05T18:17:35Z,0,0,HavA7kE2pn4,Zidane Reacts Ronaldo Stepover Skills 🤯,Hoanftbl,29,https://www.youtube.com/watch?v=HavA7kE2pn4&lc=UgzmhHZPErvg9j-qcQx4AaABAg,2026-08-05T20:00:20.742063+00:00
UgyG7LSVpPdLhaG6SQp4AaABAg,@Pinkmoonumber1,UCbLgyEO3YE2zvCf2JRxWDkQ,Football,football,4:21 basket,2026-08-05T14:31:12Z,2026-08-05T14:31:12Z,0,0,KpagOcYvw2k,Football Kids On Another Level,Chuff Footy Reacts,30,https://www.youtube.com/watch?v=KpagOcYvw2k&lc=UgyG7LSVpPdLhaG6SQp4AaABAg,2026-08-05T20:00:20.975195+00:00
UgxQRIYORL5wEIt5qQx4AaABAg,@olahammar1696,UCdB-GKFLghuzDasnL4ZlciQ,Football,football,1st pls pin,2025-01-24T14:18:26Z,2025-01-24T14:18:26Z,108,14,Y1ZycvXcVdE,Best UCL comebacks 🔥😈💀🥶 #football #footballshorts #shorts,SJ10HD Editz TM,31,https://www.youtube.com/watch?v=Y1ZycvXcVdE&lc=UgxQRIYORL5wEIt5qQx4AaABAg,2026-08-05T20:00:21.234052+00:00
UgzXVdAKlBJBF7yKXSp4AaABAg,@Dinho7-k3u,UCtFk5rhSbEh64BL_JErFL_A,Football,football,Wow the next goat of football,2025-02-18T23:12:07Z,2025-02-18T23:12:07Z,1001,313,FGUbaSQ50CI,FREESTYLE 😱🔥 FOOTBALL SKILLS ⚽️⭐️ BEACH FOOTBALL @valerikostovofficial,v7skills,32,https://www.youtube.com/watch?v=FGUbaSQ50CI&lc=UgzXVdAKlBJBF7yKXSp4AaABAg,2026-08-05T20:00:21.457109+00:00
UgzeZKtmEsvAMnBFN8R4AaABAg,@AX-edits9,UC4hXHH8qlgbEZv0vfzQkBkA,Football,football,1 pin pls❤,2025-04-08T19:07:31Z,2025-04-08T19:07:46Z,3372,1000,KlRQhPyphV0,Messi's reaction to Ronaldo's goal ☠️ #cristiano #football #messi #ronaldo #cr7 #edit #trending,FOAR7,33,https://www.youtube.com/watch?v=KlRQhPyphV0&lc=UgzeZKtmEsvAMnBFN8R4AaABAg,2026-08-05T20:00:21.724474+00:00
UgxucQlXYG59h2eKJtt4AaABAg,@kischiafletcher7264,UCW3Dsa85_rpM8S4IpNg2TgA,Football,football,🔥🔥🔥🔥🔥🔥,2026-08-05T19:41:22Z,2026-08-05T19:41:22Z,0,0,2x618FsDoX8,Another day to get better 👏 #giants #trainingcamp #nfl #football #newyorkgiants #shorts,New York Giants,34,https://www.youtube.com/watch?v=2x618FsDoX8&lc=UgxucQlXYG59h2eKJtt4AaABAg,2026-08-05T20:00:21.933165+00:00
Ugx-g3Xmne2SeaBnYvx4AaABAg,@DusharAwal,UCS-PbPibnf-JCBz8yGscheg,Football,football,Cool,2026-08-04T17:11:14Z,2026-08-04T17:11:14Z,0,0,CskaueTU0Sk,Myanmar vs Laos Live Asean Championship Group B Football Watchalong & Commentary,Republic of Games,35,https://www.youtube.com/watch?v=CskaueTU0Sk&lc=Ugx-g3Xmne2SeaBnYvx4AaABAg,2026-08-05T20:00:22.038507+00:00
UgxWyyfnJTNAFZflF3F4AaABAg,@harleenbanga8002,UCN5rbwmPOhiCTBSf73L5lxg,Football,football,people here it suuuuuu.. I hear it chuuuu 😂😂😂,2026-08-05T16:35:52Z,2026-08-05T16:36:43Z,0,0,OlCpDx5NtUc,Ronaldo win Trophy 🏆in Juventus #ronaldo #shorts #football #juventus #love,CN9 HD ,36,https://www.youtube.com/watch?v=OlCpDx5NtUc&lc=UgxWyyfnJTNAFZflF3F4AaABAg,2026-08-05T20:00:22.300362+00:00
UgyLUIN2w01mX7v6jUt4AaABAg,@Footy_Ranks,UCLQc7gcDAXeMOCsRvCgSX4Q,Football,football,Which goal has the most aura ? 🗿,2025-06-29T17:44:11Z,2025-06-29T17:44:11Z,5009,293,ETHUowuIuJQ,Top Goals with most Aura in Football,FootyRanks,37,https://www.youtube.com/watch?v=ETHUowuIuJQ&lc=UgyLUIN2w01mX7v6jUt4AaABAg,2026-08-05T20:00:22.827572+00:00
UgzOyXpyFvdF4ym_SMl4AaABAg,@ajaysharma8283,UCmmO7xsfUUTbWcxtLYC1q1g,Football,football,Bhaiya main 12 sal ka hun mujhe aapki academy mein joint hona hai kya mera academy mein joint ho payega aap apni jagah ka naam batao aapki video mein dekhta hun,2026-08-05T15:50:03Z,2026-08-05T15:50:03Z,0,0,WKO6sxdk8dw,⚽️Pro Receiving Hacks #football #shorts,Quicklearninsports,38,https://www.youtube.com/watch?v=WKO6sxdk8dw&lc=UgzOyXpyFvdF4ym_SMl4AaABAg,2026-08-05T20:00:22.972179+00:00
Ugyton_H5cJiYBUma9Z4AaABAg,@NinetyVirus,UC9aSRBH_gEtPD5E7cWO10Dw,Football,football,Who is the 'King of Comebacks' in football history? 🔥,2026-01-02T11:06:42Z,2026-01-02T11:06:42Z,58,33,lHp704JTsIo,99% IMPOSSIBLE Comeback moments in football,Ninety,39,https://www.youtube.com/watch?v=lHp704JTsIo&lc=Ugyton_H5cJiYBUma9Z4AaABAg,2026-08-05T20:00:23.195561+00:00
UgxIdChvp4BXqosA4054AaABAg,@ЭркайымЮсупова,UCD6kaWtvXFYqCEjNNCit1Yw,Football,football,😮😮😮😮,2026-08-05T17:54:26Z,2026-08-05T17:54:26Z,0,0,TDRiX6IjQL8,Women VS Men's Dribbling 💀,Primeftbl,40,https://www.youtube.com/watch?v=TDRiX6IjQL8&lc=UgxIdChvp4BXqosA4054AaABAg,2026-08-05T20:00:23.501709+00:00
Ugx1mwRqfVgga-yqWrV4AaABAg,@Guy123-dk,UCz_ZIbQrT4CKSR-LZF6ut7w,Football,football,4:55 van butt,2026-08-05T11:20:06Z,2026-08-05T11:20:06Z,0,0,y4kH9qrV0Ec,1 AMAZING Premier League Goal Scored From Every Minute [1-90] 2025/26,Premier League,2,https://www.youtube.com/watch?v=y4kH9qrV0Ec&lc=Ugx1mwRqfVgga-yqWrV4AaABAg,2026-08-05T20:00:15.013925+00:00
Ugwb7pLiY3bdNWj0LcN4AaABAg,@jeanemofokeng6584,UC7mpD0mbgAaPn4jKypbYUZA,Football,football,6x 08,2026-08-05T18:02:42Z,2026-08-05T18:02:42Z,0,0,4-8ba3lV0IA,Celebrities Playing Football,Chuff Footy Reacts,3,https://www.youtube.com/watch?v=4-8ba3lV0IA&lc=Ugwb7pLiY3bdNWj0LcN4AaABAg,2026-08-05T20:00:15.300985+00:00
Ugz3BMsFyibplKAfSQt4AaABAg,@iUnderstand251,UCcHmTeQi04nZl67nDzy2pCw,Football,football,"I was with DAP and high on Sam Turner. But after seeing him mess up on his route then come back to do it again then not even hardly run the 2nd time. Just kinda jog past kodi burns. It doesnt feel like hes pushing. Like yall said ""Wasted Rep""",2026-08-05T18:58:37Z,2026-08-05T18:58:37Z,0,0,eM5_UjrTrA0,Reacting To Auburn Football's First Fall Practice,Locked On Auburn,4,https://www.youtube.com/watch?v=eM5_UjrTrA0&lc=Ugz3BMsFyibplKAfSQt4AaABAg,2026-08-05T20:00:15.418073+00:00
Ugy5syCMdyjY2nymlgp4AaABAg,@SangayChoden-x6n,UCRc_XTHmsgxS58xtjMZmzjA,Football,football,It's right now,2026-08-01T07:24:14Z,2026-08-01T07:24:14Z,0,0,pcAPOSv0OjA,SPAIN 1-0 ARGENTINA | FIFA WORLD CUP 2026 FINAL | FULL LIVE,BOBOLA TV,5,https://www.youtube.com/watch?v=pcAPOSv0OjA&lc=Ugy5syCMdyjY2nymlgp4AaABAg,2026-08-05T20:00:15.706850+00:00
Ugxc30ie8Me6HSKhptV4AaABAg,@Xddd67-r5i,UCYgSKRuh2lNzZtze2YJVhSg,Football,football,First,2026-08-05T19:05:50Z,2026-08-05T19:05:50Z,1,0,bbx15WopTLI,We took Soccer Football to America’s Backyard #worldcup #football #adidas,adidas,6,https://www.youtube.com/watch?v=bbx15WopTLI&lc=Ugxc30ie8Me6HSKhptV4AaABAg,2026-08-05T20:00:15.872678+00:00
UgzttJYAgluUExM8W914AaABAg,@kaoutarelkhadiri313,UCZ2EHoLHBCHe7nLrsQCXgMQ,Football,football,7❤❤❤❤❤❤,2026-08-05T13:41:26Z,2026-08-05T13:41:26Z,0,0,hTnt7E4PxvQ,Unbelievable Moments In Football | Al Nassr VS Inter Miami Imaginary Final | #ronaldo vs #messi,CrossBar Editz,7,https://www.youtube.com/watch?v=hTnt7E4PxvQ&lc=UgzttJYAgluUExM8W914AaABAg,2026-08-05T20:00:16.159470+00:00
Ugx84vywSD8gsVTdy4V4AaABAg,@Jr-JaceArdon-m2n,UCxhy-pUTsWQ_AuY9EzY73HQ,Football,football,WOOO SPAIN WOOOOO WOWEEEW,2026-08-04T17:14:07Z,2026-08-04T17:14:07Z,0,1,9VnSsqGdhZA,Scariest Moments In Football,Ninety,9,https://www.youtube.com/watch?v=9VnSsqGdhZA&lc=Ugx84vywSD8gsVTdy4V4AaABAg,2026-08-05T20:00:16.492702+00:00
UgyDM_ZwGz-CMosP7U54AaABAg,@tjnguyen9440,UCv0eJspau4l317OX3iefCHQ,Football,football,Too far for Ronaldo to think about it🔥🔥,2026-08-05T13:23:36Z,2026-08-05T13:23:36Z,0,0,gYWz7y5aFV4,Ronaldo's Top 10 Champions League Goals #football #shorts #ronaldo #ucl,OG_Clips,10,https://www.youtube.com/watch?v=gYWz7y5aFV4&lc=UgyDM_ZwGz-CMosP7U54AaABAg,2026-08-05T20:00:16.680552+00:00
UgzBussCAYXD9nipIAZ4AaABAg,@WaniZame,UCzoN2fcdwblcTqzriaZHD_Q,Football,football,Dinho had the best moves of any player ever.  One of a kind.,2026-08-05T19:57:23Z,2026-08-05T19:57:23Z,0,0,itNt3THN1S0,Most SKILLED Player?! #premierleague #football #ronaldo,Rich Footy,11,https://www.youtube.com/watch?v=itNt3THN1S0&lc=UgzBussCAYXD9nipIAZ4AaABAg,2026-08-05T20:00:16.887326+00:00
Ugy0-4pOM_eCbnf-eUl4AaABAg,@2339091q,UCa6NIfyklfUY9SF2MXdtrgw,Football,football,5:20 The failed hand.,2026-08-03T01:29:04Z,2026-08-03T01:29:04Z,0,0,AqrQzFRJ02U,Football Goals But The Distance KEEPS Increasing,Ninety,12,https://www.youtube.com/watch?v=AqrQzFRJ02U&lc=Ugy0-4pOM_eCbnf-eUl4AaABAg,2026-08-05T20:00:17.106493+00:00
UgwF440OHmZj2nO-g_h4AaABAg,@BestOfTheGameFootball,UCIa4tFvQNmZVWLZGQSKElIQ,Football,football,Goat 🐐 suuuuuuuuuu,2026-08-05T16:15:45Z,2026-08-05T16:15:45Z,0,0,D_oSbDhy5F4,Ronaldo Taught Yamal a Football Lesson 🥶☠️,Flush,13,https://www.youtube.com/watch?v=D_oSbDhy5F4&lc=UgwF440OHmZj2nO-g_h4AaABAg,2026-08-05T20:00:17.415535+00:00
UgxI2bH0dPMkLn7LtRN4AaABAg,@GaliWexler-c4o,UCZjk0vMsMwKWriTdvzgLWrA,Football,football,Respect but Barcelona is the goat,2026-08-05T16:39:36Z,2026-08-05T16:39:36Z,0,0,y02mOQudT3E,The art of defending 🎨,UEFA,14,https://www.youtube.com/watch?v=y02mOQudT3E&lc=UgxI2bH0dPMkLn7LtRN4AaABAg,2026-08-05T20:00:17.733797+00:00
UgzUaLw7lYXc56zXmEh4AaABAg,@AusernamethatstartswithA,UCQ8q1mayPrUY1UyX3zRCafw,Football,football,Im only here to like the video for the soccer ball,2026-07-31T22:51:58Z,2026-07-31T22:51:58Z,0,0,33WGYoUn33o,1 in a Billion Football Moments,Sir Alex,15,https://www.youtube.com/watch?v=33WGYoUn33o&lc=UgzUaLw7lYXc56zXmEh4AaABAg,2026-08-05T20:00:17.903525+00:00
Ugy0bLNilTFJMwQIKxt4AaABAg,@kvinka_roblox443,UC2tIR75x2E3M6S40pXqGkOQ,Football,football,🤮🤮🤮🤮🤮🤮🤮🤮🤮🤮🤮🤮🤮🤮🤮🤮🤮🤢🤮🤮🤮🤮🤮🤢🤢🤮🤢🤮🤮🤮🤮🤮🤮🤮🤮🤮🤮🤮🤮🤮🤢🤢🤮🤮🤮🤮🤮🤮🤮🤮🤮🤮🤮🤮🤮🤮🤮🤮🤮🤮🤮🤮🤮🤮🤮🤮🤮🤮🤮🤮🤮,2026-08-04T06:58:47Z,2026-08-04T06:58:47Z,0,0,1RgFCz9qdhk,Controversial Red Cards In Football 🟥🤯,Galinho FC,16,https://www.youtube.com/watch?v=1RgFCz9qdhk&lc=Ugy0bLNilTFJMwQIKxt4AaABAg,2026-08-05T20:00:18.318691+00:00
Ugz9CQQzQcyXlK-g1fh4AaABAg,@GridironGoals-q4b,UCE6C7mqqD1piAVUH0barzxg,Football,football,I like it when the goalie decides to show off their skills,2026-08-05T07:09:04Z,2026-08-05T07:09:04Z,0,0,02h7MB4Re4o,Best Football Skills 2026,SportsHD,17,https://www.youtube.com/watch?v=02h7MB4Re4o&lc=Ugz9CQQzQcyXlK-g1fh4AaABAg,2026-08-05T20:00:18.448977+00:00
UgxscR83KoWk2ZN2Pv14AaABAg,@jekanyika,UCFXX0dGOvUER1XrZ95XAyIg,Football,football,42:34 Never a truer word said,2026-08-05T18:30:16Z,2026-08-05T18:30:16Z,0,0,LPGIvBUj0V0,Jamie Carragher: Who will win the Premier League? | Football Ramble Summer Series,Football Ramble,19,https://www.youtube.com/watch?v=LPGIvBUj0V0&lc=UgxscR83KoWk2ZN2Pv14AaABAg,2026-08-05T20:00:18.780328+00:00
UgwSF7YNxkgSg6VMZwB4AaABAg,@عليمحمد93,UCXNvdsLn7Y_47kneUWsLtVg,Football,football,"A7B 💌 

Ali Baba",2026-08-05T16:19:50Z,2026-08-05T16:19:50Z,0,0,7RogQiih3M8,WORLD CUP 2026 🏆 The AI Football Movie,The Blue Horizon AI,22,https://www.youtube.com/watch?v=7RogQiih3M8&lc=UgwSF7YNxkgSg6VMZwB4AaABAg,2026-08-05T20:00:19.303134+00:00
UgzGEWgJ0ZMSfQO06b54AaABAg,@Ferzo-j4r,UCLVTwEz-1QF2cXirE6OpWwg,Football,football,wow,2026-08-05T10:52:47Z,2026-08-05T10:52:47Z,0,0,Q-7TlqFeGwA,Best Goals 2025 #football #shorts #edit,BimmyKing,23,https://www.youtube.com/watch?v=Q-7TlqFeGwA&lc=UgzGEWgJ0ZMSfQO06b54AaABAg,2026-08-05T20:00:19.651200+00:00
UgyDMQ74DJ4GhQzxJ094AaABAg,@رشيدمالكي-ز8ف,UCnvVEHz8QKVahC8_hkbHNbg,Football,football,لااله الا الله ❤❤❤❤لااله الا الله محمد رسول الله  حسبنا الله ونعم الوكيل,2026-08-05T04:26:38Z,2026-08-05T04:26:38Z,0,0,vG3cdWlIU6Y,Most Humiliating Goals in Football History,Ninety,24,https://www.youtube.com/watch?v=vG3cdWlIU6Y&lc=UgyDMQ74DJ4GhQzxJ094AaABAg,2026-08-05T20:00:19.875193+00:00
UgxYHv01VLcCi75H_S94AaABAg,@gregoryscottsmith84,UCilO41pCq_ho7anPxptbcXg,Football,football,Downs built like a mini fridge.,2026-08-05T19:57:56Z,2026-08-05T19:57:56Z,0,0,sOvQtfevkwY,compete every day 😤 #dallascowboys #football #trainingcamp #nfl #shorts,Dallas Cowboys,26,https://www.youtube.com/watch?v=sOvQtfevkwY&lc=UgxYHv01VLcCi75H_S94AaABAg,2026-08-05T20:00:20.161607+00:00
UgwcdH_Ma02QidTN6H94AaABAg,@WorldCupInsider-g3y,UCUrw31n2rbxMgc5_wl2L-ZQ,Football,football,Trying to build a community for football fans who love untold World Cup stories. Every follow means a lot. Thank you! ❤️⚽,2026-08-05T15:28:48Z,2026-08-05T15:28:48Z,0,0,-ac5u2bg_ls,COLD Lamine Yamal penalty 🥶,UEFA,28,https://www.youtube.com/watch?v=-ac5u2bg_ls&lc=UgwcdH_Ma02QidTN6H94AaABAg,2026-08-05T20:00:20.486561+00:00
UgxeqTc3XCrNhvHQSMh4AaABAg,@camilleolivier7213,UCPsbXQOHE60dPjyD2f7Qgmw,Football,football,C'est un gros tas il est nul Ronaldo,2026-08-05T18:11:53Z,2026-08-05T18:11:53Z,0,0,HavA7kE2pn4,Zidane Reacts Ronaldo Stepover Skills 🤯,Hoanftbl,29,https://www.youtube.com/watch?v=HavA7kE2pn4&lc=UgxeqTc3XCrNhvHQSMh4AaABAg,2026-08-05T20:00:20.742063+00:00
UgxL7LP1KXrregNBEb54AaABAg,@CharlieVRFS,UCaAW-WFvEw457k-h1OGzJQg,Football,football,Ollie❤❤❤,2026-07-24T09:55:41Z,2026-07-24T09:55:41Z,1,0,KpagOcYvw2k,Football Kids On Another Level,Chuff Footy Reacts,30,https://www.youtube.com/watch?v=KpagOcYvw2k&lc=UgxL7LP1KXrregNBEb54AaABAg,2026-08-05T20:00:20.975195+00:00
UgzgOQSjGgUQ7lG1hwt4AaABAg,@MasonReed-t8d,UC9JAvtpsX379OWy3L_8l4_w,Football,football,❤❤❤❤❤❤,2026-08-05T03:12:57Z,2026-08-05T03:12:57Z,0,0,Y1ZycvXcVdE,Best UCL comebacks 🔥😈💀🥶 #football #footballshorts #shorts,SJ10HD Editz TM,31,https://www.youtube.com/watch?v=Y1ZycvXcVdE&lc=UgzgOQSjGgUQ7lG1hwt4AaABAg,2026-08-05T20:00:21.234052+00:00
UgxTfdVrBoWtxFCYoXN4AaABAg,@DanielLander-i1u,UCKouHSOB2_fMiSGcSA69l3A,Football,football,Ronaldinho son,2026-08-05T17:29:52Z,2026-08-05T17:29:52Z,0,0,FGUbaSQ50CI,FREESTYLE 😱🔥 FOOTBALL SKILLS ⚽️⭐️ BEACH FOOTBALL @valerikostovofficial,v7skills,32,https://www.youtube.com/watch?v=FGUbaSQ50CI&lc=UgxTfdVrBoWtxFCYoXN4AaABAg,2026-08-05T20:00:21.457109+00:00
Ugzbpy4jvChOas4d9fZ4AaABAg,@BeeM-w4e,UCJLJWXYGXmVb53cD1jOD47w,Football,football,Cr7,2026-08-05T15:56:44Z,2026-08-05T15:56:44Z,0,0,KlRQhPyphV0,Messi's reaction to Ronaldo's goal ☠️ #cristiano #football #messi #ronaldo #cr7 #edit #trending,FOAR7,33,https://www.youtube.com/watch?v=KlRQhPyphV0&lc=Ugzbpy4jvChOas4d9fZ4AaABAg,2026-08-05T20:00:21.724474+00:00
UgwFJhmjDaLTZhXWgsV4AaABAg,@nickdiamond9292,UCUP0HMHyAkyuhfG86Uz9YTg,Football,football,Bobby traffic jam,2026-08-05T13:28:27Z,2026-08-05T13:28:27Z,0,0,2x618FsDoX8,Another day to get better 👏 #giants #trainingcamp #nfl #football #newyorkgiants #shorts,New York Giants,34,https://www.youtube.com/watch?v=2x618FsDoX8&lc=UgwFJhmjDaLTZhXWgsV4AaABAg,2026-08-05T20:00:21.933165+00:00
Ugx5wcd5Bj27cTa1KF54AaABAg,@samirsardar647,UC1JexEirrwhHsXCEsP5Do2A,Football,football,💯💯💯💯💪💪💪💪,2026-08-05T15:52:10Z,2026-08-05T15:52:10Z,0,0,OlCpDx5NtUc,Ronaldo win Trophy 🏆in Juventus #ronaldo #shorts #football #juventus #love,CN9 HD ,36,https://www.youtube.com/watch?v=OlCpDx5NtUc&lc=Ugx5wcd5Bj27cTa1KF54AaABAg,2026-08-05T20:00:22.300362+00:00
Ugz5NKefGSBv40QQWBR4AaABAg,@SarimDahiya,UCAYDRL7AgciLAsA4_4FFZ5g,Football,football,😂😂😂😂 ney ney,2026-08-05T17:05:16Z,2026-08-05T17:05:16Z,0,0,ETHUowuIuJQ,Top Goals with most Aura in Football,FootyRanks,37,https://www.youtube.com/watch?v=ETHUowuIuJQ&lc=Ugz5NKefGSBv40QQWBR4AaABAg,2026-08-05T20:00:22.827572+00:00
UgybCl_KmxIkAeCKhoV4AaABAg,@drow.editing,UCvMW4QF3O9RLverX1OcXiBw,Football,football,Mujhe National mein khelna hai please reply me 👉😔😔😔,2026-08-05T13:30:28Z,2026-08-05T13:30:28Z,1,0,WKO6sxdk8dw,⚽️Pro Receiving Hacks #football #shorts,Quicklearninsports,38,https://www.youtube.com/watch?v=WKO6sxdk8dw&lc=UgybCl_KmxIkAeCKhoV4AaABAg,2026-08-05T20:00:22.972179+00:00
UgwW5cMCFbG818VVYXp4AaABAg,@ortho_211,UCP_CCvYMLQX10y-E5egIGTA,Football,football,It is yammmalll🎉,2026-08-02T09:43:59Z,2026-08-02T09:43:59Z,0,0,lHp704JTsIo,99% IMPOSSIBLE Comeback moments in football,Ninety,39,https://www.youtube.com/watch?v=lHp704JTsIo&lc=UgwW5cMCFbG818VVYXp4AaABAg,2026-08-05T20:00:23.195561+00:00
Ugx5VWQHdtOnY13rZm14AaABAg,@jacklynemitchellekweyu909,UCXyS01peMqkEiIjHbofbiSg,Football,football,🎉🎉🎉🎉🎉,2026-08-05T15:00:38Z,2026-08-05T15:00:38Z,0,0,TDRiX6IjQL8,Women VS Men's Dribbling 💀,Primeftbl,40,https://www.youtube.com/watch?v=TDRiX6IjQL8&lc=Ugx5VWQHdtOnY13rZm14AaABAg,2026-08-05T20:00:23.501709+00:00
Ugyf95a2fs9Ike-80wB4AaABAg,@DoskhanSansyzbai-p7f,UCF57vJnEz1rmIoCbGqtbEWg,Football,football,Next Coventry City champions destroyed Arsenal and Man City😅,2026-08-05T09:31:36Z,2026-08-05T09:31:36Z,0,0,y4kH9qrV0Ec,1 AMAZING Premier League Goal Scored From Every Minute [1-90] 2025/26,Premier League,2,https://www.youtube.com/watch?v=y4kH9qrV0Ec&lc=Ugyf95a2fs9Ike-80wB4AaABAg,2026-08-05T20:00:15.013925+00:00
UgxaS3raKtmW1IJ82ll4AaABAg,@TedHowarth,UCkGbVeUkyqODszQtqiVeHJA,Football,football,I love cuff ❤❤❤❤❤❤ he is amazing  i wish 😢he was in the sidmen,2026-08-05T12:20:27Z,2026-08-05T12:20:27Z,0,0,4-8ba3lV0IA,Celebrities Playing Football,Chuff Footy Reacts,3,https://www.youtube.com/watch?v=4-8ba3lV0IA&lc=UgxaS3raKtmW1IJ82ll4AaABAg,2026-08-05T20:00:15.300985+00:00
Ugw5zUUR1Shp1HDcp-B4AaABAg,@JamesBowman-t1s,UChFF4n5wcspTAOvfZ78WORw,Football,football,"Damn, C5’s shirt is buttoned in the heat!",2026-08-05T18:07:36Z,2026-08-05T18:07:36Z,1,0,eM5_UjrTrA0,Reacting To Auburn Football's First Fall Practice,Locked On Auburn,4,https://www.youtube.com/watch?v=eM5_UjrTrA0&lc=Ugw5zUUR1Shp1HDcp-B4AaABAg,2026-08-05T20:00:15.418073+00:00
UgzJTDniYoOKI9-3sEB4AaABAg,@CarlosQuispe-j2l,UCtUUDskoU37-1hZ4pk8sWQw,Football,football,España es traposo,2026-07-29T13:43:54Z,2026-07-29T13:43:54Z,0,0,pcAPOSv0OjA,SPAIN 1-0 ARGENTINA | FIFA WORLD CUP 2026 FINAL | FULL LIVE,BOBOLA TV,5,https://www.youtube.com/watch?v=pcAPOSv0OjA&lc=UgzJTDniYoOKI9-3sEB4AaABAg,2026-08-05T20:00:15.706850+00:00
UgwxMnwBDidty2OejvJ4AaABAg,@VarunSahonte,UC0gQm7ZqxsWIQfNg03BwNzQ,Football,football,I’m not gonna lie who thinks the 2022 World Cup was better than this World Cup👇,2026-08-05T19:05:48Z,2026-08-05T19:05:48Z,1,0,bbx15WopTLI,We took Soccer Football to America’s Backyard #worldcup #football #adidas,adidas,6,https://www.youtube.com/watch?v=bbx15WopTLI&lc=UgwxMnwBDidty2OejvJ4AaABAg,2026-08-05T20:00:15.872678+00:00
UgwpoLCYeMZB-38aHQV4AaABAg,@SamsulBaha,UCtfi3CYV7LpXk3Z8W0ZqP3w,Football,football,Semangat.   Ronaldo,2026-08-05T12:32:05Z,2026-08-05T12:32:05Z,0,0,hTnt7E4PxvQ,Unbelievable Moments In Football | Al Nassr VS Inter Miami Imaginary Final | #ronaldo vs #messi,CrossBar Editz,7,https://www.youtube.com/watch?v=hTnt7E4PxvQ&lc=UgwpoLCYeMZB-38aHQV4AaABAg,2026-08-05T20:00:16.159470+00:00
UgzKu7zO7-oPeaXrZPZ4AaABAg,@Avatottenham27,UC5GkzvEbLBTfkLv11H44mSw,Football,football,Never trust an agrentina center back Cristian romero 8:29,2026-07-31T19:26:30Z,2026-07-31T19:26:36Z,0,0,9VnSsqGdhZA,Scariest Moments In Football,Ninety,9,https://www.youtube.com/watch?v=9VnSsqGdhZA&lc=UgzKu7zO7-oPeaXrZPZ4AaABAg,2026-08-05T20:00:16.492702+00:00
UgwN2OYjroiIkNbKCi14AaABAg,@ArmandoSprohar,UCf4CruVcuDfqT4u_iFVKukA,Football,football,Ronaldo vs juventus 😮,2026-08-05T11:33:57Z,2026-08-05T11:33:57Z,0,0,gYWz7y5aFV4,Ronaldo's Top 10 Champions League Goals #football #shorts #ronaldo #ucl,OG_Clips,10,https://www.youtube.com/watch?v=gYWz7y5aFV4&lc=UgwN2OYjroiIkNbKCi14AaABAg,2026-08-05T20:00:16.680552+00:00
UgzS3V2-FxTp1bQylDl4AaABAg,@thebroomcupboard,UC3LBxFrAIdUAcCBo7vYfr3Q,Football,football,"It’s Messi. He has the ball on a string. The technique, feints and dummies are crazy. Rainbow flicks, step overs etc. Are more showboating than skills.",2026-08-05T19:54:07Z,2026-08-05T19:54:07Z,0,0,itNt3THN1S0,Most SKILLED Player?! #premierleague #football #ronaldo,Rich Footy,11,https://www.youtube.com/watch?v=itNt3THN1S0&lc=UgzS3V2-FxTp1bQylDl4AaABAg,2026-08-05T20:00:16.887326+00:00
UgyX7tX4mgvch-hORLF4AaABAg,@EmoFnafBonnie,UCxthS9YSlfuma9ZwsBepTuw,Football,football,0:18 Türk spiker,2026-07-30T14:03:48Z,2026-07-30T14:03:48Z,0,0,AqrQzFRJ02U,Football Goals But The Distance KEEPS Increasing,Ninety,12,https://www.youtube.com/watch?v=AqrQzFRJ02U&lc=UgyX7tX4mgvch-hORLF4AaABAg,2026-08-05T20:00:17.106493+00:00
Ugyu12avNfEha9jtdBt4AaABAg,@407Footy,UCF0OzIa2Batzvfkz1SDH08g,Football,football,"Ronaldo even went defensive in this game 
What a player",2026-08-05T14:35:40Z,2026-08-05T14:35:40Z,0,0,D_oSbDhy5F4,Ronaldo Taught Yamal a Football Lesson 🥶☠️,Flush,13,https://www.youtube.com/watch?v=D_oSbDhy5F4&lc=Ugyu12avNfEha9jtdBt4AaABAg,2026-08-05T20:00:17.415535+00:00
UgwA8ZB5ZZb60vmazO54AaABAg,@Soccerclipzo091,UCMW_F_hcuI3k0wVkis0ritg,Football,football,Defense is better than offense,2026-08-05T13:32:06Z,2026-08-05T13:32:06Z,0,0,y02mOQudT3E,The art of defending 🎨,UEFA,14,https://www.youtube.com/watch?v=y02mOQudT3E&lc=UgwA8ZB5ZZb60vmazO54AaABAg,2026-08-05T20:00:17.733797+00:00
UgxG1LpI5Ym-bntrUk94AaABAg,@HoloBobo,UCMe_muGjcvQOxoMwSuCLTRA,Football,football,crazy guys,2026-07-31T00:55:28Z,2026-07-31T00:55:28Z,0,0,33WGYoUn33o,1 in a Billion Football Moments,Sir Alex,15,https://www.youtube.com/watch?v=33WGYoUn33o&lc=UgxG1LpI5Ym-bntrUk94AaABAg,2026-08-05T20:00:17.903525+00:00
UgxIgq-fmifQoCK99Td4AaABAg,@kvinka_roblox443,UC2tIR75x2E3M6S40pXqGkOQ,Football,football,🤢💩🤢👎🤮🤮🤢💩👎🤮🤮👎💩💩👎🤮🤮🤮🤢💩💩🤢🤮,2026-08-04T06:57:27Z,2026-08-04T06:57:27Z,0,0,1RgFCz9qdhk,Controversial Red Cards In Football 🟥🤯,Galinho FC,16,https://www.youtube.com/watch?v=1RgFCz9qdhk&lc=UgxIgq-fmifQoCK99Td4AaABAg,2026-08-05T20:00:18.318691+00:00
UgyxxdcaI5Gi5e8OGhd4AaABAg,@BMskills_carpenters,UCUi737300Cs4LgIOdxdIssA,Football,football,I like it when the goalie decides to show off their skills,2026-08-04T14:30:40Z,2026-08-04T14:30:40Z,1,0,02h7MB4Re4o,Best Football Skills 2026,SportsHD,17,https://www.youtube.com/watch?v=02h7MB4Re4o&lc=UgyxxdcaI5Gi5e8OGhd4AaABAg,2026-08-05T20:00:18.448977+00:00
Ugxg0OwwQ8j0VdsVjTF4AaABAg,@akarsh7suhas,UCuvxcSjL5bt_Fw57GxdGX6w,Football,football,The host gotta let Jamie talk instead of butting in every time ffs,2026-08-05T17:57:46Z,2026-08-05T17:57:46Z,0,0,LPGIvBUj0V0,Jamie Carragher: Who will win the Premier League? | Football Ramble Summer Series,Football Ramble,19,https://www.youtube.com/watch?v=LPGIvBUj0V0&lc=Ugxg0OwwQ8j0VdsVjTF4AaABAg,2026-08-05T20:00:18.780328+00:00
UgyefOyaCGYJ9Wg-HV94AaABAg,@santostrapetrape9,UC3gYHdz_qFMCUUVEz-I5xxQ,Football,football,Messi é sa jogada vai bem.,2026-08-05T15:11:38Z,2026-08-05T15:11:38Z,1,0,7RogQiih3M8,WORLD CUP 2026 🏆 The AI Football Movie,The Blue Horizon AI,22,https://www.youtube.com/watch?v=7RogQiih3M8&lc=UgyefOyaCGYJ9Wg-HV94AaABAg,2026-08-05T20:00:19.303134+00:00
UgxUp6kj0ge19135wTV4AaABAg,@Nicki-n1b,UChkdl4NZHpblnr0RIEB0yKw,Football,football,❤❤❤,2026-08-05T03:12:33Z,2026-08-05T03:12:33Z,0,0,Q-7TlqFeGwA,Best Goals 2025 #football #shorts #edit,BimmyKing,23,https://www.youtube.com/watch?v=Q-7TlqFeGwA&lc=UgxUp6kj0ge19135wTV4AaABAg,2026-08-05T20:00:19.651200+00:00
UgxCWITG4zW3fyA2Ptp4AaABAg,@Josgandos2,UCbVKnMXge1EHldWCj7ZHaUg,Football,football,Gol Maradona adalah gol paling buruk karena dilakukan dgn cara curang. Tidak ada respek utk gol itu.👎,2026-08-05T02:32:53Z,2026-08-05T02:32:53Z,0,0,vG3cdWlIU6Y,Most Humiliating Goals in Football History,Ninety,24,https://www.youtube.com/watch?v=vG3cdWlIU6Y&lc=UgxCWITG4zW3fyA2Ptp4AaABAg,2026-08-05T20:00:19.875193+00:00
UgyoD3Xc6yb8gD3oEUF4AaABAg,@RyanPerez-d3o6x,UC6C-nSgII7HefJWe-0jhNnQ,Football,football,This team is gonna be special!!!,2026-08-05T19:54:43Z,2026-08-05T19:54:43Z,1,0,sOvQtfevkwY,compete every day 😤 #dallascowboys #football #trainingcamp #nfl #shorts,Dallas Cowboys,26,https://www.youtube.com/watch?v=sOvQtfevkwY&lc=UgyoD3Xc6yb8gD3oEUF4AaABAg,2026-08-05T20:00:20.161607+00:00
Ugx1RzDgaCqVUMh7hWR4AaABAg,@jincybiju3452,UCmNV6xaVOu7fiRBJpsuaMeg,Football,football,🎉🎉😊😊🥰😮🎉🎉🎉🎉🎉🎉🎉,2026-08-05T15:13:28Z,2026-08-05T15:13:28Z,1,0,-ac5u2bg_ls,COLD Lamine Yamal penalty 🥶,UEFA,28,https://www.youtube.com/watch?v=-ac5u2bg_ls&lc=Ugx1RzDgaCqVUMh7hWR4AaABAg,2026-08-05T20:00:20.486561+00:00
UgyvzE4nR79Met-q9IZ4AaABAg,@camilleolivier7213,UCPsbXQOHE60dPjyD2f7Qgmw,Football,football,Arrêter Ronaldo et des nuls c'est un gros ralouf,2026-08-05T18:11:39Z,2026-08-05T18:11:39Z,0,0,HavA7kE2pn4,Zidane Reacts Ronaldo Stepover Skills 🤯,Hoanftbl,29,https://www.youtube.com/watch?v=HavA7kE2pn4&lc=UgyvzE4nR79Met-q9IZ4AaABAg,2026-08-05T20:00:20.742063+00:00
UgygJRXQibWyeCW-3IZ4AaABAg,@kimberlyshea28,UC_2P7dj-i5iGO06hlADs6fg,Football,football,Bro little naymar,2026-07-23T07:39:59Z,2026-07-23T07:39:59Z,0,0,KpagOcYvw2k,Football Kids On Another Level,Chuff Footy Reacts,30,https://www.youtube.com/watch?v=KpagOcYvw2k&lc=UgygJRXQibWyeCW-3IZ4AaABAg,2026-08-05T20:00:20.975195+00:00
Ugzjj-J_vE5YilNVF094AaABAg,@SalmamDaoudni,UCDAC6Z8D-eyDRgKSiucBsZA,Football,football,😅😅😅😮,2026-08-04T16:10:56Z,2026-08-04T16:10:56Z,0,0,Y1ZycvXcVdE,Best UCL comebacks 🔥😈💀🥶 #football #footballshorts #shorts,SJ10HD Editz TM,31,https://www.youtube.com/watch?v=Y1ZycvXcVdE&lc=Ugzjj-J_vE5YilNVF094AaABAg,2026-08-05T20:00:21.234052+00:00
UgyWcTbddRrGAd5rHHl4AaABAg,@seemakazmi3273,UCIrRCSxm4vY96-E_lgGUzWQ,Football,football,Bro forgot who sergio ramos is,2026-08-05T16:17:19Z,2026-08-05T16:17:19Z,0,0,FGUbaSQ50CI,FREESTYLE 😱🔥 FOOTBALL SKILLS ⚽️⭐️ BEACH FOOTBALL @valerikostovofficial,v7skills,32,https://www.youtube.com/watch?v=FGUbaSQ50CI&lc=UgyWcTbddRrGAd5rHHl4AaABAg,2026-08-05T20:00:21.457109+00:00
UgzPrV3O6IS7rWwIdnZ4AaABAg,@rameshtramesh6688,UC0ZBymfIM1OC21EI7z33uDw,Football,football,Cr7🇵🇹🇵🇹🇵🇹🇵🇹🇵🇹🇵🇹🇵🇹🇵🇹🇵🇹🇵🇹🇵🇹🇵🇹🇵🇹🤟🤟🤟🤟🤟🤟🤟🤟🤟🫠🫠🫠❤❤,2026-08-05T13:45:24Z,2026-08-05T13:45:24Z,0,0,KlRQhPyphV0,Messi's reaction to Ronaldo's goal ☠️ #cristiano #football #messi #ronaldo #cr7 #edit #trending,FOAR7,33,https://www.youtube.com/watch?v=KlRQhPyphV0&lc=UgzPrV3O6IS7rWwIdnZ4AaABAg,2026-08-05T20:00:21.724474+00:00
Ugw0Ht8XrSGk2BGZN8Z4AaABAg,@oneteamonespiritonegoal2336,UCRSN3RqIVaOogl4x85B19Lg,Football,football,Lets go giants💙🤍❤️,2026-08-05T11:07:56Z,2026-08-05T11:07:56Z,0,0,2x618FsDoX8,Another day to get better 👏 #giants #trainingcamp #nfl #football #newyorkgiants #shorts,New York Giants,34,https://www.youtube.com/watch?v=2x618FsDoX8&lc=Ugw0Ht8XrSGk2BGZN8Z4AaABAg,2026-08-05T20:00:21.933165+00:00
UgwZX9W9QWK0HjpSheB4AaABAg,@YaldaMoqadasBayat,UCmfeYlaeIZitcVctuZO4ymg,Football,football,❤❤❤❤❤❤❤,2026-08-05T15:39:37Z,2026-08-05T15:39:37Z,0,0,OlCpDx5NtUc,Ronaldo win Trophy 🏆in Juventus #ronaldo #shorts #football #juventus #love,CN9 HD ,36,https://www.youtube.com/watch?v=OlCpDx5NtUc&lc=UgwZX9W9QWK0HjpSheB4AaABAg,2026-08-05T20:00:22.300362+00:00
Ugwkj8SjI9te0zlQFUd4AaABAg,@sirajjaelani7539,UCMwE3Qnubd-PwByLvbYhycg,Football,football,Mario❤,2026-08-05T05:50:15Z,2026-08-05T05:50:15Z,0,0,ETHUowuIuJQ,Top Goals with most Aura in Football,FootyRanks,37,https://www.youtube.com/watch?v=ETHUowuIuJQ&lc=Ugwkj8SjI9te0zlQFUd4AaABAg,2026-08-05T20:00:22.827572+00:00
UgxmpVJBL1PM9ICyU5d4AaABAg,@ortho_211,UCP_CCvYMLQX10y-E5egIGTA,Football,football,No ronalo it is out😂😂😂,2026-08-02T09:42:41Z,2026-08-02T09:42:41Z,0,0,lHp704JTsIo,99% IMPOSSIBLE Comeback moments in football,Ninety,39,https://www.youtube.com/watch?v=lHp704JTsIo&lc=UgxmpVJBL1PM9ICyU5d4AaABAg,2026-08-05T20:00:23.195561+00:00
UgwK71mesfhB14qNVIV4AaABAg,@SheikhMustafa-x7n,UCAojKYOGP5pYg5af4p8FEEQ,Football,football,The second woman thought she was ronaldo,2026-08-05T13:33:28Z,2026-08-05T13:33:28Z,0,0,TDRiX6IjQL8,Women VS Men's Dribbling 💀,Primeftbl,40,https://www.youtube.com/watch?v=TDRiX6IjQL8&lc=UgwK71mesfhB14qNVIV4AaABAg,2026-08-05T20:00:23.501709+00:00
Ugxnnw8VveueSiRCQRp4AaABAg,@VIG415,UCSqN5WZG1NsyafBj5omy2sQ,Football,football,Zubinendi with some bangers,2026-08-05T09:05:30Z,2026-08-05T09:05:30Z,0,0,y4kH9qrV0Ec,1 AMAZING Premier League Goal Scored From Every Minute [1-90] 2025/26,Premier League,2,https://www.youtube.com/watch?v=y4kH9qrV0Ec&lc=Ugxnnw8VveueSiRCQRp4AaABAg,2026-08-05T20:00:15.013925+00:00
Ugy-i4TP2Hu6RfrHyxd4AaABAg,@gavinsanderson4724,UCz5Dswk91bjs-OXYNCLCP1Q,Football,football,Chuff your videos are always amazing,2026-08-05T08:46:00Z,2026-08-05T08:46:00Z,1,0,4-8ba3lV0IA,Celebrities Playing Football,Chuff Footy Reacts,3,https://www.youtube.com/watch?v=4-8ba3lV0IA&lc=Ugy-i4TP2Hu6RfrHyxd4AaABAg,2026-08-05T20:00:15.300985+00:00
Ugzod9codjPVE_Fg4Z94AaABAg,@r_moore20,UCoU9M6WII-jcmqgwVjXT_HQ,Football,football,Somebody get Zac some shades!,2026-08-05T17:51:35Z,2026-08-05T17:51:35Z,6,0,eM5_UjrTrA0,Reacting To Auburn Football's First Fall Practice,Locked On Auburn,4,https://www.youtube.com/watch?v=eM5_UjrTrA0&lc=Ugzod9codjPVE_Fg4Z94AaABAg,2026-08-05T20:00:15.418073+00:00
UgzQ-AP4725liU3Da8t4AaABAg,@CarlosQuispe-j2l,UCtUUDskoU37-1hZ4pk8sWQw,Football,football,España le robado el mudil,2026-07-29T13:43:31Z,2026-07-29T13:43:31Z,0,0,pcAPOSv0OjA,SPAIN 1-0 ARGENTINA | FIFA WORLD CUP 2026 FINAL | FULL LIVE,BOBOLA TV,5,https://www.youtube.com/watch?v=pcAPOSv0OjA&lc=UgzQ-AP4725liU3Da8t4AaABAg,2026-08-05T20:00:15.706850+00:00
UgxzbpR8lqLGVPCUFgR4AaABAg,@Trâm-q2z,UC7obwQgYTbku5WPg3GRGCfA,Football,football,🏃🏃🏃🏃🤬🤬🤬🤬🤬🤬🤬🤬🤬🤬,2026-08-05T12:22:54Z,2026-08-05T12:22:54Z,0,0,hTnt7E4PxvQ,Unbelievable Moments In Football | Al Nassr VS Inter Miami Imaginary Final | #ronaldo vs #messi,CrossBar Editz,7,https://www.youtube.com/watch?v=hTnt7E4PxvQ&lc=UgxzbpR8lqLGVPCUFgR4AaABAg,2026-08-05T20:00:16.159470+00:00
Ugyfo1VWglPSOhcVHWF4AaABAg,@김구름-g9l,UCN-QDS7fw2Pv-PscmEC8C-g,Football,football,"너무 아프고 힘들있겠다,,.....,,,........",2026-07-31T05:09:13Z,2026-07-31T05:09:13Z,0,0,9VnSsqGdhZA,Scariest Moments In Football,Ninety,9,https://www.youtube.com/watch?v=9VnSsqGdhZA&lc=Ugyfo1VWglPSOhcVHWF4AaABAg,2026-08-05T20:00:16.492702+00:00
Ugymwva57cy1su54VIZ4AaABAg,@Vbfbiw,UCIjq97mg8aV5bIU1QetYkdg,Football,football,Mr champion league and scoring that against sporting Lisbon is cold,2026-08-05T08:06:35Z,2026-08-05T08:06:35Z,0,0,gYWz7y5aFV4,Ronaldo's Top 10 Champions League Goals #football #shorts #ronaldo #ucl,OG_Clips,10,https://www.youtube.com/watch?v=gYWz7y5aFV4&lc=Ugymwva57cy1su54VIZ4AaABAg,2026-08-05T20:00:16.680552+00:00
UgxMTFd1YrpuniNC8vF4AaABAg,@tevezgeiseric,UCMGJuKQ3wAxHc0c3GU8Aq_Q,Football,football,Denilson,2026-08-05T19:50:29Z,2026-08-05T19:50:29Z,0,0,itNt3THN1S0,Most SKILLED Player?! #premierleague #football #ronaldo,Rich Footy,11,https://www.youtube.com/watch?v=itNt3THN1S0&lc=UgxMTFd1YrpuniNC8vF4AaABAg,2026-08-05T20:00:16.887326+00:00
UgyUKw2bh2YxgwF_wOx4AaABAg,@Alikerem-h8t,UCGMrP3bEvklHw7_6BVJOgwQ,Football,football,68 m Arda Güler,2026-07-30T07:41:12Z,2026-07-30T07:41:12Z,0,0,AqrQzFRJ02U,Football Goals But The Distance KEEPS Increasing,Ninety,12,https://www.youtube.com/watch?v=AqrQzFRJ02U&lc=UgyUKw2bh2YxgwF_wOx4AaABAg,2026-08-05T20:00:17.106493+00:00
UgzMUwTLBCdraaj6wBl4AaABAg,@Kicklore-c7m,UCHxCAYDApC2cuHjjnHWx2SA,Football,football,Ronaldo the goat ❤,2026-08-05T14:24:57Z,2026-08-05T14:24:57Z,0,0,D_oSbDhy5F4,Ronaldo Taught Yamal a Football Lesson 🥶☠️,Flush,13,https://www.youtube.com/watch?v=D_oSbDhy5F4&lc=UgzMUwTLBCdraaj6wBl4AaABAg,2026-08-05T20:00:17.415535+00:00
UgyBw7tlK7Z3KDG8iKF4AaABAg,@Amaury_tuff,UCAF3aKc_g0YB7PH6Tpd7wEw,Football,football,Holy tuff,2026-08-05T10:55:35Z,2026-08-05T10:55:35Z,1,0,y02mOQudT3E,The art of defending 🎨,UEFA,14,https://www.youtube.com/watch?v=y02mOQudT3E&lc=UgyBw7tlK7Z3KDG8iKF4AaABAg,2026-08-05T20:00:17.733797+00:00
UgyBCLdJ8zcmTw9K-mh4AaABAg,@KasiaKatarzyna-h7u,UCGJuEa70hAITmLx0L0a_Sdw,Football,football,😂😂😂😂😂😂😂😂😂😂😂😂😂😂😂😂😂😅😂😂😂😅😂so much love you ❤️❤️❤️❤️❤️❤️❤️❤️❤️,2026-07-29T20:19:57Z,2026-07-29T20:19:57Z,0,0,33WGYoUn33o,1 in a Billion Football Moments,Sir Alex,15,https://www.youtube.com/watch?v=33WGYoUn33o&lc=UgyBCLdJ8zcmTw9K-mh4AaABAg,2026-08-05T20:00:17.903525+00:00
UgxkpsQjyLrijJDQKC54AaABAg,@kvinka_roblox443,UC2tIR75x2E3M6S40pXqGkOQ,Football,football,😂😂😂😂😂😂😂😂😂😂😂😂😂😂😂😂😂😂😂😂😂😂😂😂😂😂,2026-08-04T06:57:03Z,2026-08-04T06:57:03Z,0,0,1RgFCz9qdhk,Controversial Red Cards In Football 🟥🤯,Galinho FC,16,https://www.youtube.com/watch?v=1RgFCz9qdhk&lc=UgxkpsQjyLrijJDQKC54AaABAg,2026-08-05T20:00:18.318691+00:00
Ugz6HtC7kLO5PlLntXJ4AaABAg,@joshcairns5297,UCbrSNQ6MQs_sGE-oNvfwiug,Football,football,lol poor Rogers getting clipped up twice,2026-08-02T10:15:55Z,2026-08-02T10:15:55Z,3,1,02h7MB4Re4o,Best Football Skills 2026,SportsHD,17,https://www.youtube.com/watch?v=02h7MB4Re4o&lc=Ugz6HtC7kLO5PlLntXJ4AaABAg,2026-08-05T20:00:18.448977+00:00
Ugy9ajBfQIqn2hXzXK14AaABAg,@jonorush8307,UC-ukP2B2it52NDRtoG-_N9A,Football,football,This is excellent ❤,2026-08-05T17:57:45Z,2026-08-05T17:57:45Z,0,0,LPGIvBUj0V0,Jamie Carragher: Who will win the Premier League? | Football Ramble Summer Series,Football Ramble,19,https://www.youtube.com/watch?v=LPGIvBUj0V0&lc=Ugy9ajBfQIqn2hXzXK14AaABAg,2026-08-05T20:00:18.780328+00:00
Ugwqee_V-EPCjSUaukx4AaABAg,@JankaD-q3m,UC4Y-wgx5_6CC-6E8P7DKzeg,Football,football,❤⚽️,2026-08-05T12:05:20Z,2026-08-05T12:05:20Z,0,0,7RogQiih3M8,WORLD CUP 2026 🏆 The AI Football Movie,The Blue Horizon AI,22,https://www.youtube.com/watch?v=7RogQiih3M8&lc=Ugwqee_V-EPCjSUaukx4AaABAg,2026-08-05T20:00:19.303134+00:00
UgxtMbHJ0SNtyOJ6X814AaABAg,@marie-laurescholler7978,UC85-Rcn9dfgFRp8heQbA1-w,Football,football,Désire doué incroyable,2026-08-05T01:03:57Z,2026-08-05T01:03:57Z,0,0,Q-7TlqFeGwA,Best Goals 2025 #football #shorts #edit,BimmyKing,23,https://www.youtube.com/watch?v=Q-7TlqFeGwA&lc=UgxtMbHJ0SNtyOJ6X814AaABAg,2026-08-05T20:00:19.651200+00:00
UgxnXIdj_Iz6vzalnhJ4AaABAg,@erikheymann9390,UCV45bn1QltoZLWuEdupiMlw,Football,football,Van Persie scored against Juventus where he drags the ball with his left foot and the defender just falls down,2026-08-03T17:47:30Z,2026-08-03T17:47:30Z,0,0,vG3cdWlIU6Y,Most Humiliating Goals in Football History,Ninety,24,https://www.youtube.com/watch?v=vG3cdWlIU6Y&lc=UgxnXIdj_Iz6vzalnhJ4AaABAg,2026-08-05T20:00:19.875193+00:00
UgyGgJxpZNe2M_VXqCJ4AaABAg,@TheDucksEdits,UCEVQv6vOiEPPhJUi_UoPy4w,Football,football,I 💙 CeeDee! Love you pa,2026-08-05T19:45:06Z,2026-08-05T19:45:06Z,0,0,sOvQtfevkwY,compete every day 😤 #dallascowboys #football #trainingcamp #nfl #shorts,Dallas Cowboys,26,https://www.youtube.com/watch?v=sOvQtfevkwY&lc=UgyGgJxpZNe2M_VXqCJ4AaABAg,2026-08-05T20:00:20.161607+00:00
UgygJ4wNnetfpUd_fwV4AaABAg,@IsatouBajaha-u7n,UCw-WP8zbu0T648noihIY0yQ,Football,football,💣,2026-08-05T14:52:15Z,2026-08-05T14:52:15Z,0,0,-ac5u2bg_ls,COLD Lamine Yamal penalty 🥶,UEFA,28,https://www.youtube.com/watch?v=-ac5u2bg_ls&lc=UgygJ4wNnetfpUd_fwV4AaABAg,2026-08-05T20:00:20.486561+00:00
UgwPSOYXypWMb9nsdRx4AaABAg,@SoukounaAwa,UCePYNyO8Xd2eYxPKaGemgRQ,Football,football,Ronaldo🎉🎉🎉,2026-08-05T16:45:16Z,2026-08-05T16:45:16Z,0,0,HavA7kE2pn4,Zidane Reacts Ronaldo Stepover Skills 🤯,Hoanftbl,29,https://www.youtube.com/watch?v=HavA7kE2pn4&lc=UgwPSOYXypWMb9nsdRx4AaABAg,2026-08-05T20:00:20.742063+00:00
UgwJRhhG7fY-Ioqd9nB4AaABAg,@enully,UCqL5HxzH8x7l7Cszh03KFiA,Football,football,pls we need a gk vid tho,2026-07-22T20:37:59Z,2026-07-22T20:37:59Z,1,0,KpagOcYvw2k,Football Kids On Another Level,Chuff Footy Reacts,30,https://www.youtube.com/watch?v=KpagOcYvw2k&lc=UgwJRhhG7fY-Ioqd9nB4AaABAg,2026-08-05T20:00:20.975195+00:00
Ugz3XJiVPDGz1xpoZet4AaABAg,@Vamoos304,UCISoJJ0C9h0ubOawGAtGH8A,Football,football,Where is the remontada 😢,2026-08-04T13:55:28Z,2026-08-04T13:55:28Z,0,0,Y1ZycvXcVdE,Best UCL comebacks 🔥😈💀🥶 #football #footballshorts #shorts,SJ10HD Editz TM,31,https://www.youtube.com/watch?v=Y1ZycvXcVdE&lc=Ugz3XJiVPDGz1xpoZet4AaABAg,2026-08-05T20:00:21.234052+00:00
UgyhMiGgx1TTynpVxrF4AaABAg,@KamanaKhaalidha,UCgABTceZCmYjHd7OKcqqAWA,Football,football,Im better,2026-08-05T06:50:48Z,2026-08-05T06:50:48Z,0,0,FGUbaSQ50CI,FREESTYLE 😱🔥 FOOTBALL SKILLS ⚽️⭐️ BEACH FOOTBALL @valerikostovofficial,v7skills,32,https://www.youtube.com/watch?v=FGUbaSQ50CI&lc=UgyhMiGgx1TTynpVxrF4AaABAg,2026-08-05T20:00:21.457109+00:00
Ugzrgy7WI4RlyKwp9394AaABAg,@AHMOsmanGhoniTeacher,UCOb9QJokLeqEBJZEf9Le9VQ,Football,football,❤❤❤Runedo,2026-08-05T12:24:47Z,2026-08-05T12:24:47Z,0,0,KlRQhPyphV0,Messi's reaction to Ronaldo's goal ☠️ #cristiano #football #messi #ronaldo #cr7 #edit #trending,FOAR7,33,https://www.youtube.com/watch?v=KlRQhPyphV0&lc=Ugzrgy7WI4RlyKwp9394AaABAg,2026-08-05T20:00:21.724474+00:00
UgyxQtTrGk5Vc9HJjAR4AaABAg,@jus1047,UCKN43OvWNYqkE-WNI6UgHqw,Football,football,Obj!!,2026-08-04T23:30:59Z,2026-08-04T23:30:59Z,0,0,2x618FsDoX8,Another day to get better 👏 #giants #trainingcamp #nfl #football #newyorkgiants #shorts,New York Giants,34,https://www.youtube.com/watch?v=2x618FsDoX8&lc=UgyxQtTrGk5Vc9HJjAR4AaABAg,2026-08-05T20:00:21.933165+00:00
UgxJxs3KuyB9ZIvZr9l4AaABAg,@DuduGirma-je3pf,UCAWEYanha6oyCoj4sYfaUsw,Football,football,❤❤❤❤😂😂😂😊😊😊,2026-08-05T15:08:24Z,2026-08-05T15:08:24Z,0,0,OlCpDx5NtUc,Ronaldo win Trophy 🏆in Juventus #ronaldo #shorts #football #juventus #love,CN9 HD ,36,https://www.youtube.com/watch?v=OlCpDx5NtUc&lc=UgxJxs3KuyB9ZIvZr9l4AaABAg,2026-08-05T20:00:22.300362+00:00
UgzQr3yPO1ujB4ErosJ4AaABAg,@syedmuzamil6663,UCw4sswH-NKhE4Xr9UPmYCqw,Football,football,Neymar acting too smart,2026-08-04T19:35:15Z,2026-08-04T19:35:15Z,0,0,ETHUowuIuJQ,Top Goals with most Aura in Football,FootyRanks,37,https://www.youtube.com/watch?v=ETHUowuIuJQ&lc=UgzQr3yPO1ujB4ErosJ4AaABAg,2026-08-05T20:00:22.827572+00:00
Ugz0xxGeNCqws-eHSuJ4AaABAg,@nuelummanuel,UCWLSqIyt5FtEgN5qu2rKqVQ,Football,football,0:40 pembappe,2026-08-01T05:43:00Z,2026-08-01T05:43:00Z,0,0,lHp704JTsIo,99% IMPOSSIBLE Comeback moments in football,Ninety,39,https://www.youtube.com/watch?v=lHp704JTsIo&lc=Ugz0xxGeNCqws-eHSuJ4AaABAg,2026-08-05T20:00:23.195561+00:00
UgwOqwJgF8lZQ6X0Qpx4AaABAg,@areffatma9594,UCRAbHAJZxkmnQkZIO6agRYA,Football,football,Neymar's legs is magnetic,2026-08-05T12:35:38Z,2026-08-05T12:35:38Z,0,0,TDRiX6IjQL8,Women VS Men's Dribbling 💀,Primeftbl,40,https://www.youtube.com/watch?v=TDRiX6IjQL8&lc=UgwOqwJgF8lZQ6X0Qpx4AaABAg,2026-08-05T20:00:23.501709+00:00
Ugw8qaL13ophjmppRVh4AaABAg,@Chelseafan-05,UCVB8qfzfJ2uJsr6tQWN6niA,Football,football,Imagine being the person that had to review all the goals😭,2026-08-05T04:12:18Z,2026-08-05T04:12:18Z,0,0,y4kH9qrV0Ec,1 AMAZING Premier League Goal Scored From Every Minute [1-90] 2025/26,Premier League,2,https://www.youtube.com/watch?v=y4kH9qrV0Ec&lc=Ugw8qaL13ophjmppRVh4AaABAg,2026-08-05T20:00:15.013925+00:00
UgwpoIhqh13F9uBpI6R4AaABAg,@JesseVerrier-c8y,UCxwSSgICOJ4E8JOgiQHWepg,Football,football,i met  scetch,2026-08-05T08:28:45Z,2026-08-05T08:28:45Z,0,0,4-8ba3lV0IA,Celebrities Playing Football,Chuff Footy Reacts,3,https://www.youtube.com/watch?v=4-8ba3lV0IA&lc=UgwpoIhqh13F9uBpI6R4AaABAg,2026-08-05T20:00:15.300985+00:00
Ugx_egNWWLgbqi-tumd4AaABAg,@markherrin-s4p,UCeeLt0jHI1HUnHwqQEZ7BlQ,Football,football,Great report. Stay cool.,2026-08-05T17:44:44Z,2026-08-05T17:44:44Z,1,0,eM5_UjrTrA0,Reacting To Auburn Football's First Fall Practice,Locked On Auburn,4,https://www.youtube.com/watch?v=eM5_UjrTrA0&lc=Ugx_egNWWLgbqi-tumd4AaABAg,2026-08-05T20:00:15.418073+00:00
Ugzmcw2waENK9jbjghV4AaABAg,@KarimKarim-o1x6e,UChR9RnWy1rP0RxmGDtMwFBA,Football,football,🇦🇷🇦🇷🇦🇷🇦🇷🇦🇷🇦🇷🇦🇷,2026-07-28T03:37:10Z,2026-07-28T03:37:10Z,0,0,pcAPOSv0OjA,SPAIN 1-0 ARGENTINA | FIFA WORLD CUP 2026 FINAL | FULL LIVE,BOBOLA TV,5,https://www.youtube.com/watch?v=pcAPOSv0OjA&lc=Ugzmcw2waENK9jbjghV4AaABAg,2026-08-05T20:00:15.706850+00:00
UgzyPgAeL1_qyFegmjx4AaABAg,@AnastasiaCharokopou,UCQUU6AL4vDzDBGiD95o6MNQ,Football,football,"Free wtf button 
👇",2026-08-05T11:44:37Z,2026-08-05T11:44:37Z,1,0,hTnt7E4PxvQ,Unbelievable Moments In Football | Al Nassr VS Inter Miami Imaginary Final | #ronaldo vs #messi,CrossBar Editz,7,https://www.youtube.com/watch?v=hTnt7E4PxvQ&lc=UgzyPgAeL1_qyFegmjx4AaABAg,2026-08-05T20:00:16.159470+00:00
UgwWJoud3Z73QDzNEkh4AaABAg,@ИринаАникина-ж3е,UCgP46WRasbkL1l5_lzD9hgQ,Football,football,😭😭😭😭😭😭,2026-07-30T10:59:57Z,2026-07-30T10:59:57Z,0,0,9VnSsqGdhZA,Scariest Moments In Football,Ninety,9,https://www.youtube.com/watch?v=9VnSsqGdhZA&lc=UgwWJoud3Z73QDzNEkh4AaABAg,2026-08-05T20:00:16.492702+00:00
UgxiYWvysI3h54-qDzx4AaABAg,@Ali-1-p3x,UCC9EPbs7xms8gwMVRAg1tnA,Football,football,Champion league Ronaldo is the greatest player football has ever seen.Hands down.,2026-08-05T07:53:29Z,2026-08-05T07:53:42Z,4,0,gYWz7y5aFV4,Ronaldo's Top 10 Champions League Goals #football #shorts #ronaldo #ucl,OG_Clips,10,https://www.youtube.com/watch?v=gYWz7y5aFV4&lc=UgxiYWvysI3h54-qDzx4AaABAg,2026-08-05T20:00:16.680552+00:00
UgwJfn8YV2gv-Ru6T394AaABAg,@DieHard-y7d,UCbYpell_wtU5pxh3YXA_Q0g,Football,football,Iad say skillfull means he can all of the Attribute... Messi cant do all of the things..He is not a Header or longe Ränge  Goals....its Zidane he can all of the things,2026-08-05T19:49:41Z,2026-08-05T19:49:41Z,0,0,itNt3THN1S0,Most SKILLED Player?! #premierleague #football #ronaldo,Rich Footy,11,https://www.youtube.com/watch?v=itNt3THN1S0&lc=UgwJfn8YV2gv-Ru6T394AaABAg,2026-08-05T20:00:16.887326+00:00
UgyB2Uump7YY-QtpmbJ4AaABAg,@wikihow3786,UCDZlIAPIh3CTkXbzKektGZg,Football,football,👍👍👍👍,2026-07-29T17:42:35Z,2026-07-29T17:42:35Z,0,0,AqrQzFRJ02U,Football Goals But The Distance KEEPS Increasing,Ninety,12,https://www.youtube.com/watch?v=AqrQzFRJ02U&lc=UgyB2Uump7YY-QtpmbJ4AaABAg,2026-08-05T20:00:17.106493+00:00
UgxovPMJ0nFDYeKJSTh4AaABAg,@GolibjonGaybullayev-n2h,UC2h1mvhSFUUkwhW1txlSPQA,Football,football,_________________,2026-08-05T11:54:30Z,2026-08-05T11:54:30Z,0,0,D_oSbDhy5F4,Ronaldo Taught Yamal a Football Lesson 🥶☠️,Flush,13,https://www.youtube.com/watch?v=D_oSbDhy5F4&lc=UgxovPMJ0nFDYeKJSTh4AaABAg,2026-08-05T20:00:17.415535+00:00
Ugz4peF8sr6-CiXa2LR4AaABAg,@nilambaripatil6253,UC2DS0q0zy3PBmwrvmOBbGJw,Football,football,Pppeeeppppeeee,2026-08-05T10:43:58Z,2026-08-05T10:43:58Z,0,0,y02mOQudT3E,The art of defending 🎨,UEFA,14,https://www.youtube.com/watch?v=y02mOQudT3E&lc=Ugz4peF8sr6-CiXa2LR4AaABAg,2026-08-05T20:00:17.733797+00:00
Ugwo3PbvbApF4lpJTYx4AaABAg,@tuankietnova,UCSsIudTzYrUfjf5rItpfytg,Football,football,5:20 Viet Nam,2026-07-20T13:55:31Z,2026-07-20T13:55:31Z,0,0,33WGYoUn33o,1 in a Billion Football Moments,Sir Alex,15,https://www.youtube.com/watch?v=33WGYoUn33o&lc=Ugwo3PbvbApF4lpJTYx4AaABAg,2026-08-05T20:00:17.903525+00:00
UgyFz_g9j5c4AbqdgA54AaABAg,@kvinka_roblox443,UC2tIR75x2E3M6S40pXqGkOQ,Football,football,💩🤮👎🤢👎🤢👎🤢👎🤢👎🤢💩💩🤢💩🤢👎👎👎🤮🤮🤢👎🤮💩💩💩💩💩💩🤢🤢🤮,2026-08-04T06:56:53Z,2026-08-04T06:56:53Z,0,0,1RgFCz9qdhk,Controversial Red Cards In Football 🟥🤯,Galinho FC,16,https://www.youtube.com/watch?v=1RgFCz9qdhk&lc=UgyFz_g9j5c4AbqdgA54AaABAg,2026-08-05T20:00:18.318691+00:00
UgyVaPYhVN7BE3K7sKV4AaABAg,@LondonIsRedBiH,UCr3_jPa1JwpYYCs7QeSLyzw,Football,football,where can i download these clips?,2026-08-01T20:54:15Z,2026-08-01T20:54:15Z,3,0,02h7MB4Re4o,Best Football Skills 2026,SportsHD,17,https://www.youtube.com/watch?v=02h7MB4Re4o&lc=UgyVaPYhVN7BE3K7sKV4AaABAg,2026-08-05T20:00:18.448977+00:00
Ugw7UjgaXtXwl8-CV5B4AaABAg,@silverstream5140,UC5HFfTSxIoS0UuTbHizatNw,Football,football,"Listening for about a decade now and just had to say great show as usual, but what a coup getting Carra on!! I hope FR gets all the eyeballs and earholes it deserves!",2026-08-05T17:27:24Z,2026-08-05T17:27:24Z,0,0,LPGIvBUj0V0,Jamie Carragher: Who will win the Premier League? | Football Ramble Summer Series,Football Ramble,19,https://www.youtube.com/watch?v=LPGIvBUj0V0&lc=Ugw7UjgaXtXwl8-CV5B4AaABAg,2026-08-05T20:00:18.780328+00:00
UgxnuVJI-owmpDommSh4AaABAg,@mbihayimanajeannette3855,UCBqOHEkdEZ7ZtB44rfUbEQg,Football,football,700k,2026-08-05T11:12:40Z,2026-08-05T11:12:40Z,0,0,7RogQiih3M8,WORLD CUP 2026 🏆 The AI Football Movie,The Blue Horizon AI,22,https://www.youtube.com/watch?v=7RogQiih3M8&lc=UgxnuVJI-owmpDommSh4AaABAg,2026-08-05T20:00:19.303134+00:00
Ugw3zbaN0GbfV0dSxQ14AaABAg,@Goaliora,UCjaEkO8ug7TLk6QowTC5TAA,Football,football,amazing,2026-08-04T23:50:59Z,2026-08-04T23:50:59Z,0,0,Q-7TlqFeGwA,Best Goals 2025 #football #shorts #edit,BimmyKing,23,https://www.youtube.com/watch?v=Q-7TlqFeGwA&lc=Ugw3zbaN0GbfV0dSxQ14AaABAg,2026-08-05T20:00:19.651200+00:00
UgysA5TewvPm1oqACPB4AaABAg,@StrongMindFootball,UCw9CyJ_eNGIMvi6rf-rhvFA,Football,football,incredible goal,2026-08-03T11:54:04Z,2026-08-03T11:54:04Z,0,0,vG3cdWlIU6Y,Most Humiliating Goals in Football History,Ninety,24,https://www.youtube.com/watch?v=vG3cdWlIU6Y&lc=UgysA5TewvPm1oqACPB4AaABAg,2026-08-05T20:00:19.875193+00:00
UgwQoCEhEJ80V99_ztV4AaABAg,@pakishacarr5953,UCRq9XWsDLW6Dexu2kIN6mKQ,Football,football,I Woulda Cheated 🥎🤣🤣🤣,2026-08-05T19:42:38Z,2026-08-05T19:42:38Z,1,0,sOvQtfevkwY,compete every day 😤 #dallascowboys #football #trainingcamp #nfl #shorts,Dallas Cowboys,26,https://www.youtube.com/watch?v=sOvQtfevkwY&lc=UgwQoCEhEJ80V99_ztV4AaABAg,2026-08-05T20:00:20.161607+00:00
Ugxmu59yb2WHZ8h0_TN4AaABAg,@IsatouBajaha-u7n,UCw-WP8zbu0T648noihIY0yQ,Football,football,He is lamine,2026-08-05T14:51:42Z,2026-08-05T14:51:42Z,0,0,-ac5u2bg_ls,COLD Lamine Yamal penalty 🥶,UEFA,28,https://www.youtube.com/watch?v=-ac5u2bg_ls&lc=Ugxmu59yb2WHZ8h0_TN4AaABAg,2026-08-05T20:00:20.486561+00:00
UgxBe3MeC-nqNO9iP5d4AaABAg,@KasonJason-u5i,UCerbeYooEbEK5yezWljQxPA,Football,football,Bro can read zidanes mind,2026-08-05T13:51:20Z,2026-08-05T13:51:20Z,0,0,HavA7kE2pn4,Zidane Reacts Ronaldo Stepover Skills 🤯,Hoanftbl,29,https://www.youtube.com/watch?v=HavA7kE2pn4&lc=UgxBe3MeC-nqNO9iP5d4AaABAg,2026-08-05T20:00:20.742063+00:00
Ugx2llwtx7heJRdwFk54AaABAg,@njiimattacy9,UCIJfFUB2R48Qx_beuN4Vpnw,Football,football,Both,2026-07-13T17:06:27Z,2026-07-13T17:06:27Z,0,0,KpagOcYvw2k,Football Kids On Another Level,Chuff Footy Reacts,30,https://www.youtube.com/watch?v=KpagOcYvw2k&lc=Ugx2llwtx7heJRdwFk54AaABAg,2026-08-05T20:00:20.975195+00:00
Ugz651x32E1lSu83u_F4AaABAg,@alexiadiolosa1112,UCd9XJogtGrgsEJUjo3O4stw,Football,football,❤❤❤❤❤❤😮,2026-08-04T12:33:30Z,2026-08-04T12:33:30Z,0,0,Y1ZycvXcVdE,Best UCL comebacks 🔥😈💀🥶 #football #footballshorts #shorts,SJ10HD Editz TM,31,https://www.youtube.com/watch?v=Y1ZycvXcVdE&lc=Ugz651x32E1lSu83u_F4AaABAg,2026-08-05T20:00:21.234052+00:00
UgwZgIsK_eCoItp4Q2d4AaABAg,@MaryamaDiaby-z7q,UCsqXHiGP7r8bqCC5eoRkcOw,Football,football,😮😮😮😮😮    incroiyabl,2026-08-04T21:04:59Z,2026-08-04T21:04:59Z,0,0,FGUbaSQ50CI,FREESTYLE 😱🔥 FOOTBALL SKILLS ⚽️⭐️ BEACH FOOTBALL @valerikostovofficial,v7skills,32,https://www.youtube.com/watch?v=FGUbaSQ50CI&lc=UgwZgIsK_eCoItp4Q2d4AaABAg,2026-08-05T20:00:21.457109+00:00
UgyxdY-bszXVloPpybd4AaABAg,@TuanNguyen-u2s6k,UCMVibZ0pTQNCBq0pG3I6RVw,Football,football,CR7 goat🎉,2026-08-05T12:01:05Z,2026-08-05T12:01:05Z,0,0,KlRQhPyphV0,Messi's reaction to Ronaldo's goal ☠️ #cristiano #football #messi #ronaldo #cr7 #edit #trending,FOAR7,33,https://www.youtube.com/watch?v=KlRQhPyphV0&lc=UgyxdY-bszXVloPpybd4AaABAg,2026-08-05T20:00:21.724474+00:00
UgwCxrBqSYBBahrLvN94AaABAg,@NorbertoCaribe-n4y,UCs2J25zB9Txkb4pFW-i7iGg,Football,football,Bobby is BIGGIE ?!,2026-08-04T22:05:04Z,2026-08-04T22:05:04Z,0,0,2x618FsDoX8,Another day to get better 👏 #giants #trainingcamp #nfl #football #newyorkgiants #shorts,New York Giants,34,https://www.youtube.com/watch?v=2x618FsDoX8&lc=UgwCxrBqSYBBahrLvN94AaABAg,2026-08-05T20:00:21.933165+00:00
Ugz2RTTyUd4FdVqqFmB4AaABAg,@jacklynemitchellekweyu909,UCXyS01peMqkEiIjHbofbiSg,Football,football,👍👍👍,2026-08-05T15:01:14Z,2026-08-05T15:01:14Z,1,0,OlCpDx5NtUc,Ronaldo win Trophy 🏆in Juventus #ronaldo #shorts #football #juventus #love,CN9 HD ,36,https://www.youtube.com/watch?v=OlCpDx5NtUc&lc=Ugz2RTTyUd4FdVqqFmB4AaABAg,2026-08-05T20:00:22.300362+00:00
Ugzi_keK60CjqdU1QFh4AaABAg,@WWIIarchiveseducation,UCpAM17PihYD3UYlinaqIE5A,Football,football,Mario please don't get a red card,2026-08-04T19:04:56Z,2026-08-04T19:04:56Z,0,0,ETHUowuIuJQ,Top Goals with most Aura in Football,FootyRanks,37,https://www.youtube.com/watch?v=ETHUowuIuJQ&lc=Ugzi_keK60CjqdU1QFh4AaABAg,2026-08-05T20:00:22.827572+00:00
Ugy-rDYLPHDkZOsv6tp4AaABAg,@nuelummanuel,UCWLSqIyt5FtEgN5qu2rKqVQ,Football,football,1:08,2026-08-01T05:42:08Z,2026-08-01T05:42:08Z,0,0,lHp704JTsIo,99% IMPOSSIBLE Comeback moments in football,Ninety,39,https://www.youtube.com/watch?v=lHp704JTsIo&lc=Ugy-rDYLPHDkZOsv6tp4AaABAg,2026-08-05T20:00:23.195561+00:00
UgyKImH8P6lou6OO7th4AaABAg,@nnapop4442,UC3VXy3Hzr2AZIXvbsVWRB7A,Football,football,Sexism.,2026-08-05T11:30:30Z,2026-08-05T11:30:30Z,0,0,TDRiX6IjQL8,Women VS Men's Dribbling 💀,Primeftbl,40,https://www.youtube.com/watch?v=TDRiX6IjQL8&lc=UgyKImH8P6lou6OO7th4AaABAg,2026-08-05T20:00:23.501709+00:00
UgwpWs8JNHxjaU1pl0Z4AaABAg,@Remiel_Plainview,UCgelmB7xpKkdw55E6ErzE4g,Football,football,4:55 Iconic from Van Dijk 😅,2026-08-05T03:39:56Z,2026-08-05T03:39:56Z,1,0,y4kH9qrV0Ec,1 AMAZING Premier League Goal Scored From Every Minute [1-90] 2025/26,Premier League,2,https://www.youtube.com/watch?v=y4kH9qrV0Ec&lc=UgwpWs8JNHxjaU1pl0Z4AaABAg,2026-08-05T20:00:15.013925+00:00
Ugwrp8-G7xVwrrKpXqN4AaABAg,@HegglandGrevstad,UCfz-JtgtzJmKPkXa4EgM3mA,Football,football,3:35 Usain Bolt scored in a friendly on a half pitch for Dordtmund once,2026-08-05T07:22:26Z,2026-08-05T07:22:52Z,0,0,4-8ba3lV0IA,Celebrities Playing Football,Chuff Footy Reacts,3,https://www.youtube.com/watch?v=4-8ba3lV0IA&lc=Ugwrp8-G7xVwrrKpXqN4AaABAg,2026-08-05T20:00:15.300985+00:00
UgyOe71CUx4zK1yvPoF4AaABAg,@nomotiondee_2,UCnbE1RP9K5y_LQ3xu0EhGnQ,Football,football,Zac get some water😂 he looks out of it,2026-08-05T17:00:16Z,2026-08-05T17:00:16Z,1,1,eM5_UjrTrA0,Reacting To Auburn Football's First Fall Practice,Locked On Auburn,4,https://www.youtube.com/watch?v=eM5_UjrTrA0&lc=UgyOe71CUx4zK1yvPoF4AaABAg,2026-08-05T20:00:15.418073+00:00
UgxA_3tfGD2N8R_5Hil4AaABAg,@RaHaf-k2x1s,UC6QX5V6WWiLz6qUOYRQEtFw,Football,football,Yi,2026-07-27T10:22:00Z,2026-07-27T10:22:00Z,0,0,pcAPOSv0OjA,SPAIN 1-0 ARGENTINA | FIFA WORLD CUP 2026 FINAL | FULL LIVE,BOBOLA TV,5,https://www.youtube.com/watch?v=pcAPOSv0OjA&lc=UgxA_3tfGD2N8R_5Hil4AaABAg,2026-08-05T20:00:15.706850+00:00
UgyV7aWOQuSW3pEeIiN4AaABAg,@MouhamadAlMoustaphaGAYE,UCvj8EbFTfe-BBr0t3lb0gGw,Football,football,is fake,2026-08-04T20:36:40Z,2026-08-04T20:36:40Z,0,0,hTnt7E4PxvQ,Unbelievable Moments In Football | Al Nassr VS Inter Miami Imaginary Final | #ronaldo vs #messi,CrossBar Editz,7,https://www.youtube.com/watch?v=hTnt7E4PxvQ&lc=UgyV7aWOQuSW3pEeIiN4AaABAg,2026-08-05T20:00:16.159470+00:00
UgymszPwrOnVK0l7wwF4AaABAg,@avichai248,UC930schJITSEBJo8olo_XZw,Football,football,"Missed Diego jota🪦🕊️😔


👇",2026-07-30T07:54:00Z,2026-07-30T07:54:00Z,0,0,9VnSsqGdhZA,Scariest Moments In Football,Ninety,9,https://www.youtube.com/watch?v=9VnSsqGdhZA&lc=UgymszPwrOnVK0l7wwF4AaABAg,2026-08-05T20:00:16.492702+00:00
UgyvJE0n_TTicZCIp8t4AaABAg,@azertu2u2,UCRiY1naRDSoO4h4rF1vK2mw,Football,football,Ten hag really was a little man in a massive job to mess up with Ronaldo,2026-08-05T07:04:17Z,2026-08-05T07:04:17Z,6,2,gYWz7y5aFV4,Ronaldo's Top 10 Champions League Goals #football #shorts #ronaldo #ucl,OG_Clips,10,https://www.youtube.com/watch?v=gYWz7y5aFV4&lc=UgyvJE0n_TTicZCIp8t4AaABAg,2026-08-05T20:00:16.680552+00:00
Ugys0_RdtQewdBrT-MN4AaABAg,@flazzy6931,UCQE-69j9ww5ulTJmty5dfWA,Football,football,Id wait till Aiden mcgeady,2026-08-05T19:49:02Z,2026-08-05T19:49:02Z,0,0,itNt3THN1S0,Most SKILLED Player?! #premierleague #football #ronaldo,Rich Footy,11,https://www.youtube.com/watch?v=itNt3THN1S0&lc=Ugys0_RdtQewdBrT-MN4AaABAg,2026-08-05T20:00:16.887326+00:00
UgwJAazYWSe73YVKe2B4AaABAg,@formationwatch,UCOLC7vO8_ik8X66QgPkkIVQ,Football,football,best videos,2026-07-29T09:36:02Z,2026-07-29T09:36:02Z,0,0,AqrQzFRJ02U,Football Goals But The Distance KEEPS Increasing,Ninety,12,https://www.youtube.com/watch?v=AqrQzFRJ02U&lc=UgwJAazYWSe73YVKe2B4AaABAg,2026-08-05T20:00:17.106493+00:00
UgyvSJ4CH6QknXGV1FV4AaABAg,@JephthahOmonzejele-y7o,UCI3Lz3khWA1jAoLQkE6kPaQ,Football,football,Ronaldo  na my guy,2026-08-04T15:03:58Z,2026-08-04T15:03:58Z,0,0,D_oSbDhy5F4,Ronaldo Taught Yamal a Football Lesson 🥶☠️,Flush,13,https://www.youtube.com/watch?v=D_oSbDhy5F4&lc=UgyvSJ4CH6QknXGV1FV4AaABAg,2026-08-05T20:00:17.415535+00:00
Ugx1F7VpPeBOmI_tMAp4AaABAg,@GabhirsinhDayma,UCTWa2BpwM3iGlFLq-RZhEng,Football,football,✏️______________,2026-08-05T08:55:33Z,2026-08-05T08:55:33Z,0,0,y02mOQudT3E,The art of defending 🎨,UEFA,14,https://www.youtube.com/watch?v=y02mOQudT3E&lc=Ugx1F7VpPeBOmI_tMAp4AaABAg,2026-08-05T20:00:17.733797+00:00
UgxRnpMPJri1b64Jf5p4AaABAg,@BibiBakhsh,UCt7SC3IrQt4-rgd9O_xLwCg,Football,football,Azam is here❤❤❤❤❤❤❤❤😊😊😊,2026-07-19T21:33:56Z,2026-07-19T21:33:56Z,1,1,33WGYoUn33o,1 in a Billion Football Moments,Sir Alex,15,https://www.youtube.com/watch?v=33WGYoUn33o&lc=UgxRnpMPJri1b64Jf5p4AaABAg,2026-08-05T20:00:17.903525+00:00
UgxOeAK0pE-knThI3KF4AaABAg,@kvinka_roblox443,UC2tIR75x2E3M6S40pXqGkOQ,Football,football,👎👎👎🤢🤢🤢🤢🤢🤢🤢🤢👎👎💩💩💩🤮🤮🤮💩💩👎🤢🤢👎🤮👎👎🤮🤢🤮🤢🤮🤢🤮🤢,2026-08-04T06:56:39Z,2026-08-04T06:56:39Z,0,0,1RgFCz9qdhk,Controversial Red Cards In Football 🟥🤯,Galinho FC,16,https://www.youtube.com/watch?v=1RgFCz9qdhk&lc=UgxOeAK0pE-knThI3KF4AaABAg,2026-08-05T20:00:18.318691+00:00
Ugy9RIThomTG_dqlOIl4AaABAg,@futbolpresyt,UCJaTePnTd0I3raN4-BA4PiA,Football,football,"How did you manage that move, Osayi? :D",2026-08-01T16:31:50Z,2026-08-01T16:31:50Z,0,0,02h7MB4Re4o,Best Football Skills 2026,SportsHD,17,https://www.youtube.com/watch?v=02h7MB4Re4o&lc=Ugy9RIThomTG_dqlOIl4AaABAg,2026-08-05T20:00:18.448977+00:00
UgzE7Y61uLqFFtOP6vd4AaABAg,@SamsoniteM,UC6wdouInmDHQCBe9-4akL0Q,Football,football,"Great pod, first time listener. Got to take the hat of to Carra, that football knowledge is world class.. And remember Henderson probably does great card tricks if you keep him off the commercial boards :P",2026-08-05T15:45:22Z,2026-08-05T15:53:27Z,1,0,LPGIvBUj0V0,Jamie Carragher: Who will win the Premier League? | Football Ramble Summer Series,Football Ramble,19,https://www.youtube.com/watch?v=LPGIvBUj0V0&lc=UgzE7Y61uLqFFtOP6vd4AaABAg,2026-08-05T20:00:18.780328+00:00
UgwgdQWrYbS27PAwZqt4AaABAg,@lazimalvi2181,UCTLB9C_eEQmfx8agHJOvD2A,Football,football,Ai is getting out of hand,2026-08-05T10:12:13Z,2026-08-05T10:12:13Z,0,0,7RogQiih3M8,WORLD CUP 2026 🏆 The AI Football Movie,The Blue Horizon AI,22,https://www.youtube.com/watch?v=7RogQiih3M8&lc=UgwgdQWrYbS27PAwZqt4AaABAg,2026-08-05T20:00:19.303134+00:00
Ugx2eFCZn6N_j_nz6c14AaABAg,@DjessiraKourouma,UC4aatO_hzXNyycJ2FTsLfcw,Football,football,Kx k k kxu,2026-08-04T21:28:56Z,2026-08-04T21:28:56Z,0,0,Q-7TlqFeGwA,Best Goals 2025 #football #shorts #edit,BimmyKing,23,https://www.youtube.com/watch?v=Q-7TlqFeGwA&lc=Ugx2eFCZn6N_j_nz6c14AaABAg,2026-08-05T20:00:19.651200+00:00
UgxCLFAAtrR9d8i3q5V4AaABAg,@StrongMindFootball,UCw9CyJ_eNGIMvi6rf-rhvFA,Football,football,Very interesting!,2026-08-03T11:53:24Z,2026-08-03T11:53:24Z,0,0,vG3cdWlIU6Y,Most Humiliating Goals in Football History,Ninety,24,https://www.youtube.com/watch?v=vG3cdWlIU6Y&lc=UgxCLFAAtrR9d8i3q5V4AaABAg,2026-08-05T20:00:19.875193+00:00
Ugy5eQuUKeCXmmXrpgN4AaABAg,@LeroyKimble-qb1bc,UCRhGkQh4xxPYltIuFNOj2sg,Football,football,"My DAWGS!! Love this team, DC4L!!🤠",2026-08-05T19:27:53Z,2026-08-05T19:27:53Z,2,0,sOvQtfevkwY,compete every day 😤 #dallascowboys #football #trainingcamp #nfl #shorts,Dallas Cowboys,26,https://www.youtube.com/watch?v=sOvQtfevkwY&lc=Ugy5eQuUKeCXmmXrpgN4AaABAg,2026-08-05T20:00:20.161607+00:00
UgxDO67rD91fpNMR7ad4AaABAg,@MstRani-u4j,UCqwCV55F2XJZrUv6LfCnzuQ,Football,football,"i,Love you,yamal,Ronaldo 😊😊❤❤😮😮",2026-08-05T11:13:24Z,2026-08-05T11:13:24Z,0,0,-ac5u2bg_ls,COLD Lamine Yamal penalty 🥶,UEFA,28,https://www.youtube.com/watch?v=-ac5u2bg_ls&lc=UgxDO67rD91fpNMR7ad4AaABAg,2026-08-05T20:00:20.486561+00:00
UgzCcvCPqsDfJMSLFpN4AaABAg,@Vidarbha_Wala,UC6fBNjJjkgIrhxIppQqSQFw,Football,football,https://youtube.com/shorts/nTHc-hRZPPY?feature=share,2026-08-05T13:14:00Z,2026-08-05T13:14:00Z,0,0,HavA7kE2pn4,Zidane Reacts Ronaldo Stepover Skills 🤯,Hoanftbl,29,https://www.youtube.com/watch?v=HavA7kE2pn4&lc=UgzCcvCPqsDfJMSLFpN4AaABAg,2026-08-05T20:00:20.742063+00:00
UgwgPxd8LQbpQaMrx-N4AaABAg,@SharkyBacon,UC1PnJ5OSpMsomH39aOtpzow,Football,football,Blue lock ahh 5:57,2026-07-11T10:34:04Z,2026-07-11T10:34:04Z,0,0,KpagOcYvw2k,Football Kids On Another Level,Chuff Footy Reacts,30,https://www.youtube.com/watch?v=KpagOcYvw2k&lc=UgwgPxd8LQbpQaMrx-N4AaABAg,2026-08-05T20:00:20.975195+00:00
UgzCW8KXR386o0eFKZJ4AaABAg,@annefreijblom4993,UCx7r78XytXDhugtAsoe-n7A,Football,football,Yuo forgott liverpool 4-3 against barca,2026-08-03T19:08:23Z,2026-08-03T19:08:23Z,0,0,Y1ZycvXcVdE,Best UCL comebacks 🔥😈💀🥶 #football #footballshorts #shorts,SJ10HD Editz TM,31,https://www.youtube.com/watch?v=Y1ZycvXcVdE&lc=UgzCW8KXR386o0eFKZJ4AaABAg,2026-08-05T20:00:21.234052+00:00
UgwqbhWr9gHE6EI6yj54AaABAg,@ChristianValverde-u8r,UCo8c5mqKBHwEh5V7j5ZvaEw,Football,football,Prime Neymar and Messi,2026-08-04T15:08:49Z,2026-08-04T15:08:49Z,0,0,FGUbaSQ50CI,FREESTYLE 😱🔥 FOOTBALL SKILLS ⚽️⭐️ BEACH FOOTBALL @valerikostovofficial,v7skills,32,https://www.youtube.com/watch?v=FGUbaSQ50CI&lc=UgwqbhWr9gHE6EI6yj54AaABAg,2026-08-05T20:00:21.457109+00:00
UgxZwVL-gmQbRkhCsPd4AaABAg,@abdullahsomsuddin,UCfu7KV1yVm97Pq04tMKjjJw,Football,football,cr7🇵🇹🇵🇹🇵🇹🇵🇹🇵🇹🇵🇹🇵🇹🇧🇩🇧🇩🇵🇸🇵🇸🥰😍,2026-08-05T11:25:19Z,2026-08-05T11:25:19Z,0,0,KlRQhPyphV0,Messi's reaction to Ronaldo's goal ☠️ #cristiano #football #messi #ronaldo #cr7 #edit #trending,FOAR7,33,https://www.youtube.com/watch?v=KlRQhPyphV0&lc=UgxZwVL-gmQbRkhCsPd4AaABAg,2026-08-05T20:00:21.724474+00:00
UgzLT_c6UWKfUOGyXId4AaABAg,@Fast_Eddie24,UC3edIR0Tp53tWeC-0q8jPLw,Football,football,"Another Day to Be Great...
Indeed.

Go Big Blue!
🏈🏈⚡️🏈🏈",2026-08-04T20:50:28Z,2026-08-04T20:50:54Z,4,0,2x618FsDoX8,Another day to get better 👏 #giants #trainingcamp #nfl #football #newyorkgiants #shorts,New York Giants,34,https://www.youtube.com/watch?v=2x618FsDoX8&lc=UgzLT_c6UWKfUOGyXId4AaABAg,2026-08-05T20:00:21.933165+00:00
UgzZevncmXemcK9znVB4AaABAg,@maryb.8871,UC5xMNnBncopK_Z_0vpjOh_A,Football,football,🏆,2026-08-05T14:22:59Z,2026-08-05T14:22:59Z,1,0,OlCpDx5NtUc,Ronaldo win Trophy 🏆in Juventus #ronaldo #shorts #football #juventus #love,CN9 HD ,36,https://www.youtube.com/watch?v=OlCpDx5NtUc&lc=UgzZevncmXemcK9znVB4AaABAg,2026-08-05T20:00:22.300362+00:00
UgyKM5RKNLLyrwaAGeh4AaABAg,@rrrrf_taNOFFICIAL,UC0TQ63RB5ntv7g_Vt7e0Dwg,Football,football,"""Ibrahim Zlatanovic"" Searching for a name that doesn't exist",2026-08-04T18:20:28Z,2026-08-04T18:20:28Z,0,0,ETHUowuIuJQ,Top Goals with most Aura in Football,FootyRanks,37,https://www.youtube.com/watch?v=ETHUowuIuJQ&lc=UgyKM5RKNLLyrwaAGeh4AaABAg,2026-08-05T20:00:22.827572+00:00
Ugw-iuuoQj6ny4ZZja54AaABAg,@FootballHeads-t9y,UCJ4-y1VeAODPLCX4u8sxSjg,Football,football,amazing stuff,2026-07-31T04:55:08Z,2026-07-31T04:55:08Z,0,0,lHp704JTsIo,99% IMPOSSIBLE Comeback moments in football,Ninety,39,https://www.youtube.com/watch?v=lHp704JTsIo&lc=Ugw-iuuoQj6ny4ZZja54AaABAg,2026-08-05T20:00:23.195561+00:00
Ugy9d907fuTIla055vt4AaABAg,@javinix-123,UCAPQ9KAWgbXvyIdf5acCbcg,Football,football,"Ronaldinho ☠️ Cr7 ☠️ Messi☠️ Neymar ☠️
👇",2026-08-05T03:34:38Z,2026-08-05T03:34:38Z,0,0,TDRiX6IjQL8,Women VS Men's Dribbling 💀,Primeftbl,40,https://www.youtube.com/watch?v=TDRiX6IjQL8&lc=Ugy9d907fuTIla055vt4AaABAg,2026-08-05T20:00:23.501709+00:00
Ugz1_oiVuj9Efv_JGHV4AaABAg,@thatmaleekguy,UCPe_j8oRRGlWwdhVTd4loeQ,Football,football,"The goals just keep getting better, while the numbers keep getting higher. 😂",2026-08-05T02:28:43Z,2026-08-05T02:28:43Z,1,0,y4kH9qrV0Ec,1 AMAZING Premier League Goal Scored From Every Minute [1-90] 2025/26,Premier League,2,https://www.youtube.com/watch?v=y4kH9qrV0Ec&lc=Ugz1_oiVuj9Efv_JGHV4AaABAg,2026-08-05T20:00:15.013925+00:00
UgxEU-jH-5Lrk8GvDwJ4AaABAg,@GeorginaDormer-l9t,UCH2v_Kht3_Xa5C8fhFT7YDw,Football,football,If the toby was me it would be a ten !!!!!!!!!!!!!!!!!!!!!!!!!!,2026-08-04T20:29:52Z,2026-08-04T20:29:52Z,0,0,4-8ba3lV0IA,Celebrities Playing Football,Chuff Footy Reacts,3,https://www.youtube.com/watch?v=4-8ba3lV0IA&lc=UgxEU-jH-5Lrk8GvDwJ4AaABAg,2026-08-05T20:00:15.300985+00:00
UgyNY45uZYOoKQamqCB4AaABAg,@Lordbigtime,UCIfT2_rIQ-dt6rG_80Uu1Qg,Football,football,soooo 30-0!!!,2026-08-05T16:17:36Z,2026-08-05T16:17:36Z,0,0,eM5_UjrTrA0,Reacting To Auburn Football's First Fall Practice,Locked On Auburn,4,https://www.youtube.com/watch?v=eM5_UjrTrA0&lc=UgyNY45uZYOoKQamqCB4AaABAg,2026-08-05T20:00:15.418073+00:00
UgwjSRlI4_O9SNlL1sd4AaABAg,@shamnainsta123,UCwIC4qjRCKK275ZqgjYamhA,Football,football,SpiAaaaaaaaaaan,2026-07-25T19:32:03Z,2026-07-25T19:32:03Z,0,0,pcAPOSv0OjA,SPAIN 1-0 ARGENTINA | FIFA WORLD CUP 2026 FINAL | FULL LIVE,BOBOLA TV,5,https://www.youtube.com/watch?v=pcAPOSv0OjA&lc=UgwjSRlI4_O9SNlL1sd4AaABAg,2026-08-05T20:00:15.706850+00:00
UgwDr2dj02VaJ-lf-HF4AaABAg,@APP1LEH43D,UCx9CJEEk8BjH5K_z7KAMSAQ,Football,football,What the fuck is This-,2026-08-04T16:34:35Z,2026-08-04T16:34:35Z,0,0,hTnt7E4PxvQ,Unbelievable Moments In Football | Al Nassr VS Inter Miami Imaginary Final | #ronaldo vs #messi,CrossBar Editz,7,https://www.youtube.com/watch?v=hTnt7E4PxvQ&lc=UgwDr2dj02VaJ-lf-HF4AaABAg,2026-08-05T20:00:16.159470+00:00
UgxTWKchUmjEWUcklZR4AaABAg,@jealous.of.my.dumplings,UC423tCt7-GtSMKE4H-qUM5g,Football,football,5:38 That player saved his life..,2026-07-25T19:50:38Z,2026-07-25T19:50:38Z,0,0,9VnSsqGdhZA,Scariest Moments In Football,Ninety,9,https://www.youtube.com/watch?v=9VnSsqGdhZA&lc=UgxTWKchUmjEWUcklZR4AaABAg,2026-08-05T20:00:16.492702+00:00
UgyI18cGbG1zf1Xg_294AaABAg,@Grrraey,UC4g7CM2hSpN4kTAfRFMeQWQ,Football,football,They said he can’t play free kicks 😂,2026-08-05T06:52:17Z,2026-08-05T06:52:17Z,9,0,gYWz7y5aFV4,Ronaldo's Top 10 Champions League Goals #football #shorts #ronaldo #ucl,OG_Clips,10,https://www.youtube.com/watch?v=gYWz7y5aFV4&lc=UgyI18cGbG1zf1Xg_294AaABAg,2026-08-05T20:00:16.680552+00:00
UgynCJkZhQr0LnNCh6J4AaABAg,@tomford4562,UC-bx_P4IenQDY20OtEN-RQQ,Football,football,Best dribbler? Better than Maradona?,2026-08-05T19:46:22Z,2026-08-05T19:46:22Z,0,0,itNt3THN1S0,Most SKILLED Player?! #premierleague #football #ronaldo,Rich Footy,11,https://www.youtube.com/watch?v=itNt3THN1S0&lc=UgynCJkZhQr0LnNCh6J4AaABAg,2026-08-05T20:00:16.887326+00:00
UgwBt6dPe3Y2SL_7FeN4AaABAg,@PatientCommenter,UCffbTSq6DuqZGk8ACKdjbBA,Football,football,Roberto Carlos's curvy ball goal is legend. Rogério Ceni goalkeeper goals are also another level.,2026-07-29T00:39:42Z,2026-07-29T00:40:36Z,0,0,AqrQzFRJ02U,Football Goals But The Distance KEEPS Increasing,Ninety,12,https://www.youtube.com/watch?v=AqrQzFRJ02U&lc=UgwBt6dPe3Y2SL_7FeN4AaABAg,2026-08-05T20:00:17.106493+00:00
UgwswaOFvgQlPW_t06V4AaABAg,@M_melody-l3y,UClzUoyJDikVz_-RePBzECVg,Football,football,It’s Ronaldo ❤😊,2026-08-04T11:46:25Z,2026-08-04T11:46:25Z,0,0,D_oSbDhy5F4,Ronaldo Taught Yamal a Football Lesson 🥶☠️,Flush,13,https://www.youtube.com/watch?v=D_oSbDhy5F4&lc=UgwswaOFvgQlPW_t06V4AaABAg,2026-08-05T20:00:17.415535+00:00
UgyZQWanoewOXJAeYqN4AaABAg,@saral7672,UCuo2r1HyFog0hGI0LkCVihw,Football,football,✏️______________,2026-08-05T03:12:45Z,2026-08-05T03:12:45Z,0,0,y02mOQudT3E,The art of defending 🎨,UEFA,14,https://www.youtube.com/watch?v=y02mOQudT3E&lc=UgyZQWanoewOXJAeYqN4AaABAg,2026-08-05T20:00:17.733797+00:00
UgxNAg5L3cg-mCPjTbp4AaABAg,@PitchRecap202,UCrenBFEsWmZhP76X3H3Matw,Football,football,Trubin goal was crazy goog,2026-07-17T02:12:41Z,2026-07-17T02:12:41Z,0,0,33WGYoUn33o,1 in a Billion Football Moments,Sir Alex,15,https://www.youtube.com/watch?v=33WGYoUn33o&lc=UgxNAg5L3cg-mCPjTbp4AaABAg,2026-08-05T20:00:17.903525+00:00
Ugy_jOeAGC01qNNIFHh4AaABAg,@UMWALISonia-t4o,UCSOPm7SRrmYgLAV6LocDg3w,Football,football,Bad😢,2026-08-02T10:35:36Z,2026-08-02T10:35:36Z,0,0,1RgFCz9qdhk,Controversial Red Cards In Football 🟥🤯,Galinho FC,16,https://www.youtube.com/watch?v=1RgFCz9qdhk&lc=Ugy_jOeAGC01qNNIFHh4AaABAg,2026-08-05T20:00:18.318691+00:00
UgzQdt-4873TPBg8vLp4AaABAg,@崇-u3s,UCsN_1HUUzgWGSg9IgujQnvQ,Football,football,スター性だけは努力でも無理だからね。,2026-08-01T05:03:41Z,2026-08-01T05:03:41Z,0,0,02h7MB4Re4o,Best Football Skills 2026,SportsHD,17,https://www.youtube.com/watch?v=02h7MB4Re4o&lc=UgzQdt-4873TPBg8vLp4AaABAg,2026-08-05T20:00:18.448977+00:00
UgyWU5hYKSq0sBBPPnZ4AaABAg,@JJudeasd,UCJzOTl89GwXPinuCy7WMUoQ,Football,football,Love Carra but he is talking nonsense. Barcola played 90% of his games on the right at Lyon and was much more productive there at Lyon.,2026-08-05T15:32:15Z,2026-08-05T15:32:15Z,0,0,LPGIvBUj0V0,Jamie Carragher: Who will win the Premier League? | Football Ramble Summer Series,Football Ramble,19,https://www.youtube.com/watch?v=LPGIvBUj0V0&lc=UgyWU5hYKSq0sBBPPnZ4AaABAg,2026-08-05T20:00:18.780328+00:00
Ugy49v8gq2_pt8BNQZ94AaABAg,@johjoh7096,UCnYWvE2yed95NcQ-LmpEJbA,Football,football,Haïti❤,2026-08-05T09:06:33Z,2026-08-05T09:06:33Z,1,0,7RogQiih3M8,WORLD CUP 2026 🏆 The AI Football Movie,The Blue Horizon AI,22,https://www.youtube.com/watch?v=7RogQiih3M8&lc=Ugy49v8gq2_pt8BNQZ94AaABAg,2026-08-05T20:00:19.303134+00:00
UgzH81Kjj2hWrL8ZJRJ4AaABAg,@samsoccergodd,UCkczY6x8kjcIr4QM2aJApvw,Football,football,Marmous should have gotten puscas,2026-08-04T20:44:01Z,2026-08-04T20:44:01Z,0,0,Q-7TlqFeGwA,Best Goals 2025 #football #shorts #edit,BimmyKing,23,https://www.youtube.com/watch?v=Q-7TlqFeGwA&lc=UgzH81Kjj2hWrL8ZJRJ4AaABAg,2026-08-05T20:00:19.651200+00:00
UgzAYCKBwurbDqvfEq54AaABAg,@XenoFoty,UCDMwN64Rd_asu0zdosPJ6rA,Football,football,9:05 Messi Cooked Them 🔥🥀,2026-08-03T03:12:01Z,2026-08-03T03:12:01Z,0,0,vG3cdWlIU6Y,Most Humiliating Goals in Football History,Ninety,24,https://www.youtube.com/watch?v=vG3cdWlIU6Y&lc=UgzAYCKBwurbDqvfEq54AaABAg,2026-08-05T20:00:19.875193+00:00
Ugz_8ag4pv0U2LD4sON4AaABAg,@Cowboysfan99-p7p,UCXSzfLz6mmgGBLNnOw0vdkg,Football,football,I love you Ceedee,2026-08-05T19:16:08Z,2026-08-05T19:16:08Z,4,0,sOvQtfevkwY,compete every day 😤 #dallascowboys #football #trainingcamp #nfl #shorts,Dallas Cowboys,26,https://www.youtube.com/watch?v=sOvQtfevkwY&lc=Ugz_8ag4pv0U2LD4sON4AaABAg,2026-08-05T20:00:20.161607+00:00
UgxZq7-YfBgo6p-f3sN4AaABAg,@barbaralee1440,UCHMvvTFfJOFSIwPAUr-ho4g,Football,football,Viva España i am spanish-i look up to dis guy,2026-08-05T10:35:14Z,2026-08-05T10:35:14Z,0,0,-ac5u2bg_ls,COLD Lamine Yamal penalty 🥶,UEFA,28,https://www.youtube.com/watch?v=-ac5u2bg_ls&lc=UgxZq7-YfBgo6p-f3sN4AaABAg,2026-08-05T20:00:20.486561+00:00
UgxATwULISxK8gh0iDN4AaABAg,@milicamilica9922,UCuN1O9S2XYOXmUUDzZHeuzw,Football,football,Nice,2026-08-05T13:03:06Z,2026-08-05T13:03:06Z,0,0,HavA7kE2pn4,Zidane Reacts Ronaldo Stepover Skills 🤯,Hoanftbl,29,https://www.youtube.com/watch?v=HavA7kE2pn4&lc=UgxATwULISxK8gh0iDN4AaABAg,2026-08-05T20:00:20.742063+00:00
UgysZ96eT4he-Gvd4VJ4AaABAg,@Corneryoun,UC-3m7ZhwjEDM6yrBr8W9YUw,Football,football,Goal,2026-06-27T21:35:47Z,2026-06-27T21:35:47Z,0,0,KpagOcYvw2k,Football Kids On Another Level,Chuff Footy Reacts,30,https://www.youtube.com/watch?v=KpagOcYvw2k&lc=UgysZ96eT4he-Gvd4VJ4AaABAg,2026-08-05T20:00:20.975195+00:00
Ugx0UuVx0zYGqsxEYJ94AaABAg,@MaryamTursunova-w1r,UCVBC3RzXpsrkeNa20DX2XFg,Football,football,❤😂❤😂,2026-08-03T17:03:47Z,2026-08-03T17:03:47Z,0,0,Y1ZycvXcVdE,Best UCL comebacks 🔥😈💀🥶 #football #footballshorts #shorts,SJ10HD Editz TM,31,https://www.youtube.com/watch?v=Y1ZycvXcVdE&lc=Ugx0UuVx0zYGqsxEYJ94AaABAg,2026-08-05T20:00:21.234052+00:00
Ugwn-YMjnXLKCEPkUWp4AaABAg,@ChristianValverde-u8r,UCo8c5mqKBHwEh5V7j5ZvaEw,Football,football,Prime near and messi,2026-08-04T15:07:50Z,2026-08-04T15:07:50Z,0,0,FGUbaSQ50CI,FREESTYLE 😱🔥 FOOTBALL SKILLS ⚽️⭐️ BEACH FOOTBALL @valerikostovofficial,v7skills,32,https://www.youtube.com/watch?v=FGUbaSQ50CI&lc=Ugwn-YMjnXLKCEPkUWp4AaABAg,2026-08-05T20:00:21.457109+00:00
UgzWwba8Fw-My15Lyzd4AaABAg,@SujataKoirala-p8c,UC5XqIH3dkWL80VfSFZ4mBmA,Football,football,Ronaldo Ronaldo Ronaldo Ronaldo Ronaldo Ronaldo Ronaldo Ronaldo Ronaldo Ronaldo Ronaldo Ronaldo Ronaldo Ronaldo Ronaldo Ronaldo Ronaldo Ronaldo Ronaldo Ronaldo Ronaldo Ronaldo Ronaldo Ronaldo Ronaldo Ronaldo Ronaldo Ronaldo Ronaldo Ronaldo Ronaldo Ronaldo Ronaldo Ronaldo Ronaldo Ronaldo Ronaldo Ronaldo Ronaldo Ronaldo Ronaldo Ronaldo Ronaldo Ronaldo Ronaldo Ronaldo Ronaldo Ronaldo Ronaldo Ronaldo Ronaldo Ronaldo Ronaldo Ronaldo Ronaldo Ronaldo Ronaldo Ronaldo Ronaldo Ronaldo Ronaldo Ronaldo Ronaldo Ronaldo Ronaldo Ronaldo Ronaldo Ronaldo Ronaldo Ronaldo Ronaldo Ronaldo Ronaldo Ronaldo Ronaldo Ronaldo Ronaldo Ronaldo Ronaldo Ronaldo Ronaldo Ronaldo Ronaldo Ronaldo Ronaldo Ronaldo Ronaldo Ronaldo Ronaldo Ronaldo Ronaldo Ronaldo Ronaldo Ronaldo Ronaldo Ronaldo Ronaldo Ronaldo Ronaldo Ronaldo Ronaldo Ronaldo Ronaldo Ronaldo Ronaldo Ronaldo Ronaldo Ronaldo Ronaldo Ronaldo Ronaldo Ronaldo Ronaldo Ronaldo Ronaldo Ronaldo Ronaldo Ronaldo Ronaldo Ronaldo Ronaldo Ronaldo Ronaldo Ronaldo Ronaldo Ronaldo Ronaldo Ronaldo Ronaldo Ronaldo Ronaldo Ronaldo Ronaldo Ronaldo Ronaldo Ronaldo Ronaldo Ronaldo Ronaldo Ronaldo Ronaldo Ronaldo Ronaldo Ronaldo Ronaldo Ronaldo Ronaldo Ronaldo Ronaldo Ronaldo Ronaldo Ronaldo Ronaldo Ronaldo Ronaldo Ronaldo Ronaldo Ronaldo Ronaldo Ronaldo Ronaldo Ronaldo Ronaldo Ronaldo Ronaldo 🎉🎉🎉🎉🎉🎉🎉🎉❤❤❤❤❤❤❤❤,2026-08-05T11:16:32Z,2026-08-05T11:16:32Z,0,0,KlRQhPyphV0,Messi's reaction to Ronaldo's goal ☠️ #cristiano #football #messi #ronaldo #cr7 #edit #trending,FOAR7,33,https://www.youtube.com/watch?v=KlRQhPyphV0&lc=UgzWwba8Fw-My15Lyzd4AaABAg,2026-08-05T20:00:21.724474+00:00
UgwrIffMVC40gYAqZkF4AaABAg,@jeaninethompson318,UCA5ynTl_Xlbuiq8ynzEMoaw,Football,football,Welcome home Odell Beckham giant indeed ❤❤❤💙💙,2026-08-04T20:22:56Z,2026-08-04T20:22:56Z,6,0,2x618FsDoX8,Another day to get better 👏 #giants #trainingcamp #nfl #football #newyorkgiants #shorts,New York Giants,34,https://www.youtube.com/watch?v=2x618FsDoX8&lc=UgwrIffMVC40gYAqZkF4AaABAg,2026-08-05T20:00:21.933165+00:00
UgwguP8F2sGdNE9SEuF4AaABAg,@JosephineGermanes-h1h7t,UCCE-oVG6a9ZDgQQQb3u-HRg,Football,football,❤🇨🇨🇨🇨🇨🇩🇨🇭🇨🇰🇨🇰🇧🇷♥️🙏😔🇧🇲😔🫅🫅🫣💯♥️🇧🇴🇧🇳🇧🇲🤝🤝🇧🇯🇧🇳🇧🇳🇧🇶🙏🇧🇶🇧🇳🇧🇯🇧🇳🇧🇳🇧🇳🇧🇳🇧🇴🫂😱🤨🤗🤪,2026-08-05T12:48:08Z,2026-08-05T12:48:08Z,0,0,OlCpDx5NtUc,Ronaldo win Trophy 🏆in Juventus #ronaldo #shorts #football #juventus #love,CN9 HD ,36,https://www.youtube.com/watch?v=OlCpDx5NtUc&lc=UgwguP8F2sGdNE9SEuF4AaABAg,2026-08-05T20:00:22.300362+00:00
UgxBzEOs3X6TAIf3rFl4AaABAg,@AravChourasia60,UCdqHCI-XtRPsDLaRrIsWNQA,Football,football,"""Little Ney Ney""😂",2026-08-04T11:15:22Z,2026-08-04T11:15:22Z,0,0,ETHUowuIuJQ,Top Goals with most Aura in Football,FootyRanks,37,https://www.youtube.com/watch?v=ETHUowuIuJQ&lc=UgxBzEOs3X6TAIf3rFl4AaABAg,2026-08-05T20:00:22.827572+00:00
UgwzBmxHfROzPAc9lhh4AaABAg,@PrimeBHIMA,UCjuFVHBslJWjnqN52eCIoIQ,Football,football,op comeback,2026-07-29T04:41:44Z,2026-07-29T04:41:44Z,0,0,lHp704JTsIo,99% IMPOSSIBLE Comeback moments in football,Ninety,39,https://www.youtube.com/watch?v=lHp704JTsIo&lc=UgwzBmxHfROzPAc9lhh4AaABAg,2026-08-05T20:00:23.195561+00:00
UgxqsgQAYSdMVYK7M-94AaABAg,@xerox-d5p,UC-2ZW9KQsR8GciKI3vPZHmg,Football,football,Ahhhhhhhhhh 🧐🤨,2026-08-04T17:55:20Z,2026-08-04T17:55:20Z,0,0,TDRiX6IjQL8,Women VS Men's Dribbling 💀,Primeftbl,40,https://www.youtube.com/watch?v=TDRiX6IjQL8&lc=UgxqsgQAYSdMVYK7M-94AaABAg,2026-08-05T20:00:23.501709+00:00
UgzAmYh36CcFUWlI_HV4AaABAg,@ChukwuebukaPrince-g3o,UCiBaBBusC9Ry74cinhshP1Q,Football,football,Reece James free kick at saint James park?,2026-08-05T00:49:28Z,2026-08-05T00:49:28Z,0,0,y4kH9qrV0Ec,1 AMAZING Premier League Goal Scored From Every Minute [1-90] 2025/26,Premier League,2,https://www.youtube.com/watch?v=y4kH9qrV0Ec&lc=UgzAmYh36CcFUWlI_HV4AaABAg,2026-08-05T20:00:15.013925+00:00
UgyxkrUJCugdROBeOvd4AaABAg,@user-jd2pr1xh3n,UCqK9dVQscq8uomOdcVWwEbQ,Football,football,Chuff is a goat 🐐🐐,2026-08-04T19:45:20Z,2026-08-04T19:45:20Z,0,0,4-8ba3lV0IA,Celebrities Playing Football,Chuff Footy Reacts,3,https://www.youtube.com/watch?v=4-8ba3lV0IA&lc=UgyxkrUJCugdROBeOvd4AaABAg,2026-08-05T20:00:15.300985+00:00
UgxbRdD2sD45UYIkly54AaABAg,@Guccibandana96,UCVW7i0l8YU4NuEGK310rpOg,Football,football,Zac got that vegeta hairline 😂 prince of all sayians looking ahh 😂,2026-08-05T16:05:58Z,2026-08-05T16:05:58Z,0,0,eM5_UjrTrA0,Reacting To Auburn Football's First Fall Practice,Locked On Auburn,4,https://www.youtube.com/watch?v=eM5_UjrTrA0&lc=UgxbRdD2sD45UYIkly54AaABAg,2026-08-05T20:00:15.418073+00:00
UgwBUYihOH8fYGCTaTt4AaABAg,@qbrisatriz,UCUaedpAmmmQzX1KRCe6DOEg,Football,football,O Messi deve ter pensado: por que eu não afoguei aquela criança quando tive chance,2026-07-25T14:00:49Z,2026-07-25T14:00:49Z,0,0,pcAPOSv0OjA,SPAIN 1-0 ARGENTINA | FIFA WORLD CUP 2026 FINAL | FULL LIVE,BOBOLA TV,5,https://www.youtube.com/watch?v=pcAPOSv0OjA&lc=UgwBUYihOH8fYGCTaTt4AaABAg,2026-08-05T20:00:15.706850+00:00
UgxsKCDseYk6-6VK4Lx4AaABAg,@ШарифаРизаева-п4х4м,UCe4fd9ctw85Qg4VcmHcrHzg,Football,football,❤❤❤❤❤❤❤❤❤😂,2026-08-04T16:19:15Z,2026-08-04T16:19:15Z,0,0,hTnt7E4PxvQ,Unbelievable Moments In Football | Al Nassr VS Inter Miami Imaginary Final | #ronaldo vs #messi,CrossBar Editz,7,https://www.youtube.com/watch?v=hTnt7E4PxvQ&lc=UgxsKCDseYk6-6VK4Lx4AaABAg,2026-08-05T20:00:16.159470+00:00
UgxDdCvcA-HZVQL7EMJ4AaABAg,@OluwafamimadeAlara,UCbu7ori_V8lbbwJgLZu-K4A,Football,football,8:41 no need to blur 😂,2026-07-25T11:11:06Z,2026-07-25T11:11:06Z,1,0,9VnSsqGdhZA,Scariest Moments In Football,Ninety,9,https://www.youtube.com/watch?v=9VnSsqGdhZA&lc=UgxDdCvcA-HZVQL7EMJ4AaABAg,2026-08-05T20:00:16.492702+00:00
Ugw2mnkR43qz6-zORAd4AaABAg,@BuiltByBeats365,UC31E6egiMlCjcLppCENPfAw,Football,football,Wow…,2026-08-05T06:49:10Z,2026-08-05T06:49:10Z,0,0,gYWz7y5aFV4,Ronaldo's Top 10 Champions League Goals #football #shorts #ronaldo #ucl,OG_Clips,10,https://www.youtube.com/watch?v=gYWz7y5aFV4&lc=Ugw2mnkR43qz6-zORAd4AaABAg,2026-08-05T20:00:16.680552+00:00
UgzR8fpCTf0BYjIebeN4AaABAg,@kelechisequence8773,UC34fYI72PCPkFRg62_0tKMQ,Football,football,Neymar is insanely tricky arguably more tricky than Ronaldinho but Ronaldinho make it look easier and more pleasing to watch so I'll pick Ronaldinho all day,2026-08-05T19:44:48Z,2026-08-05T19:44:48Z,0,0,itNt3THN1S0,Most SKILLED Player?! #premierleague #football #ronaldo,Rich Footy,11,https://www.youtube.com/watch?v=itNt3THN1S0&lc=UgzR8fpCTf0BYjIebeN4AaABAg,2026-08-05T20:00:16.887326+00:00
UgwXWN16PPcBu-T0iAp4AaABAg,@geeache1891,UCsTmcziQuYyra4eMYPIDf5g,Football,football,Arie haan,2026-07-28T17:51:29Z,2026-07-28T17:51:29Z,0,0,AqrQzFRJ02U,Football Goals But The Distance KEEPS Increasing,Ninety,12,https://www.youtube.com/watch?v=AqrQzFRJ02U&lc=UgwXWN16PPcBu-T0iAp4AaABAg,2026-08-05T20:00:17.106493+00:00
UgzAN2k7vUJDWuDB6nd4AaABAg,@DubaiCity-g1u,UCmiz4v1KvkWC8jylCtvmbTA,Football,football,Good afternoon my friend ❤🎉,2026-08-04T10:02:32Z,2026-08-04T10:02:32Z,0,0,D_oSbDhy5F4,Ronaldo Taught Yamal a Football Lesson 🥶☠️,Flush,13,https://www.youtube.com/watch?v=D_oSbDhy5F4&lc=UgzAN2k7vUJDWuDB6nd4AaABAg,2026-08-05T20:00:17.415535+00:00
Ugy72EPsdNmflw_hy-V4AaABAg,@sportsclipz24,UClHouBMXvRFuve8KeBSSj9Q,Football,football,fire,2026-08-05T00:20:43Z,2026-08-05T00:20:43Z,0,0,y02mOQudT3E,The art of defending 🎨,UEFA,14,https://www.youtube.com/watch?v=y02mOQudT3E&lc=Ugy72EPsdNmflw_hy-V4AaABAg,2026-08-05T20:00:17.733797+00:00
Ugwhb71r0RZRGYjPYxV4AaABAg,@TheB4ll3r_27,UCO7cJpj8icq-pcU1Jq_f1WA,Football,football,2:58 whenever i see gabriel i think of something else,2026-07-16T11:19:16Z,2026-07-16T11:19:16Z,1,1,33WGYoUn33o,1 in a Billion Football Moments,Sir Alex,15,https://www.youtube.com/watch?v=33WGYoUn33o&lc=Ugwhb71r0RZRGYjPYxV4AaABAg,2026-08-05T20:00:17.903525+00:00
Ugye0VL59AAzQjsnjtx4AaABAg,@CR7FanGalleryg7q,UCxyimVlNlkY9hxhG-JCVG2w,Football,football,Wow❤,2026-08-02T10:17:58Z,2026-08-02T10:17:58Z,0,0,1RgFCz9qdhk,Controversial Red Cards In Football 🟥🤯,Galinho FC,16,https://www.youtube.com/watch?v=1RgFCz9qdhk&lc=Ugye0VL59AAzQjsnjtx4AaABAg,2026-08-05T20:00:18.318691+00:00
Ugy0s7ODmGFW9YwXCJh4AaABAg,@gorhovhannisyan2095,UCPoC1rsd8MZ0NwydzszOIGA,Football,football,The Armenian instrument Duduk makes it more watchable 🇦🇲🇦🇲🪄🪄,2026-08-01T04:21:49Z,2026-08-01T04:21:49Z,2,0,02h7MB4Re4o,Best Football Skills 2026,SportsHD,17,https://www.youtube.com/watch?v=02h7MB4Re4o&lc=Ugy0s7ODmGFW9YwXCJh4AaABAg,2026-08-05T20:00:18.448977+00:00
UgxcpPspIweKVs2RPZV4AaABAg,@eliasgryp4719,UCdZzqrIemKsQ-HlyfNxnjNA,Football,football,Unexpected,2026-08-05T14:39:15Z,2026-08-05T14:39:15Z,0,0,LPGIvBUj0V0,Jamie Carragher: Who will win the Premier League? | Football Ramble Summer Series,Football Ramble,19,https://www.youtube.com/watch?v=LPGIvBUj0V0&lc=UgxcpPspIweKVs2RPZV4AaABAg,2026-08-05T20:00:18.780328+00:00
UgxCRNSf71BvYuaE_dF4AaABAg,@Kingaxelalot,UC4nNSEjuVErJ7IQGn-ekXyg,Football,football,Nah mexico was the BEST,2026-08-05T08:05:15Z,2026-08-05T08:05:15Z,0,0,7RogQiih3M8,WORLD CUP 2026 🏆 The AI Football Movie,The Blue Horizon AI,22,https://www.youtube.com/watch?v=7RogQiih3M8&lc=UgxCRNSf71BvYuaE_dF4AaABAg,2026-08-05T20:00:19.303134+00:00
Ugxqirn15ydvqZ2ewBl4AaABAg,@kamar-dinealiani8181,UCjbO2YsQD1a2PlylKtUtTYQ,Football,football,Mammouth et le détruire c'est pas un,2026-08-04T19:33:37Z,2026-08-04T19:33:37Z,0,0,Q-7TlqFeGwA,Best Goals 2025 #football #shorts #edit,BimmyKing,23,https://www.youtube.com/watch?v=Q-7TlqFeGwA&lc=Ugxqirn15ydvqZ2ewBl4AaABAg,2026-08-05T20:00:19.651200+00:00
UgyqrNc8ZYjGlNKq84B4AaABAg,@emilianogimenez4707,UCvdSknvcI1jCh5ZoWNKjJ4w,Football,football,Falto el de zlatan en el ajax,2026-08-02T03:47:26Z,2026-08-02T03:47:26Z,0,0,vG3cdWlIU6Y,Most Humiliating Goals in Football History,Ninety,24,https://www.youtube.com/watch?v=vG3cdWlIU6Y&lc=UgyqrNc8ZYjGlNKq84B4AaABAg,2026-08-05T20:00:19.875193+00:00
UgyE50fXUvLVVlInlQx4AaABAg,@Lakewood60,UCszXh6qx6yEI6EFv4snLYCw,Football,football,Practice come up 😤,2026-08-05T19:16:01Z,2026-08-05T19:16:01Z,3,0,sOvQtfevkwY,compete every day 😤 #dallascowboys #football #trainingcamp #nfl #shorts,Dallas Cowboys,26,https://www.youtube.com/watch?v=sOvQtfevkwY&lc=UgyE50fXUvLVVlInlQx4AaABAg,2026-08-05T20:00:20.161607+00:00
UgwknwhM6IxRudVEpWl4AaABAg,@ПламенСтефанов-й7ш,UCBMZbZNBlGoOI1Vu5q6LvRQ,Football,football,❤❤❤❤❤❤❤❤❤❤❤❤❤❤❤❤❤❤❤❤❤❤❤❤❤❤❤❤❤❤❤❤❤❤❤❤❤❤❤❤,2026-08-05T08:47:41Z,2026-08-05T08:47:41Z,0,0,-ac5u2bg_ls,COLD Lamine Yamal penalty 🥶,UEFA,28,https://www.youtube.com/watch?v=-ac5u2bg_ls&lc=UgwknwhM6IxRudVEpWl4AaABAg,2026-08-05T20:00:20.486561+00:00
Ugx-YiRQzXRtXIOh54p4AaABAg,@Ballltv,UCZVDtE62jHhLyGZu5LwoG0Q,Football,football,Wow,2026-08-05T12:04:16Z,2026-08-05T12:04:16Z,0,0,HavA7kE2pn4,Zidane Reacts Ronaldo Stepover Skills 🤯,Hoanftbl,29,https://www.youtube.com/watch?v=HavA7kE2pn4&lc=Ugx-YiRQzXRtXIOh54p4AaABAg,2026-08-05T20:00:20.742063+00:00
UgyWFTeaoTqqU-uL4Wx4AaABAg,@JacobHudson-d9d5q,UCy4zNRnXKBCqHgxJ-gU1JWg,Football,football,Basketball hoop 😊,2026-06-27T15:27:48Z,2026-06-27T15:27:48Z,0,0,KpagOcYvw2k,Football Kids On Another Level,Chuff Footy Reacts,30,https://www.youtube.com/watch?v=KpagOcYvw2k&lc=UgyWFTeaoTqqU-uL4Wx4AaABAg,2026-08-05T20:00:20.975195+00:00
UgzXB48mEPCs9MYFm1p4AaABAg,@MaryamTursunova-w1r,UCVBC3RzXpsrkeNa20DX2XFg,Football,football,😂😂❤,2026-08-03T17:03:31Z,2026-08-03T17:03:31Z,0,0,Y1ZycvXcVdE,Best UCL comebacks 🔥😈💀🥶 #football #footballshorts #shorts,SJ10HD Editz TM,31,https://www.youtube.com/watch?v=Y1ZycvXcVdE&lc=UgzXB48mEPCs9MYFm1p4AaABAg,2026-08-05T20:00:21.234052+00:00
UgwDSFPKDgVXLKyigpd4AaABAg,@SyedHassaan-e4,UCh0a8_ARetcEFxrnrtzJ8xg,Football,football,next laeval skills 😮😢😅,2026-08-04T12:03:24Z,2026-08-04T12:03:24Z,0,0,FGUbaSQ50CI,FREESTYLE 😱🔥 FOOTBALL SKILLS ⚽️⭐️ BEACH FOOTBALL @valerikostovofficial,v7skills,32,https://www.youtube.com/watch?v=FGUbaSQ50CI&lc=UgwDSFPKDgVXLKyigpd4AaABAg,2026-08-05T20:00:21.457109+00:00
UgwKD8on8NstxBQScqZ4AaABAg,@YusufDemirpolat-q7g,UCGFo_KRPaIZTcpgCWPii32A,Football,football,Abim be,2026-08-05T10:03:01Z,2026-08-05T10:03:01Z,0,0,KlRQhPyphV0,Messi's reaction to Ronaldo's goal ☠️ #cristiano #football #messi #ronaldo #cr7 #edit #trending,FOAR7,33,https://www.youtube.com/watch?v=KlRQhPyphV0&lc=UgwKD8on8NstxBQScqZ4AaABAg,2026-08-05T20:00:21.724474+00:00
Ugw0nGPFMoNS8pQA3TZ4AaABAg,@whosNoahk13,UCSXtU-zR6X11VCseokCBgJw,Football,football,Odell is backk,2026-08-04T20:15:50Z,2026-08-04T20:15:50Z,2,0,2x618FsDoX8,Another day to get better 👏 #giants #trainingcamp #nfl #football #newyorkgiants #shorts,New York Giants,34,https://www.youtube.com/watch?v=2x618FsDoX8&lc=Ugw0nGPFMoNS8pQA3TZ4AaABAg,2026-08-05T20:00:21.933165+00:00
UgzM66-Z57rNGCe9J0N4AaABAg,@HegoVibes,UCA8lH1sCuisd08I6BRq5jpQ,Football,football,I love Messi 😂😂😂❤❤,2026-08-05T12:01:56Z,2026-08-05T12:01:56Z,0,0,OlCpDx5NtUc,Ronaldo win Trophy 🏆in Juventus #ronaldo #shorts #football #juventus #love,CN9 HD ,36,https://www.youtube.com/watch?v=OlCpDx5NtUc&lc=UgzM66-Z57rNGCe9J0N4AaABAg,2026-08-05T20:00:22.300362+00:00
Ugz5T5wkaSqw75HDNiF4AaABAg,@rebamarik2959,UCVahQ5Yh8-13Mx3PMPCHgUA,Football,football,Bro that random player was balerdi,2026-08-03T01:43:18Z,2026-08-03T01:43:18Z,0,0,ETHUowuIuJQ,Top Goals with most Aura in Football,FootyRanks,37,https://www.youtube.com/watch?v=ETHUowuIuJQ&lc=Ugz5T5wkaSqw75HDNiF4AaABAg,2026-08-05T20:00:22.827572+00:00
UgxMph4nunJb3OWQaIJ4AaABAg,@TwoFootballshorts,UCKyso3O-DTNhp7ZL_anWhKg,Football,football,Bro played two finals in 2 worldcups . Almost a 3rd ☠,2026-07-29T03:58:07Z,2026-07-29T03:58:07Z,0,0,lHp704JTsIo,99% IMPOSSIBLE Comeback moments in football,Ninety,39,https://www.youtube.com/watch?v=lHp704JTsIo&lc=UgxMph4nunJb3OWQaIJ4AaABAg,2026-08-05T20:00:23.195561+00:00
UgzJgcZMDaKsLu4ldTR4AaABAg,@NavasNavasct,UCPAvFF_4Prxq6IHedPY26RQ,Football,football,Cristiano 🇵🇹🇵🇹🇵🇹🔥🔥🔥💥💥💥🥶🥶🥶😱😱🤫🤫☠️☠️🥵🥵😈😈,2026-08-04T12:16:34Z,2026-08-04T12:16:34Z,1,0,TDRiX6IjQL8,Women VS Men's Dribbling 💀,Primeftbl,40,https://www.youtube.com/watch?v=TDRiX6IjQL8&lc=UgzJgcZMDaKsLu4ldTR4AaABAg,2026-08-05T20:00:23.501709+00:00
UgzsSm39P3bVS9gDQ8l4AaABAg,@prince_abia,UC6_DL95jEB6xPGQRRRVZALw,Football,football,That Barnes goal in the 27th minute ... Jesus Christ 😂😭😭😭,2026-08-04T23:31:21Z,2026-08-04T23:31:21Z,0,0,y4kH9qrV0Ec,1 AMAZING Premier League Goal Scored From Every Minute [1-90] 2025/26,Premier League,2,https://www.youtube.com/watch?v=y4kH9qrV0Ec&lc=UgzsSm39P3bVS9gDQ8l4AaABAg,2026-08-05T20:00:15.013925+00:00
UgzgxJhPQj8nG7OYi-d4AaABAg,@Jacksonedits21,UCMvtge6186SkeY7tbgs9Lfw,Football,football,9:15 considering he’s my favourite YouTuber that’s a disgrace ( if you know you know),2026-08-04T17:59:35Z,2026-08-04T17:59:35Z,0,0,4-8ba3lV0IA,Celebrities Playing Football,Chuff Footy Reacts,3,https://www.youtube.com/watch?v=4-8ba3lV0IA&lc=UgzgxJhPQj8nG7OYi-d4AaABAg,2026-08-05T20:00:15.300985+00:00
UgxmZgk-TGVDzwE5iK54AaABAg,@shdow1100,UCecHiOUnqlLbm6y7eX4PeJA,Climate Change,climate change,"Dude, it's been a while since I've seen him. Where's Bindy?",2026-08-05T17:20:28Z,2026-08-05T17:20:28Z,0,0,aQM2r6yQoEk,Climate Change Is Changing Crocs,Erased,1,https://www.youtube.com/watch?v=aQM2r6yQoEk&lc=UgxmZgk-TGVDzwE5iK54AaABAg,2026-08-05T20:00:23.617853+00:00
UgypyuYrgCPMozPnrpV4AaABAg,@DavidGates-c7b,UCsjsqnQRD8RG8u5TJM20YDA,Climate Change,climate change,Stop spraying our sky.....Climate change is a hoax,2026-08-05T15:39:45Z,2026-08-05T15:39:45Z,0,0,vy-P6C2F0Wg,JUST IN: Sheldon Whitehouse And Ron Johnson Get Into Climate Change Debate On Senate Floor,Forbes Breaking News,2,https://www.youtube.com/watch?v=vy-P6C2F0Wg&lc=UgypyuYrgCPMozPnrpV4AaABAg,2026-08-05T20:00:23.763926+00:00
UgyvYk15M60ABhEJkjp4AaABAg,@chrishughes7627,UCLKMsPxDYpLnBoG1aAxkVCg,Climate Change,climate change,"Laura,tell the real reason our temperatures are increasing. Clear skies and lack of pollution, nothing to reflect the sun back into space,hence the sun is now like a super powered led light which you can no longer look at and its piercingly hot.
Even the Met are saying just this",2026-07-24T06:35:36Z,2026-07-24T06:35:36Z,0,0,nwzIpxPsy2E,Record heatwave 'impossible' without climate change #weather #heatwave #climatechange,ITV News,3,https://www.youtube.com/watch?v=nwzIpxPsy2E&lc=UgyvYk15M60ABhEJkjp4AaABAg,2026-08-05T20:00:24.023614+00:00
UgxU3Dw3Tn1zRSLJAdF4AaABAg,@johnadams1600,UCxl13swzmdmvVGQmA5unwfg,Climate Change,climate change,"I want climate change, i don't like climate we living now, lets change it",2026-08-05T19:12:59Z,2026-08-05T19:12:59Z,0,0,Rl80Rzbpjx8,Witnessing the Impact of Climate Change,RAZOR Science Show,4,https://www.youtube.com/watch?v=Rl80Rzbpjx8&lc=UgxU3Dw3Tn1zRSLJAdF4AaABAg,2026-08-05T20:00:24.129323+00:00
UgwAlQ_MfVhaCKJBGRd4AaABAg,@Zombie618,UCQouunh4R_d5eKWseL2TydQ,Climate Change,climate change,I live on Cape Cod we've been having quite a large shark population increase over the last few years,2026-08-05T19:57:17Z,2026-08-05T19:57:17Z,0,0,ba4xQVyxfyg,How Climate Change is Impacting Cape Cod’s Sharks #animals #evolution #learning #ocean #science,Zeke Darwin,5,https://www.youtube.com/watch?v=ba4xQVyxfyg&lc=UgwAlQ_MfVhaCKJBGRd4AaABAg,2026-08-05T20:00:24.232629+00:00
UgwAYiw1izwrlDac8vF4AaABAg,@moxiesaint-clare4257,UCb1b1kpmrN10bAMGuf8z1GQ,Climate Change,climate change,"I remember building a snowman in the back garden 1978-1985 , stayed there for weeks. We had snow every winter  but it got less and less each year. Summers were warm 18-23 c wasn't until 97, 98 the tempreture started hitting above 30c.",2026-07-11T04:01:06Z,2026-07-11T04:01:06Z,0,0,DOPcMMZ6FHU,1976 was an outlier. This isn't. ☀️ #summer #sun #climatechange #physics #nature,The Royal Society,6,https://www.youtube.com/watch?v=DOPcMMZ6FHU&lc=UgwAYiw1izwrlDac8vF4AaABAg,2026-08-05T20:00:24.401400+00:00
UgwzZqUDy1llKnmjjUp4AaABAg,@BrahmenBand,UCVoygPrJQFhFASS7TTDZ4mA,Climate Change,climate change,"For decades we’ve been told to focus on cars, planes and factories as the main environmental villains. Yet one of the largest consumers of the planet’s resources is sitting on our dinner plates.

Producing meat and dairy requires vastly more land, water and energy than producing plant foods. Most farmed animals don’t magically create protein; they consume enormous quantities of crops that humans could eat directly. Depending on the species, several kilograms of grain and soy may be needed to produce just one kilogram of meat. That means millions of hectares of fertile land are devoted not to feeding people, but to feeding animals.

The inefficiency doesn’t stop there. Animal agriculture is the world’s largest user of agricultural land, occupying around three-quarters of all farmland while supplying only a minority of the world’s calories. Forests are cleared to create grazing land or to grow animal feed, destroying wildlife habitats and reducing the Earth’s ability to absorb carbon dioxide. Fresh water is consumed in vast quantities for feed crops, drinking water and processing, while manure and fertilisers pollute rivers and coastal waters.

Then there are greenhouse gases. Cattle produce methane, a gas far more potent than carbon dioxide over the short term. Fertilisers used on feed crops release nitrous oxide, an even more powerful greenhouse gas. Add emissions from deforestation, transport, refrigeration and processing, and the climate impact becomes enormous.

Transport certainly contributes significantly to climate change, but replacing every petrol car with an electric one while leaving our diets unchanged would still leave a huge environmental burden. A food system centred on animal products demands far more land, water and raw materials than one based primarily on plants. It also accelerates biodiversity loss, soil degradation and freshwater depletion.

This is why many scientists argue that dietary change is one of the most effective actions available to individuals and societies. Eating lower on the food chain allows the same land to feed many more people, uses fewer natural resources, and dramatically reduces environmental damage.

Technology can make cars cleaner, but it cannot repeal the laws of biology. Feeding crops to animals before feeding humans will always waste energy and resources. If our goal is to protect the climate, preserve nature and feed a growing global population sustainably, reducing our dependence on meat and dairy is one of the most powerful changes we can make.",2026-08-05T10:57:42Z,2026-08-05T10:57:42Z,0,0,LterhtcxtIk,“The End Of The WORLD?” | UK Food Shortages Warning as Drought Hits Farmers Due To Extreme Heat,TalkTV,7,https://www.youtube.com/watch?v=LterhtcxtIk&lc=UgwzZqUDy1llKnmjjUp4AaABAg,2026-08-05T20:00:24.763112+00:00
UgzcxfEaaPdLv6w65tV4AaABAg,@ClimateAdam,UCCu5wtZ5uOWZp_roz7wHPfg,Climate Change,climate change,Huge welcome to all the new CliMates who have found this channel from Hank's! It's good to have you here 💚,2026-04-30T14:52:51Z,2026-04-30T14:52:51Z,67,9,LwQyYPjm3rg,Climate Change is Destroying Lives... Now,ClimateAdam,8,https://www.youtube.com/watch?v=LwQyYPjm3rg&lc=UgzcxfEaaPdLv6w65tV4AaABAg,2026-08-05T20:00:24.943245+00:00
UgyBnBpw9_v6sq7dWG94AaABAg,@Leah_Charles-9,UCiy0x0oSWTDuDPVkq1PRlcQ,Climate Change,climate change,Switching on the AC FOR making us cool but not the 🌎🌍,2026-07-23T14:31:51Z,2026-07-23T14:31:51Z,0,0,myZAvqqp9Jc,Climate Change: How does it really work? | ClimateScience #1,ClimateScience - Solve Climate Change,9,https://www.youtube.com/watch?v=myZAvqqp9Jc&lc=UgyBnBpw9_v6sq7dWG94AaABAg,2026-08-05T20:00:25.254274+00:00
Ugz92yE2b4esEZ5h_354AaABAg,@lkenaa9038,UCxdAZzqHbgEuEy6MMzKUYfw,Climate Change,climate change,"The climate also changed in Joseph's time, there were 7 good years followed by 7 bad years.",2026-07-14T07:27:15Z,2026-07-14T07:27:15Z,0,0,wmYcLgSLpUQ,Jeremy Clarkson says farming has given him a new perspective on the changing climate.,Times News,10,https://www.youtube.com/watch?v=wmYcLgSLpUQ&lc=Ugz92yE2b4esEZ5h_354AaABAg,2026-08-05T20:00:25.503865+00:00
UgzvnUPEvioHdTc5Z7t4AaABAg,@amiava4213,UCG6A7AW8wew3QdhAo3PVP3A,Climate Change,climate change,"Isn’t this glorious?  The climate house of cards is finally collapsing.

The prevailing climate change narrative took a big hit in recent days, as scientists who comprise the United Nations’ Intergovernmental Panel on Climate Change are backing away from their more outlandish climate predictions for the 21st century.

Extreme forecasts of rising temperatures of 4 to 5 degrees, the scientists wrote in the journal Geoscientific Model Development, “have become implausible.” That means predictions of rapidly growing carbon emissions and higher temperatures, supposedly leading to fast-rising sea levels, floods, crop failures, and even human extinction scenarios, are finally being jettisoned.

This long-standing climate change narrative, always a house of cards designed to scare societies into submission, is collapsing — first gradually, now suddenly, to borrow a phrase from Ernest Hemingway.

Turns out even climate scientists on the U.N. dole have a modicum of self-respect such that they can no longer defend lunatic predictions that were never plausible from the start.",2026-06-03T11:17:14Z,2026-06-03T11:18:07Z,1,2,vM6SRQqyvWc,Climate change is fueling more extreme weather,Associated Press,11,https://www.youtube.com/watch?v=vM6SRQqyvWc&lc=UgzvnUPEvioHdTc5Z7t4AaABAg,2026-08-05T20:00:25.713846+00:00
UgwbAE2Lvhbjy2j0pO14AaABAg,@christophergame7977,UC67fQYHdjL2c6vR-KoapgDQ,Climate Change,climate change,'Climate science' doesn't actually 'say' anything definite about climate change. It offers a range of opinions.,2026-08-05T18:55:36Z,2026-08-05T18:55:36Z,0,0,nl__O_QGIR4,What Climate Science Actually Says vs. What You've Been Told It Says,Alliance for Responsible Citizenship,12,https://www.youtube.com/watch?v=nl__O_QGIR4&lc=UgwbAE2Lvhbjy2j0pO14AaABAg,2026-08-05T20:00:26.210554+00:00
UgxLHJ2qKzieQCdQ2j94AaABAg,@GustavoAguilar-n9d1n,UC6NcsxeivrTCKtpz9acLPYA,Climate Change,climate change,"Buddy 475 million years ago we barely even had plants no wonder the climate was different 😂😂

Climate change us about the past 500-1000 years and the scale at which the earth is warming",2026-08-05T13:56:48Z,2026-08-05T13:56:48Z,0,0,fNw-b8yA1xU,Joe Rogan schools Bernie Sanders on climate change,News24,13,https://www.youtube.com/watch?v=fNw-b8yA1xU&lc=UgxLHJ2qKzieQCdQ2j94AaABAg,2026-08-05T20:00:26.444442+00:00
UgxEGO_gWE3EDuAY7bR4AaABAg,@gw7388,UCGyYpNvkP17Q-IO1YGLhs-g,Climate Change,climate change,Why not increase desalination? We're surrounded by water.,2026-08-05T19:45:23Z,2026-08-05T19:45:23Z,0,0,8FFrQ2PvKJQ,Lord Frost vs Tim Stanley: How the Right is getting climate change wrong | The Daily T,The Telegraph,14,https://www.youtube.com/watch?v=8FFrQ2PvKJQ&lc=UgxEGO_gWE3EDuAY7bR4AaABAg,2026-08-05T20:00:26.646687+00:00
UgwkaKuS9uJNseeZ_Uh4AaABAg,@colinmacdonald5732,UC6Eh5Irih71PKZuUUES3r9w,Climate Change,climate change,Straight I can tell you that young people are NOT more susceptible to COVID.  And for every heat related death there are 5 to 10 cold deaths.  So no climate emergency then.,2026-06-29T22:46:22Z,2026-06-29T22:46:22Z,0,0,TqwwlCIQP-I,Is climate change as bad for our health as COVID-19?,Simon Clark,15,https://www.youtube.com/watch?v=TqwwlCIQP-I&lc=UgwkaKuS9uJNseeZ_Uh4AaABAg,2026-08-05T20:00:26.763784+00:00
UgwT8ROa6KWd62aCmg94AaABAg,@GianmarcoSoresi,UCCYWagpWEequTwx61dYGT0w,Climate Change,climate change,"Join my email list to get notified when I'm coming to your city! Join at GIANMARCOSORESI.COM

Upcoming shows 👇

June 4-6 • Royal Oak, MI
June 10 • East Providence, RI
June 18-20 • Bloomington, IN
July 1-3 • Wilmington, NC
July 10 • Chicago, IL
July 18 • Fire Island, NY
Aug 7 • Honolulu, HI",2026-05-06T16:21:46Z,2026-05-06T16:21:46Z,115,3,sVDCN1PyKrw,Joking about climate change for a futile cause ❄️🌎🤣 | Gianmarco Soresi | Stand Up Comedy,Gianmarco Soresi,16,https://www.youtube.com/watch?v=sVDCN1PyKrw&lc=UgwT8ROa6KWd62aCmg94AaABAg,2026-08-05T20:00:27.007504+00:00
UgwHCttDwRRV1-tHsUB4AaABAg,@OwnTwoFeetRecords,UCScK4fLBfAUZcMib8rbSMFg,Climate Change,climate change,Curse of the colonizers.,2026-07-03T18:30:13Z,2026-07-03T18:30:13Z,0,0,KXgAzTdAxJ4,Climate change reality check,ABC News,17,https://www.youtube.com/watch?v=KXgAzTdAxJ4&lc=UgwHCttDwRRV1-tHsUB4AaABAg,2026-08-05T20:00:27.234154+00:00
UgwZMCKfGLns1VWr27N4AaABAg,@EnglishSpeakingSuccess,UCiVm8XcbwS8-pcDEa5lFXIA,Climate Change,climate change,"😃 If you want to improve your English Fluency, try this: Fluency for IELTS Speaking, offer here: https://keith-speaking-academy.teachable.com/p/fluency-in-english/
👍If you are preparing for IELTS, try this: IELTS Speaking Success - Get a Band 7+, discount here: https://keith-speaking-academy.teachable.com/p/ielts-speaking-success-get-a-band-7
🤩 Bundle of 3 courses, with discount here: keith-speaking-academy.teachable.com/p/3-course-bundle
🎁  Download my free e-book: 10 MOST COMMON MISTAKES IN IELTS SPEAKING: https://keithspeakingacademy.com/sign-up-download-10-mistakes-fb/",2021-11-25T16:53:23Z,2023-11-17T22:55:49Z,63,4,vjZnUl3OkCI,How to talk about CLIMATE CHANGE in English,English Speaking Success,18,https://www.youtube.com/watch?v=vjZnUl3OkCI&lc=UgwZMCKfGLns1VWr27N4AaABAg,2026-08-05T20:00:27.492978+00:00
Ugy2tm3_TPi1eVHnnrV4AaABAg,@Lilian_10,UCPM0DnhndKsyDq1j-IQK3zg,Climate Change,climate change,"0:58 in case anyone is wondering, when I was studying for my geography exam recently, I discovered that the usage of coal in the UK in 2025 was 0% – just some optimism during the exam period!",2026-06-11T17:49:48Z,2026-06-11T17:49:48Z,10,2,MxS4pMc2O2Y,"GCSE Chemistry Revision ""Climate Change""",Freesciencelessons,19,https://www.youtube.com/watch?v=MxS4pMc2O2Y&lc=Ugy2tm3_TPi1eVHnnrV4AaABAg,2026-08-05T20:00:27.701096+00:00
Ugy85xIC3a9HHcO7lyp4AaABAg,@IbakordorSuting-s6t,UC68hBp93M_7OQQIN-RHR7eQ,Climate Change,climate change,Haha toff toff lyrics 😂,2026-08-05T14:56:27Z,2026-08-05T14:56:27Z,0,0,20ZobQJjdX4,CLIMATE CHANGE HAKA SHI LOK// daddy goh goh ⚡⚡,Riban Lyngdoh,20,https://www.youtube.com/watch?v=20ZobQJjdX4&lc=Ugy85xIC3a9HHcO7lyp4AaABAg,2026-08-05T20:00:28.025340+00:00
UgyAzVNa-Fuc4pv3U3l4AaABAg,@BBCWorldService,UCQXHTFnQYFTqN0MqmNh9EIA,Climate Change,climate change,Click here to subscribe to our channel 👉🏽 https://bbc.in/3VyyriM,2025-12-01T14:20:51Z,2025-12-01T14:20:51Z,6,1,bsBG2jEZApI,"How are doctors dealing with climate change? - The Climate Question podcast, BBC World Service",BBC World Service,21,https://www.youtube.com/watch?v=bsBG2jEZApI&lc=UgyAzVNa-Fuc4pv3U3l4AaABAg,2026-08-05T20:00:28.225901+00:00
UgxPBEDrKpwizurWjLZ4AaABAg,@markduggan3451,UCcCeLAl2azj-DRjAKbTz6eA,Climate Change,climate change,Who would be offended by your comedy.,2026-03-25T10:49:38Z,2026-03-25T10:49:38Z,2,0,sHF9X-KFUrQ,Climate Change Gets the Carr Treatment | Jimmy Carr,Jimmy Carr,23,https://www.youtube.com/watch?v=sHF9X-KFUrQ&lc=UgxPBEDrKpwizurWjLZ4AaABAg,2026-08-05T20:00:28.454583+00:00
Ugx11AawtsBopItydc54AaABAg,@BBCWorldService,UCQXHTFnQYFTqN0MqmNh9EIA,Climate Change,climate change,Click here to subscribe to our channel 👉🏽 https://bbc.in/3VyyriM,2026-06-25T12:35:09Z,2026-06-25T12:35:09Z,1,0,zQCbGGVRs6k,"Coffee? Chocolate? How climate change affects food - The Climate Question podcast, BBC World Service",BBC World Service,24,https://www.youtube.com/watch?v=zQCbGGVRs6k&lc=Ugx11AawtsBopItydc54AaABAg,2026-08-05T20:00:28.743075+00:00
Ugx23uBtE8oAEq9AETZ4AaABAg,@Dexter01992,UC_gweb6Y3hexV9OoTwW1ALA,Climate Change,climate change,"""Oh nice, more efficient, less polluting method? Great!

It means we can ramp up production so that we pollute even worse than before!""",2026-08-02T11:48:04Z,2026-08-02T11:48:04Z,0,0,BWHfkkHmMJI,The easiest climate change win ever,Simon Clark,25,https://www.youtube.com/watch?v=BWHfkkHmMJI&lc=Ugx23uBtE8oAEq9AETZ4AaABAg,2026-08-05T20:00:28.958511+00:00
Ugwu-OAosXROUkPwH-F4AaABAg,@hegantetamboktyanak6368,UCGMlz9YwxrzBaAMm2iPNZoA,Climate Change,climate change,"Until the power of love overcomes the love of power , we are stuffed",2026-07-19T22:13:36Z,2026-07-19T22:13:36Z,0,0,ckVZrqJ1bUc,"Climate Change: New Data, New Debate",Bulletin of the Atomic Scientists,26,https://www.youtube.com/watch?v=ckVZrqJ1bUc&lc=Ugwu-OAosXROUkPwH-F4AaABAg,2026-08-05T20:00:29.269527+00:00
Ugw9BwKNwPHslFO6TVd4AaABAg,@Grahzee1967,UC2CMHaabiFPNNk_6zKieMXg,Climate Change,climate change,"There is are no solutions, stop lying !!",2026-08-01T11:33:57Z,2026-08-01T11:33:57Z,0,0,2-YLcsEPpuE,Climate change fueled the 2026 snow drought,9NEWS,27,https://www.youtube.com/watch?v=2-YLcsEPpuE&lc=Ugw9BwKNwPHslFO6TVd4AaABAg,2026-08-05T20:00:29.405601+00:00
Ugxcl3t00uyUh-Kmalx4AaABAg,@sonyParida-j3z,UCdRT8tR3_8V4mf4eWDynOdQ,Climate Change,climate change,❤,2026-07-19T13:37:52Z,2026-07-19T13:37:52Z,1,0,7o3EFSFAEFM,Climate Change – MIND MAP ENVIRONMENT | Drishti IAS ENGLISH,Drishti IAS : English,28,https://www.youtube.com/watch?v=7o3EFSFAEFM&lc=Ugxcl3t00uyUh-Kmalx4AaABAg,2026-08-05T20:00:29.595136+00:00
UgyBcbHxjl83M7gjaZJ4AaABAg,@kenchance562,UCzHuWDp6fpH0SoKa_1hd8qQ,Climate Change,climate change,So people actually do care about climate change!!! 😂,2026-07-31T10:35:52Z,2026-07-31T10:35:52Z,0,0,tMwFNMfjFuU,What is Climate Change? Crash Course Geography #14,CrashCourse,29,https://www.youtube.com/watch?v=tMwFNMfjFuU&lc=UgyBcbHxjl83M7gjaZJ4AaABAg,2026-08-05T20:00:30.098027+00:00
UgyHsvWr5zNg4OFfNW94AaABAg,@PaulHBeckwith,UCr546o7ImhGM57qoY0hHvkA,Climate Change,climate change,"The Good, the Bad, and the Ugly: Ongoing Climate Change Acceleration and Impacts

Please donate to http://PaulBeckwith.net to support my research and videos connecting the dots on abrupt climate system mayhem.

Please subscribe to my YouTube channel. As well as my website, and YouTube, you can find me on Patreon, Facebook, Twitter/X, LinkedIn, Instagram, Reddit (multiple climate channels within), Quora, TikTok, Discord, Mastodon, Twitch, Vimeo, Bluesky, TruthSocial, Threads, Substack, Tumblr, Pinterest, etc...

References and Links:

UK Centre for Ecology and Hydrology: Thunderstorms don’t just appear out of thin air, say scientists
https://www.ceh.ac.uk/press/thunderstorms-dont-just-appear-out-thin-air-say-scientists?utm_source=bsky&utm_medium=social&utm_campaign=papers

Peer reviewed scientific paper from Nature Journal:
Wind shear enhances soil moisture influence on rapid thunderstorm growth
https://www.nature.com/articles/s41586-025-10045-7

Abstract
Convective storms can develop rapidly, creating hazards to local populations through intense precipitation, strong winds and lightning. The large-scale environment in which thunderstorms develop is often well captured in forecast systems, yet predicting where individual storms will initiate remains a fundamental challenge. It is known that differential heating driven by soil moisture (SM) patterns creates atmospheric circulations that favor convective initiation over drier soils, whereas wind shear between low and mid levels can enhance storm growth. Here we show that the most extreme initiations are especially favored over SM contrasts by means of an interaction with wind shear. Analyzing 2.2 million afternoon events across sub-Saharan Africa,
we find 68% more initiations classed as extreme given favorable (versus unfavorable) soil conditions, with greatest vertical storm growth occurring where SM-driven circulations oppose the direction of shear-induced cloud displacement. Developing clouds follow the mid-level wind direction and, where this opposes the low-level flow, rainfall is strongly correlated with locally drier soils. Although such shear conditions are particularly common over tropical north Africa, the effect favors negative SM–precipitation feedbacks globally. The combination of SM heterogeneity and
wind shear provides a potentially important source of predictability for where deep convection develops, particularly for the most rapidly developing thunderstorms.

Peer reviewed scientific paper from Nature Journal:
Climate shocks, not just warming, threaten malaria control efforts in Africa
https://www.nature.com/articles/d41586-026-00491-2?utm_source=facebook&utm_medium=social&utm_campaign=nature&linkId=59447186&fbclid=IwZXh0bgNhZW0CMTEAc3J0YwZhcHBfaWQMMzUwNjg1NTMxNzI4AAEe_Lv7Y-opVB29lvzPAL40Bx-ka4h8pELtE5J-SEJBw_Eh2VzFfxh7QAneBHw_aem_BBw19Z5qL1BYkENh0BLeJA&sfnsn=mo

Peer reviewed scientific paper from PNAS journal:
Accelerated north–east shift of the global green wave trajectory
https://www.pnas.org/doi/pdf/10.1073/pnas.2515835123

Article from Nature:
Climate change and geopolitics threaten water supplies — but disaster is not inevitable
https://www.nature.com/articles/d41586-026-00659-w

Article from Nature:
Rising temperatures pose a threat to tropical insects
https://www.nature.com/articles/d41586-026-00377-3

Article from Nature: 
Limited thermal tolerance in tropical insects and its genomic signature
https://www.nature.com/articles/s41586-026-10155-w

Peer reviewed scientific article from Nature journal:
Sea level much higher than assumed in most coastal hazard assessments
https://www.nature.com/articles/s41586-026-10196-1

Article from Nature:
US climate actions must continue, despite setbacks
https://www.nature.com/articles/d41586-026-00660-3

Article from Science journal:
Could dewdrops explain why plants are flowering earlier?
https://www.science.org/content/article/could-dewdrops-explain-why-plants-are-flowering-earlier

Peer reviewed article from Nature journal:
Global floating algae blooms are expanding
https://www.nature.com/articles/s41467-025-66822-5

Article from Nature:
Ocean heat forced West Antarctic Ice Sheet retreat after the Last Glacial Maximum
https://www.nature.com/articles/s41467-026-68949-5

Climate impacts from North American boreal forest fires
https://www.nature.com/articles/s41561-026-01940-3

Hairdressers seen as ‘everyday influencers’ in climate action study
https://www.muser.press/2026/03/03/hairdressers-influencers-climate-action/
https://www.nature.com/articles/s41599-026-06781-4

Please donate to http://PaulBeckwith.net to support my research and videos connecting the dots on abrupt climate system mayhem.

Please subscribe to my YouTube channel. As well as my website, and YouTube, you can find me on Patreon, Facebook, Twitter/X, LinkedIn, Instagram, Reddit (multiple climate channels within), Quora, TikTok, Discord, Mastodon, Twitch, Vimeo, Bluesky, TruthSocial, Threads, Substack, Tumblr, Pinterest, etc...",2026-03-06T00:14:17Z,2026-03-06T00:14:17Z,8,0,qYBRMGpp8ZI,"The Good, the Bad, and the Ugly: Ongoing Climate Change Acceleration and Impacts",Paul Beckwith,30,https://www.youtube.com/watch?v=qYBRMGpp8ZI&lc=UgyHsvWr5zNg4OFfNW94AaABAg,2026-08-05T20:00:30.323494+00:00
Ugx45jh94_Po2uQNeJZ4AaABAg,@FrankWhyteDaDon,UCakywIta5AjQsDenSnPOQnQ,Climate Change,climate change,When we set out to make a shoe we chose a shoe most people cant afford,2026-08-05T19:10:05Z,2026-08-05T19:10:05Z,0,0,7Ewg4Ws1zc0,“I’m F—-ing Terrified” - Economist REFUSED To Have Kids Over Climate Change,Valuetainment,31,https://www.youtube.com/watch?v=7Ewg4Ws1zc0&lc=Ugx45jh94_Po2uQNeJZ4AaABAg,2026-08-05T20:00:30.481543+00:00
UgxisHV5zo6JtjPi88d4AaABAg,@amiava4213,UCG6A7AW8wew3QdhAo3PVP3A,Climate Change,climate change,"Isn’t this glorious?

South Australians urged to consider occasional power outages to curb costs.

By Malcolm Sutton, the ABC

With yet another power price hike in the works this year, an energy technology expert warns South Australians may need to consider tolerating the occasional blackout for the sake of cheaper power.

Daniel Rossetto is an expert in global environmental and energy commodity markets at Adelaide University.

He called upon Australians to have a conversation about accepting less reliable energy, or making concessions elsewhere, if it wants to bring down utility prices with any meaningful impact.

People have unrealistic expectations of having electricity working all the time, just say, like we used to for most of the last century. The problem is that it will cost a fortune to have reliable back up power to cover every last contingency. (Because giant infrastructure will be sitting around all year doing nothing, just waiting for that half-hour when it’s needed. Who thought that would be cheap?).

Watch the pea here in the paragraph below — we used to have two of the three major priorities, then we added number three, and now we have none:

He said there were “basically three major policy priorities” when it came to energy, and it was currently impossible to achieve all three for electricity.

“One is affordability, another is sustainability, and third is security, or reliability,” he said.

Righto. So, it’s possible to have affordable electricity and reliable electricity but not (gasp) renewable energy at the same time? Well, why didn’t you just say so, and fifteen years ago would have been handy.

This is Olympic level spin:

“We end up prioritizing reliability by default, and sometimes also sustainability with renewables and things like that, without necessarily thinking about affordability,” Dr. Rossetto said.

“But are we prepared to tolerate a slightly slower pace of decarbonization on electricity in the name of less expensive energy? Or are we prepared to take little more outage time in exchange for lower prices?”

In the end, you must remember how you are always the problem but forget how you used to have affordable and reliable electricity…

Thus, the great renewable-energy transition continues: First, electricity becomes more expensive. Then, reliability becomes an optional luxury. And finally, the public is blamed for expecting the power system to do what power systems used to do.",2026-07-27T18:05:36Z,2026-07-27T18:05:36Z,0,0,13a1hYovpvc,Worrying about climate change #jimmycarr #britishcomedy #standupcomedy,More Jimmy Carr,32,https://www.youtube.com/watch?v=13a1hYovpvc&lc=UgxisHV5zo6JtjPi88d4AaABAg,2026-08-05T20:00:30.599431+00:00
UgxuPfMN3uVHNrVbHJZ4AaABAg,@tom2659,UCuxJRGp688xJBIBwWQut_DA,Climate Change,climate change,"Typical “climate journalist”, not bothering to question whether extreme weather doom is upon us due to climate change, because “we already know it”.",2026-04-13T02:29:07Z,2026-04-13T02:29:07Z,0,0,ZhruqkPeJ6o,How to Make Climate Stories Impossible to Ignore | Katherine Dunn | TED,TED,33,https://www.youtube.com/watch?v=ZhruqkPeJ6o&lc=UgxuPfMN3uVHNrVbHJZ4AaABAg,2026-08-05T20:00:30.841553+00:00
UgwT-JzXGObPMP8lfaV4AaABAg,@Андрей-ш7и3ъ,UCpWJA6RXbyBWrDjRSGlJI6Q,Climate Change,climate change,We already bridged 2°C in 2026 😢,2026-08-05T18:30:41Z,2026-08-05T18:30:41Z,0,0,Vl6VhCAeEfQ,The Tipping Points of Climate Change — and Where We Stand | Johan Rockström | TED,TED,34,https://www.youtube.com/watch?v=Vl6VhCAeEfQ&lc=UgwT-JzXGObPMP8lfaV4AaABAg,2026-08-05T20:00:31.076674+00:00
Ugx11seHXpdg5yudTCF4AaABAg,@T.Ammiraju-wk1yx,UCqVN3xl4tq8Ay7VZ4lbY9sQ,Climate Change,climate change,😅😢😢😢😢😢😂😮😮😮😮😅😅😅😊😊cchhg chh eg hi BK,2026-08-03T06:12:59Z,2026-08-03T06:12:59Z,1,0,-QLOoa7TkoA,Climate Change Worksheets | 5th Class EVS Workbook Climate Change Worksheets | EVS New Syllabus,A2Z Academy,36,https://www.youtube.com/watch?v=-QLOoa7TkoA&lc=Ugx11seHXpdg5yudTCF4AaABAg,2026-08-05T20:00:31.270761+00:00
Ugy70zIDgtNCk2psYrV4AaABAg,@chriso847,UCzg2u0FKRxF9jyn7y19GWFg,Climate Change,climate change,"Great episode. The environment has been my main cause since I was a little kid and I’m 61 now. I drove the first Prius that was available. I drove the Chevy volt for 12 years. I now drive a Tesla model Y. And may buy an Atera solar powered car when it’s available. However, in talking to people who are on the opposite side of this issue. They pointed to the cost of electricity. This podcast bragged about the solar panel and batteries added in California. But all of us see in California is incredibly high electricity prices. I’m sure in Virginia where they’re still running on coal. Their electricity is cheaper that you’re in California. I know most of that cost is because PG&E has to pay out for the wildfires. But what I want you both to understand is that you will never convince MAGA type people that solar and battery have arrived until you can demonstrate a drastically lower electric bill in California right now. Not 10 years from now. I can’t even afford to put solar panels on my house. Because the payback time takes too long. I’ll probably be dead by the time I break even. There’s so much regulation and permits that it’s cost prohibitive. California government and federal government need to get on board in a huge way just like they did in China to make this a reality that people can see in their wallets. I wish we could do a two hour episode on why the cost of electricity in California is the highest in the nation and continues to get higher every year even though podcast like these talk about all of the wonderful new solar, wind, and battery being added in California. What is the solution to this? Please help us here in California as we are dying with high electricity prices.",2026-08-05T17:18:55Z,2026-08-05T17:18:55Z,0,0,ogAZS7_RhhA,The Miracles (and Maddening Politics) of the Clean Energy Revolution | The Ezra Klein Show,The Ezra Klein Show,37,https://www.youtube.com/watch?v=ogAZS7_RhhA&lc=Ugy70zIDgtNCk2psYrV4AaABAg,2026-08-05T20:00:31.616859+00:00
UgwJFucmF4Pqk6gUS5p4AaABAg,@thewrongbike7709,UCJcEfpDc1u57Cc2uggNMkTw,Climate Change,climate change,"what is ""ten times cheaper""?  I understand ""ten times more expensive"" (price X 10). I understand ""one tenth of the price"" (price/10), but price X -10?

And still, no one is talking about bicycles.",2026-05-30T12:48:57Z,2026-05-30T12:50:09Z,0,0,vUA1kFSJnYQ,Fixing climate change is about to accelerate,Simon Clark,38,https://www.youtube.com/watch?v=vUA1kFSJnYQ&lc=UgwJFucmF4Pqk6gUS5p4AaABAg,2026-08-05T20:00:31.890187+00:00
UgxYXrTXctqzWWkwmZF4AaABAg,@kurzgesagt,UCsXVk37bltHxD1rDPwtNM8Q,Climate Change,climate change,"You want to learn more about science? Check out our sciency products on the kurzgesagt shop – all designed with love and produced with care. 
Getting something from the kurzgesagt shop is the best way to support us and to keep our videos free for everyone. 
►► https://kgs.link/shop-159     
(Worldwide Shipping Available)",2022-04-05T11:59:59Z,2023-02-26T13:05:57Z,8472,387,LxgMdjyw8uw,We WILL Fix Climate Change!,Kurzgesagt – In a Nutshell,39,https://www.youtube.com/watch?v=LxgMdjyw8uw&lc=UgxYXrTXctqzWWkwmZF4AaABAg,2026-08-05T20:00:32.250426+00:00
UgyTNWzqe47NnYE3nad4AaABAg,@amiava4213,UCG6A7AW8wew3QdhAo3PVP3A,Climate Change,climate change,"Isn’t this glorious?

India to Climate Cartel: Count Us Out! – ‘Explicit rejection of global net zero movement…has walked away from its bid to host UN’s COP33’

By Vijay Jayaraj

Excerpt: Sometimes a story gets buried not because editors conspire against it, but because the news cycle has room for only one crisis at a time. This year the big news has been the Iran war. But even accounting for competing headlines, the silence around a genuinely consequential development is telling.

And that is the story of India’s explicit rejection of the global net zero movement. India has walked away from its bid to host the COP33 UN climate conference, and the world’s climate press has treated it as a footnote rather than the signal it is.

India had spent years projecting a rising voice in the development of climate policy, and hosting a COP33 is the closest thing the bureaucracy has to a coronation. Then, quietly, without public explanation, India withdrew its offer. No press conference. No elaboration. Just a government stepping back from a role for which it auditioned for years.

The truth is India has run the numbers on the cost of a net-zero energy transition for a population of 1.4 billion climbing out of poverty, and it does not like what it sees. The notion that India should shackle its economy by adhering to restrictive climate policies, while its people still grapple with energy deficits, is illogical and morally indefensible.",2026-08-04T13:12:28Z,2026-08-04T13:12:28Z,0,0,CvkbQ725axQ,Climate Change Is Already Affecting Your Health. Here's What We Can Do.,Carnegie Endowment,40,https://www.youtube.com/watch?v=CvkbQ725axQ&lc=UgyTNWzqe47NnYE3nad4AaABAg,2026-08-05T20:00:32.409304+00:00
Ugz1bLm7RVwiYcfUKLV4AaABAg,@Jimfargo1997,UCFUOvP9gjXk3fcp79tZ02fA,Climate Change,climate change,Im 30 and live in Wisconsin and remember when we used to have winter when I was a kid. Doesn't take a mf scientist to see climate change is real,2026-08-05T13:39:16Z,2026-08-05T13:39:16Z,0,0,vy-P6C2F0Wg,JUST IN: Sheldon Whitehouse And Ron Johnson Get Into Climate Change Debate On Senate Floor,Forbes Breaking News,2,https://www.youtube.com/watch?v=vy-P6C2F0Wg&lc=Ugz1bLm7RVwiYcfUKLV4AaABAg,2026-08-05T20:00:23.763926+00:00
UgwSYaHowH-tgEWWX2d4AaABAg,@KingDavid_777,UCAFCNjddzw_L31WbR3AG1Wg,Climate Change,climate change,"If climate change were real, banks & billionaires would never buy beach front properties that will inevitably be underwater.",2026-07-21T00:05:13Z,2026-07-21T00:05:13Z,1,0,nwzIpxPsy2E,Record heatwave 'impossible' without climate change #weather #heatwave #climatechange,ITV News,3,https://www.youtube.com/watch?v=nwzIpxPsy2E&lc=UgwSYaHowH-tgEWWX2d4AaABAg,2026-08-05T20:00:24.023614+00:00
UgwZmeemyMztYKpA1yh4AaABAg,@kimballhutchinson2351,UC7Pm1ncDCQC0-mMM3tNOeEQ,Climate Change,climate change,I used to think a summer in the high twenties was too much. Now I just hope that’s all it is. We’re literally watching it happen in real time yet there are many who refuse to believe what they see. Yet they will cling on to beliefs that they can see no evidence of because those beliefs don’t scare them or inconvenience them. We’re going to hell in a basket made of denial and dreams.,2026-08-05T12:02:37Z,2026-08-05T12:02:37Z,0,0,Rl80Rzbpjx8,Witnessing the Impact of Climate Change,RAZOR Science Show,4,https://www.youtube.com/watch?v=Rl80Rzbpjx8&lc=UgwZmeemyMztYKpA1yh4AaABAg,2026-08-05T20:00:24.129323+00:00
Ugwy5IST1_hLUMrx0ut4AaABAg,@MyrtGyrt,UCejRRH8jkbzHC_BKZ-JfofQ,Climate Change,climate change,That’s really interesting!  Thank you    for the informative videos,2026-08-05T19:40:21Z,2026-08-05T19:40:21Z,0,0,ba4xQVyxfyg,How Climate Change is Impacting Cape Cod’s Sharks #animals #evolution #learning #ocean #science,Zeke Darwin,5,https://www.youtube.com/watch?v=ba4xQVyxfyg&lc=Ugwy5IST1_hLUMrx0ut4AaABAg,2026-08-05T20:00:24.232629+00:00
Ugxfp17_3gw8ie_GPEl4AaABAg,@Cyrus-p9i,UCOGgP9M9m8zm33FAag1fCVQ,Climate Change,climate change,"Climate is about change across a massive arc of time.  Weather is anecdotal biases.  I remember 1976 too and it was overwhelmingly seen as positive, lovely to have a hot summer.  Sure the infrastructure was not up to it and a dozen other typically British issues but the public were positive.  Compare that to today where ever ounce of negativity can be extracted from a positive by the chicken lickens of the world, united in their clucking negativity.",2026-07-08T06:21:15Z,2026-07-08T06:21:15Z,1,0,DOPcMMZ6FHU,1976 was an outlier. This isn't. ☀️ #summer #sun #climatechange #physics #nature,The Royal Society,6,https://www.youtube.com/watch?v=DOPcMMZ6FHU&lc=Ugxfp17_3gw8ie_GPEl4AaABAg,2026-08-05T20:00:24.401400+00:00
UgwsICEjJCL9SGb0NZd4AaABAg,@JayPar-b1d9t,UCcbFWrXxWxMEtDy-H--7VAw,Climate Change,climate change,Its data centres creating excessive heat. Common sense says so when you realise the scale it already is 👍,2026-08-05T09:08:28Z,2026-08-05T09:08:28Z,0,0,LterhtcxtIk,“The End Of The WORLD?” | UK Food Shortages Warning as Drought Hits Farmers Due To Extreme Heat,TalkTV,7,https://www.youtube.com/watch?v=LterhtcxtIk&lc=UgwsICEjJCL9SGb0NZd4AaABAg,2026-08-05T20:00:24.763112+00:00
UgwdqA9mDTGcozjS5MZ4AaABAg,@alistairclark4917,UCzRTp201QcjTtBJ4sDFhYfg,Climate Change,climate change,So little science in this post.  Mostly just appeals to emotion.  Had high hopes of something interesting with the title and the hosts introduction.  It’s the first video I’ve seen from this guy.  Maybe I’m being a bit harsh as I can see he’s posted a lot more.  Is there a video in his back catalogue that describes his position on climate change and solutions that would better represent his scientific position.,2026-08-01T12:35:06Z,2026-08-01T12:35:06Z,0,0,LwQyYPjm3rg,Climate Change is Destroying Lives... Now,ClimateAdam,8,https://www.youtube.com/watch?v=LwQyYPjm3rg&lc=UgwdqA9mDTGcozjS5MZ4AaABAg,2026-08-05T20:00:24.943245+00:00
Ugyw1K9FyCS6kQAPj3N4AaABAg,@hoanghelen3208,UCgvs4MlO9r3SmWCFxmEn9Dw,Climate Change,climate change,i like this vedio-child,2026-07-15T09:49:28Z,2026-07-15T09:49:28Z,0,0,myZAvqqp9Jc,Climate Change: How does it really work? | ClimateScience #1,ClimateScience - Solve Climate Change,9,https://www.youtube.com/watch?v=myZAvqqp9Jc&lc=Ugyw1K9FyCS6kQAPj3N4AaABAg,2026-08-05T20:00:25.254274+00:00
Ugxn2AX0wPjtJv4rOtx4AaABAg,@JanZamani,UCTG3NdZjNrkZ8Fr3YSyHkFQ,Climate Change,climate change,Farmers are struggling with climate change yet all voting reform...,2026-06-26T09:46:32Z,2026-06-26T09:46:32Z,0,0,wmYcLgSLpUQ,Jeremy Clarkson says farming has given him a new perspective on the changing climate.,Times News,10,https://www.youtube.com/watch?v=wmYcLgSLpUQ&lc=Ugxn2AX0wPjtJv4rOtx4AaABAg,2026-08-05T20:00:25.503865+00:00
UgwizG8GUch2euHuH454AaABAg,@Nanakuli89,UC-IloP5NU99xprFkAer3ZBA,Climate Change,climate change,Climate change is a bunch of BS,2026-06-03T07:01:28Z,2026-06-03T07:01:28Z,0,1,vM6SRQqyvWc,Climate change is fueling more extreme weather,Associated Press,11,https://www.youtube.com/watch?v=vM6SRQqyvWc&lc=UgwizG8GUch2euHuH454AaABAg,2026-08-05T20:00:25.713846+00:00
UgyECYEnwdp7vklTa1V4AaABAg,@stuartgaley-o4b,UCPf7RFH5Mtov_oCc4G_21fA,Climate Change,climate change,"Very clever and articulately put. Unfortunately after being very reasonable introduction this talk wanders into cherry picked data that are does not represent the IPCC's findings and crucially misses tipping points entirely. Linear reactions don't work when the paradigm changes. The fact it was given to the converted speaks volumes, even more so having been in BP. Blown Planet as it known now. If you haven't been outside recently it is devilshly hot and dry almost everywhere. Its here. Now. And this is the best it will be. Pity his children if he has any when they see his untruths.",2026-08-05T17:32:46Z,2026-08-05T17:32:46Z,0,0,nl__O_QGIR4,What Climate Science Actually Says vs. What You've Been Told It Says,Alliance for Responsible Citizenship,12,https://www.youtube.com/watch?v=nl__O_QGIR4&lc=UgyECYEnwdp7vklTa1V4AaABAg,2026-08-05T20:00:26.210554+00:00
Ugzy62qc3VX0uSjFKnp4AaABAg,@SultansOfFilm,UCCSInwFy0WTtPbqJB4qTHNw,Climate Change,climate change,"Damn, IQ in this Comment section is below zero. The fact that we are in a ""cool Period"" is the very proof that climate change exists, as the temperatures are the hottest ever recorded, even without a ""heat period"", that somebody can still call climate change a hoax in 2026 with the biggest Wildfires this Planet has seen is unbelievable",2026-07-28T15:46:45Z,2026-07-28T15:46:45Z,1,0,fNw-b8yA1xU,Joe Rogan schools Bernie Sanders on climate change,News24,13,https://www.youtube.com/watch?v=fNw-b8yA1xU&lc=Ugzy62qc3VX0uSjFKnp4AaABAg,2026-08-05T20:00:26.444442+00:00
UgyRkxn2WIGpmeAUp2J4AaABAg,@philwilliams953,UCLR1cFMfHbaJHW3eKc40vNQ,Climate Change,climate change,"Very strange comment thread. People seen to be clutching at any cause for the wildfires and the current drought, other than the one cited by the people who actually study this subject and look at the data.
Interesting that Frost is a director of the IEA, which has received money from BP. Thinktanks are a perfect opportunity for corporations to access political parties. In fact, it's difficult to see where this particular organisation ends and the Tory party begins.",2026-08-05T16:42:14Z,2026-08-05T16:42:14Z,0,0,8FFrQ2PvKJQ,Lord Frost vs Tim Stanley: How the Right is getting climate change wrong | The Daily T,The Telegraph,14,https://www.youtube.com/watch?v=8FFrQ2PvKJQ&lc=UgyRkxn2WIGpmeAUp2J4AaABAg,2026-08-05T20:00:26.646687+00:00
UgyeBjKtySWo3z2i-xV4AaABAg,@Breatropolitan,UCYtaofKH1POMUvvhwPQXnvQ,Climate Change,climate change,"Hotter and wetter summers would mean more mosquitos.
And mosquitos alone would cost more human lives than heatstrokes from all heat waves.

For starters, imagine Europe having to worry about malaria outbreaks every summer.",2026-06-28T18:04:00Z,2026-06-28T18:04:00Z,0,0,TqwwlCIQP-I,Is climate change as bad for our health as COVID-19?,Simon Clark,15,https://www.youtube.com/watch?v=TqwwlCIQP-I&lc=UgyeBjKtySWo3z2i-xV4AaABAg,2026-08-05T20:00:26.763784+00:00
UgygVqwwPBxBVPbYTgt4AaABAg,@thebiggestcauldron,UCtOMQbcEU8yrk8kqmFuDP2A,Climate Change,climate change,"The jab at AOC is a bit undeserved. To ""Tax the rich"" is a big part of the solution and she used the gala to spread the idea.",2026-06-11T09:53:17Z,2026-06-11T09:53:17Z,0,0,sVDCN1PyKrw,Joking about climate change for a futile cause ❄️🌎🤣 | Gianmarco Soresi | Stand Up Comedy,Gianmarco Soresi,16,https://www.youtube.com/watch?v=sVDCN1PyKrw&lc=UgygVqwwPBxBVPbYTgt4AaABAg,2026-08-05T20:00:27.007504+00:00
UgznTsPrLHggmnvOEzt4AaABAg,@davidhales8799,UC_MB45H-uXwuWQkBAiMSb6g,Climate Change,climate change,Well the un climate mob says that we've overplayed the climate scam.,2026-05-24T02:38:17Z,2026-05-24T02:38:17Z,0,0,KXgAzTdAxJ4,Climate change reality check,ABC News,17,https://www.youtube.com/watch?v=KXgAzTdAxJ4&lc=UgznTsPrLHggmnvOEzt4AaABAg,2026-08-05T20:00:27.234154+00:00
UgxS-xkzq4h5d6WxK4R4AaABAg,@dcopkt11,UCHwiGPA_cGagJlwCNeOXWFg,Climate Change,climate change,but his hair...,2026-07-12T14:06:21Z,2026-07-12T14:06:21Z,1,0,vjZnUl3OkCI,How to talk about CLIMATE CHANGE in English,English Speaking Success,18,https://www.youtube.com/watch?v=vjZnUl3OkCI&lc=UgxS-xkzq4h5d6WxK4R4AaABAg,2026-08-05T20:00:27.492978+00:00
UgyegSfhwP9CaK9JYoB4AaABAg,@cow4101,UCEln4swJK0DScZFGrP7-SdA,Climate Change,climate change,2026 gcse chemistry grade 9 here we come,2026-06-11T15:40:20Z,2026-06-11T15:40:20Z,47,5,MxS4pMc2O2Y,"GCSE Chemistry Revision ""Climate Change""",Freesciencelessons,19,https://www.youtube.com/watch?v=MxS4pMc2O2Y&lc=UgyegSfhwP9CaK9JYoB4AaABAg,2026-08-05T20:00:27.701096+00:00
UgzLK_eKT2BouDRYfop4AaABAg,@PLyngdoh-q3q,UC92L3A2Zv5W-VZhGmaKVt5w,Climate Change,climate change,👍👍👍👍👍🥰🫶💯💯❤️❤️❤️🙂🙂,2026-08-05T12:01:30Z,2026-08-05T12:01:30Z,0,0,20ZobQJjdX4,CLIMATE CHANGE HAKA SHI LOK// daddy goh goh ⚡⚡,Riban Lyngdoh,20,https://www.youtube.com/watch?v=20ZobQJjdX4&lc=UgzLK_eKT2BouDRYfop4AaABAg,2026-08-05T20:00:28.025340+00:00
UgzhOI6Gm49tP0bo8uB4AaABAg,@nikkiheart5046,UCFP9sxHTlzn1JnDPaT2hNHw,Climate Change,climate change,"As a nurse,  thank you mam for appreciating us …",2026-08-03T14:59:22Z,2026-08-03T14:59:22Z,0,0,bsBG2jEZApI,"How are doctors dealing with climate change? - The Climate Question podcast, BBC World Service",BBC World Service,21,https://www.youtube.com/watch?v=bsBG2jEZApI&lc=UgzhOI6Gm49tP0bo8uB4AaABAg,2026-08-05T20:00:28.225901+00:00
UgwPBSS07mNHtMStIp94AaABAg,@DropTheMyc,UC7wdPhgYcJpt-ZeM8I6w6Iw,Climate Change,climate change,WOW JIMMY IS SO SMART 🤯that's exactly what the government did they changed it from global warming to climate change to push the fear..,2026-03-25T04:06:12Z,2026-03-25T04:06:12Z,2,0,sHF9X-KFUrQ,Climate Change Gets the Carr Treatment | Jimmy Carr,Jimmy Carr,23,https://www.youtube.com/watch?v=sHF9X-KFUrQ&lc=UgwPBSS07mNHtMStIp94AaABAg,2026-08-05T20:00:28.454583+00:00
UgyMUAJnvoE7OFdVb0x4AaABAg,@xiaofeixue3182,UC_2RHupb51aJx29KBYIDmag,Climate Change,climate change,"learn a lot from this episode, thanks.",2026-07-23T04:20:18Z,2026-07-23T04:20:18Z,0,0,zQCbGGVRs6k,"Coffee? Chocolate? How climate change affects food - The Climate Question podcast, BBC World Service",BBC World Service,24,https://www.youtube.com/watch?v=zQCbGGVRs6k&lc=UgyMUAJnvoE7OFdVb0x4AaABAg,2026-08-05T20:00:28.743075+00:00
Ugwhiq1FnyKu7Egyta54AaABAg,@B0jangle5,UCXZEqhOIL1FZtWFR36KNC2Q,Climate Change,climate change,Never thought I'd be watching a video of renowned science communicator Simon Clark liberating methane in Italy,2026-07-30T20:28:10Z,2026-07-30T20:28:10Z,0,0,BWHfkkHmMJI,The easiest climate change win ever,Simon Clark,25,https://www.youtube.com/watch?v=BWHfkkHmMJI&lc=Ugwhiq1FnyKu7Egyta54AaABAg,2026-08-05T20:00:28.958511+00:00
UgzoPu_XHOxN_Ngs-C94AaABAg,@RidgeWalker-jw1rr,UCS3q_QAqXDLQAOMdczOcCoA,Climate Change,climate change,"Scientists just should present the worst case scenario and let the media freak out. It doesn't matter whether they publish conservative or moderate views on climate change, every oil executive and every politician in their pocket will push back, so just put out the worst case",2026-07-15T12:40:07Z,2026-07-15T12:40:42Z,0,0,ckVZrqJ1bUc,"Climate Change: New Data, New Debate",Bulletin of the Atomic Scientists,26,https://www.youtube.com/watch?v=ckVZrqJ1bUc&lc=UgzoPu_XHOxN_Ngs-C94AaABAg,2026-08-05T20:00:29.269527+00:00
UgwCPC21hUiXlsYidN54AaABAg,@Grahzee1967,UC2CMHaabiFPNNk_6zKieMXg,Climate Change,climate change,"I am surprised  this did not happen a decade ago.
80% human  extinction  by 2030 is irreversible",2026-08-01T11:33:18Z,2026-08-01T11:33:18Z,0,0,2-YLcsEPpuE,Climate change fueled the 2026 snow drought,9NEWS,27,https://www.youtube.com/watch?v=2-YLcsEPpuE&lc=UgwCPC21hUiXlsYidN54AaABAg,2026-08-05T20:00:29.405601+00:00
UgwmcAQFJOLFal-8Sqx4AaABAg,@KssfKigg,UCujFtEdFwUStvNRs6Q0EIaA,Climate Change,climate change,Very high quality explanation.,2025-08-28T01:38:14Z,2025-08-28T01:38:14Z,0,1,7o3EFSFAEFM,Climate Change – MIND MAP ENVIRONMENT | Drishti IAS ENGLISH,Drishti IAS : English,28,https://www.youtube.com/watch?v=7o3EFSFAEFM&lc=UgwmcAQFJOLFal-8Sqx4AaABAg,2026-08-05T20:00:29.595136+00:00
UgxEetb-XZWzvIbwyY54AaABAg,@OliveOchoaa,UCrZcNVjOQQH172Aww91wSUg,Climate Change,climate change,I can’t believe how much I learned in one video!,2026-01-06T13:42:21Z,2026-01-06T13:42:21Z,0,0,tMwFNMfjFuU,What is Climate Change? Crash Course Geography #14,CrashCourse,29,https://www.youtube.com/watch?v=tMwFNMfjFuU&lc=UgxEetb-XZWzvIbwyY54AaABAg,2026-08-05T20:00:30.098027+00:00
Ugw97IOIcGRCIc1Ur0R4AaABAg,@wifinomad8105,UCF4qmPkjj_nyHpKwH6tH6bg,Climate Change,climate change,Very interesting to watch your vids,2026-05-11T20:22:33Z,2026-05-11T20:22:33Z,0,0,qYBRMGpp8ZI,"The Good, the Bad, and the Ugly: Ongoing Climate Change Acceleration and Impacts",Paul Beckwith,30,https://www.youtube.com/watch?v=qYBRMGpp8ZI&lc=Ugw97IOIcGRCIc1Ur0R4AaABAg,2026-08-05T20:00:30.323494+00:00
Ugz8S5yx79leZwlt3KN4AaABAg,@FrankWhyteDaDon,UCakywIta5AjQsDenSnPOQnQ,Climate Change,climate change,This guys a looney toon,2026-08-05T19:07:47Z,2026-08-05T19:07:47Z,0,0,7Ewg4Ws1zc0,“I’m F—-ing Terrified” - Economist REFUSED To Have Kids Over Climate Change,Valuetainment,31,https://www.youtube.com/watch?v=7Ewg4Ws1zc0&lc=Ugz8S5yx79leZwlt3KN4AaABAg,2026-08-05T20:00:30.481543+00:00
UgyPG0s-bIrXzmsOM_h4AaABAg,@celestaronin,UClShOsRXiAJdzovaXHNLK6A,Climate Change,climate change,"Planets temp has been rising and lowering for 100s of thousands of years no such thing as global warming and ""IF"" IT WAS REAL these rich fucks wouldnt be buying penthouse sweets in florida beach when technically according to ""climate change"" they would all be under water in 20 years!!! dumbasses! Only problem with this planet is fucking humans. 🐇",2026-07-26T00:15:50Z,2026-07-26T00:15:50Z,0,0,13a1hYovpvc,Worrying about climate change #jimmycarr #britishcomedy #standupcomedy,More Jimmy Carr,32,https://www.youtube.com/watch?v=13a1hYovpvc&lc=UgyPG0s-bIrXzmsOM_h4AaABAg,2026-08-05T20:00:30.599431+00:00
Ugz52A1K__oTus8ZjRd4AaABAg,@Halofriend-u3m,UCHmGDdcaRE2aMGixOeQQUzA,Climate Change,climate change,This was very good. The ideas about making climate stories more unforgettable really got me thinking about how we communicate important issues.,2026-04-05T18:30:15Z,2026-04-05T18:30:15Z,0,0,ZhruqkPeJ6o,How to Make Climate Stories Impossible to Ignore | Katherine Dunn | TED,TED,33,https://www.youtube.com/watch?v=ZhruqkPeJ6o&lc=Ugz52A1K__oTus8ZjRd4AaABAg,2026-08-05T20:00:30.841553+00:00
UgwF6IXIEdu-5YU-3AF4AaABAg,@mickgatz214,UCypXrWj8q-XHvKwwpeKSG8Q,Climate Change,climate change,Exciting climate events coming... 😂,2026-08-05T17:21:50Z,2026-08-05T17:21:50Z,0,0,Vl6VhCAeEfQ,The Tipping Points of Climate Change — and Where We Stand | Johan Rockström | TED,TED,34,https://www.youtube.com/watch?v=Vl6VhCAeEfQ&lc=UgwF6IXIEdu-5YU-3AF4AaABAg,2026-08-05T20:00:31.076674+00:00
UgzoUjcs-w0_dXQYWPR4AaABAg,@scottmasters8159,UChZJcOzzb4ZAAMYr9MGpR7A,Climate Change,climate change,"Coming from Sydney Australia, our electricity is absolutely not free during the day. I'm not aware on anywhere in the country where that is true.",2026-08-05T09:36:01Z,2026-08-05T09:36:01Z,0,0,ogAZS7_RhhA,The Miracles (and Maddening Politics) of the Clean Energy Revolution | The Ezra Klein Show,The Ezra Klein Show,37,https://www.youtube.com/watch?v=ogAZS7_RhhA&lc=UgzoUjcs-w0_dXQYWPR4AaABAg,2026-08-05T20:00:31.616859+00:00
UgxOpDoV_2su7iLhbTl4AaABAg,@konstantinlozev2272,UCDGVO6IG4AL9HJn8O351BPw,Climate Change,climate change,Make it cheaper and everyone will flock to it.,2026-05-29T17:16:21Z,2026-05-29T17:16:21Z,0,0,vUA1kFSJnYQ,Fixing climate change is about to accelerate,Simon Clark,38,https://www.youtube.com/watch?v=vUA1kFSJnYQ&lc=UgxOpDoV_2su7iLhbTl4AaABAg,2026-08-05T20:00:31.890187+00:00
UgwfqjkDFawTKeNDC-N4AaABAg,@Starrynights-xyz,UChwkSwx4BwLy4KayDuirMhg,Climate Change,climate change,Are we sure🫩✌💔,2026-08-05T19:22:19Z,2026-08-05T19:22:19Z,0,0,LxgMdjyw8uw,We WILL Fix Climate Change!,Kurzgesagt – In a Nutshell,39,https://www.youtube.com/watch?v=LxgMdjyw8uw&lc=UgwfqjkDFawTKeNDC-N4AaABAg,2026-08-05T20:00:32.250426+00:00
UgyXAiY5IEQdVCcWe4x4AaABAg,@paulhotson5820,UCYCocab5PMCwSPVwfyL8ZSQ,Climate Change,climate change,"Around 2200 to 1900 BCE, an abrupt climate change caused a widespread megadrought (a drought lasting over 10 years) across the Mediterranean, west Asia, the Indus River Valley, and northeast Africa Europe.This megadrought is known as the 4.2-kiloyear BP (4,200 years before present) 
Just history repeating!",2026-08-03T07:25:18Z,2026-08-03T07:25:18Z,0,0,CvkbQ725axQ,Climate Change Is Already Affecting Your Health. Here's What We Can Do.,Carnegie Endowment,40,https://www.youtube.com/watch?v=CvkbQ725axQ&lc=UgyXAiY5IEQdVCcWe4x4AaABAg,2026-08-05T20:00:32.409304+00:00
UgyOUNxjMDVM2div0yF4AaABAg,@Springchicken25,UCdbia5G4AGaHQiWlbWecxVA,Climate Change,climate change,This is all he cares about. He is up on Capitol Hill at least once a week crying about it! CHINA IS POLLUTING THE AIR!!,2026-08-05T09:45:45Z,2026-08-05T09:45:45Z,0,0,vy-P6C2F0Wg,JUST IN: Sheldon Whitehouse And Ron Johnson Get Into Climate Change Debate On Senate Floor,Forbes Breaking News,2,https://www.youtube.com/watch?v=vy-P6C2F0Wg&lc=UgyOUNxjMDVM2div0yF4AaABAg,2026-08-05T20:00:23.763926+00:00
UgwwX-U0cEruyAgyG554AaABAg,@r.a.6459,UC-iZyFgOqC2almaVB2JBjLA,Climate Change,climate change,"Yet billionaires continue to fly in their private jets, emitting thousands of tons of methane into the atmosphere.

By 2100, expect +4°C warmer than preindustrial levels. By then, tens of millions of people would die every year from heat related events.

GREED will be the demise of our species.",2026-07-16T03:27:32Z,2026-07-16T03:27:32Z,0,0,nwzIpxPsy2E,Record heatwave 'impossible' without climate change #weather #heatwave #climatechange,ITV News,3,https://www.youtube.com/watch?v=nwzIpxPsy2E&lc=UgwwX-U0cEruyAgyG554AaABAg,2026-08-05T20:00:24.023614+00:00
UgzpGWADRVrVUhtGue14AaABAg,@wr3099,UCaW40XPOjsnB4of6I4UAvVg,Climate Change,climate change,Sorry that you wanted manmade level control on planet earth.,2026-08-05T12:01:24Z,2026-08-05T12:01:24Z,2,0,Rl80Rzbpjx8,Witnessing the Impact of Climate Change,RAZOR Science Show,4,https://www.youtube.com/watch?v=Rl80Rzbpjx8&lc=UgzpGWADRVrVUhtGue14AaABAg,2026-08-05T20:00:24.129323+00:00
Ugx_2TOdLVLCsuUYw5d4AaABAg,@tomcatchurches6705,UCfKfjW0nZcoO8JO83kVjSVA,Climate Change,climate change,"They literally eat anything. They've been caught with all sorts of nonsense in their bellies. Bc they'll eat anything, people need to be careful around them.",2026-08-05T19:38:00Z,2026-08-05T19:38:00Z,1,0,ba4xQVyxfyg,How Climate Change is Impacting Cape Cod’s Sharks #animals #evolution #learning #ocean #science,Zeke Darwin,5,https://www.youtube.com/watch?v=ba4xQVyxfyg&lc=Ugx_2TOdLVLCsuUYw5d4AaABAg,2026-08-05T20:00:24.232629+00:00
UgyA7Iry3n5snkcb_dx4AaABAg,@jeremytoms5163,UCp_TR2P-zW779CCZYkgiM0g,Climate Change,climate change,"The one thing I’ve noticed is that winters are nowhere near as severe as in the 70s and 80s. They don’t seem to be as cold,just wet. Also,where the hell have all the insects gone? I rode motorbikes in the 70s and 80s and you had to clean your visor and helmet of insects after every trip. Now,be lucky to have one insect a month. Theres just not the swarms of flying insects that there used to be.",2026-06-28T17:51:28Z,2026-06-28T17:51:28Z,1,0,DOPcMMZ6FHU,1976 was an outlier. This isn't. ☀️ #summer #sun #climatechange #physics #nature,The Royal Society,6,https://www.youtube.com/watch?v=DOPcMMZ6FHU&lc=UgyA7Iry3n5snkcb_dx4AaABAg,2026-08-05T20:00:24.401400+00:00
UgxEMXBqxeqFARNQQgR4AaABAg,@keithomelvena2354,UCE5OHQQRzpp4lWQhOzXIV7g,Climate Change,climate change,"Dumbest interview I've seem in a while. Is this broadcast for especially stupid people, by stupid people?  ""Weather? I thought it was climate?"" 
Um, for succesful growing you need rainfall during the growth phase, not winter!",2026-08-05T02:14:39Z,2026-08-05T02:14:39Z,1,0,LterhtcxtIk,“The End Of The WORLD?” | UK Food Shortages Warning as Drought Hits Farmers Due To Extreme Heat,TalkTV,7,https://www.youtube.com/watch?v=LterhtcxtIk&lc=UgxEMXBqxeqFARNQQgR4AaABAg,2026-08-05T20:00:24.763112+00:00
UgyfdLEXDItaiobQiTp4AaABAg,@alistairclark4917,UCzRTp201QcjTtBJ4sDFhYfg,Climate Change,climate change,Sounds like Japan has an aging population problem more than a climate problem.  Worth mentioning that more people die of cold than heat.,2026-08-01T12:17:30Z,2026-08-01T12:17:30Z,0,0,LwQyYPjm3rg,Climate Change is Destroying Lives... Now,ClimateAdam,8,https://www.youtube.com/watch?v=LwQyYPjm3rg&lc=UgyfdLEXDItaiobQiTp4AaABAg,2026-08-05T20:00:24.943245+00:00
UgwgGLnvMpiKP_wDq5R4AaABAg,@terenceiutzi4003,UCgtcNZDV-wnIIfxtKH8gUzg,Climate Change,climate change,"We have Changes in Solar radiance,  orbital excentisity,  and axial tilt that control our climate!",2026-07-12T13:40:44Z,2026-07-12T13:40:44Z,0,0,myZAvqqp9Jc,Climate Change: How does it really work? | ClimateScience #1,ClimateScience - Solve Climate Change,9,https://www.youtube.com/watch?v=myZAvqqp9Jc&lc=UgwgGLnvMpiKP_wDq5R4AaABAg,2026-08-05T20:00:25.254274+00:00
Ugzc9aSG-kPiRLijc6l4AaABAg,@tobydstreet,UCss4YrH96jB_HUgjX-ks7og,Climate Change,climate change,Perhaps the demons will stop using HARP and the other 21 weather modification stations around the world… not so many chemtrails the last few months 👌🏼,2026-06-18T15:16:53Z,2026-06-18T15:16:53Z,0,0,wmYcLgSLpUQ,Jeremy Clarkson says farming has given him a new perspective on the changing climate.,Times News,10,https://www.youtube.com/watch?v=wmYcLgSLpUQ&lc=Ugzc9aSG-kPiRLijc6l4AaABAg,2026-08-05T20:00:25.503865+00:00
UgyJhz3hflyo0f_LlMV4AaABAg,@Imkindadone,UCkpWnBSU91vrb3EwsOliLvg,Climate Change,climate change,"😊 Eventually the Jet stream will gain enough inertia to move the increased mass faster, when that happens, kiss your loved ones bye. Cause it'll be too late to do anything else. 😊",2026-06-03T05:35:49Z,2026-06-03T05:35:49Z,0,0,vM6SRQqyvWc,Climate change is fueling more extreme weather,Associated Press,11,https://www.youtube.com/watch?v=vM6SRQqyvWc&lc=UgyJhz3hflyo0f_LlMV4AaABAg,2026-08-05T20:00:25.713846+00:00
Ugw3ELewOFlao4JP4jh4AaABAg,@johnphillips1858,UCAF8HrXSSSZ_P_hdpcxmi4g,Climate Change,climate change,No sympathy for climate freaks who want to kill us to save the climate. 50 years in liberal controlling science and Simon Bar Sinister boogy men and Globalist who can't get the slide to advance. Sorry don't believe you or the UN.,2026-08-05T16:14:29Z,2026-08-05T16:14:29Z,0,0,nl__O_QGIR4,What Climate Science Actually Says vs. What You've Been Told It Says,Alliance for Responsible Citizenship,12,https://www.youtube.com/watch?v=nl__O_QGIR4&lc=Ugw3ELewOFlao4JP4jh4AaABAg,2026-08-05T20:00:26.210554+00:00
UgwsCNPDU7eMDsQCmmJ4AaABAg,@Jonathan-mg3yn,UCyKO56OcX2zYnqQhMeUtGQA,Climate Change,climate change,Joe doesnt read the article,2026-07-25T21:19:51Z,2026-07-25T21:19:51Z,0,0,fNw-b8yA1xU,Joe Rogan schools Bernie Sanders on climate change,News24,13,https://www.youtube.com/watch?v=fNw-b8yA1xU&lc=UgwsCNPDU7eMDsQCmmJ4AaABAg,2026-08-05T20:00:26.444442+00:00
UgyxuWq5pZlTltZVq1J4AaABAg,@johntrinick712,UCu3i_zsD_jrN4bvlnu7nqlw,Climate Change,climate change,"The question is whether any of the net zero policies that are currently being imposed on us, and which is costing the Country huge sums of money, will have any affect on climate change at all?  It is highly likely that it will not have any impact on climate change, but is already having a huge detrimental affect on our economy. We need to continue to create wealth to be able to afford the mitigation measures we will need to deploy in the future. We need to stop thinking we can halt climate change, and work instead on how we can adapt to it. Forget the argument over whether climate change is man made, or a natural phenomenon.  Accept it will happen, then concentrate on mitigation.",2026-08-05T10:52:16Z,2026-08-05T10:52:16Z,0,0,8FFrQ2PvKJQ,Lord Frost vs Tim Stanley: How the Right is getting climate change wrong | The Daily T,The Telegraph,14,https://www.youtube.com/watch?v=8FFrQ2PvKJQ&lc=UgyxuWq5pZlTltZVq1J4AaABAg,2026-08-05T20:00:26.646687+00:00
UgzxmXWzPPjKJsfEjV54AaABAg,@travcollier,UC9m2HBsXdds19uxYcdwi7EQ,Climate Change,climate change,"Some nuance on the mosquitoes...

Aedes albopictus (Asian tiger mosquito) can transmit Dengue, does not seem to be as good at it as Aedes aegypti.  However, it is quite invasive and loves biting humans.  

There are many places where albopictus is already common but Dengue isn't...  The virus itself replicates and transmits better in warmer temperatures.  There are places which are fine for the mosquitoes, but too cool for the virus to really take off.  So not only are the mosquitoes expanding their range, global warming is expanding the range where the virus thrives within those mosquitoes.",2026-06-16T16:44:50Z,2026-06-16T16:44:50Z,0,0,TqwwlCIQP-I,Is climate change as bad for our health as COVID-19?,Simon Clark,15,https://www.youtube.com/watch?v=TqwwlCIQP-I&lc=UgzxmXWzPPjKJsfEjV54AaABAg,2026-08-05T20:00:26.763784+00:00
UgxkLYs9jawlMIQBF3J4AaABAg,@Kieru88,UC8fqmqM_WTx0-2-AWUUs3lQ,Climate Change,climate change,"Not only capitalism, Poland during (authoritarian) socialism Era was demolishing nature pretty well as well...",2026-06-10T20:35:59Z,2026-06-10T20:35:59Z,0,0,sVDCN1PyKrw,Joking about climate change for a futile cause ❄️🌎🤣 | Gianmarco Soresi | Stand Up Comedy,Gianmarco Soresi,16,https://www.youtube.com/watch?v=sVDCN1PyKrw&lc=UgxkLYs9jawlMIQBF3J4AaABAg,2026-08-05T20:00:27.007504+00:00
UgwaKz6HWaD1JmGWL6F4AaABAg,@RichardTavilla,UCIcx84vN5-Ea2rSAZT0CIOw,Climate Change,climate change,Scientist only get funding if they tow the party line it was always a hoax,2026-05-22T21:30:45Z,2026-05-22T21:30:45Z,0,0,KXgAzTdAxJ4,Climate change reality check,ABC News,17,https://www.youtube.com/watch?v=KXgAzTdAxJ4&lc=UgwaKz6HWaD1JmGWL6F4AaABAg,2026-08-05T20:00:27.234154+00:00
UgwBWN34W0GruuARmUN4AaABAg,@aimananton5839,UCOjCMC_V6mM0xhV-VqDaVtg,Climate Change,climate change,Do you have a Video Like this about the Topic Environment?,2026-06-16T18:04:42Z,2026-06-16T18:04:42Z,0,0,vjZnUl3OkCI,How to talk about CLIMATE CHANGE in English,English Speaking Success,18,https://www.youtube.com/watch?v=vjZnUl3OkCI&lc=UgwBWN34W0GruuARmUN4AaABAg,2026-08-05T20:00:27.492978+00:00
UgwCCModm8uANdaZD_R4AaABAg,@AnimatedTruthreal,UC754MHwOaernMHhIjkKnZeQ,Climate Change,climate change,2026 gng where u at?,2026-04-04T00:40:19Z,2026-04-04T00:40:19Z,16,3,MxS4pMc2O2Y,"GCSE Chemistry Revision ""Climate Change""",Freesciencelessons,19,https://www.youtube.com/watch?v=MxS4pMc2O2Y&lc=UgwCCModm8uANdaZD_R4AaABAg,2026-08-05T20:00:27.701096+00:00
UgwTOei5x12T9rvDhXB4AaABAg,@royalwhitefc1802,UCcK1_ayXGvpKCUfnrX9aSbA,Climate Change,climate change,😂,2026-08-05T07:39:50Z,2026-08-05T07:39:50Z,1,1,20ZobQJjdX4,CLIMATE CHANGE HAKA SHI LOK// daddy goh goh ⚡⚡,Riban Lyngdoh,20,https://www.youtube.com/watch?v=20ZobQJjdX4&lc=UgwTOei5x12T9rvDhXB4AaABAg,2026-08-05T20:00:28.025340+00:00
UgzS8zH1GxSGJRB_t2l4AaABAg,@AriestaEnglishCorner_mahmud,UCc96S4-XaQifeGqkHh0d08g,Climate Change,climate change,Climate change impact is really harmful in the future. I wish there will be a lot of experts to prevent its impacts,2026-06-16T15:43:41Z,2026-06-16T15:43:41Z,0,0,bsBG2jEZApI,"How are doctors dealing with climate change? - The Climate Question podcast, BBC World Service",BBC World Service,21,https://www.youtube.com/watch?v=bsBG2jEZApI&lc=UgzS8zH1GxSGJRB_t2l4AaABAg,2026-08-05T20:00:28.225901+00:00
Ugy68X43eA9_A0HJhlN4AaABAg,@AussieSusan1,UCguDcpsfnGcN_p2OoazSF5Q,Climate Change,climate change,Thank you Jimmy 😂,2026-03-24T16:24:20Z,2026-03-24T16:24:20Z,2,0,sHF9X-KFUrQ,Climate Change Gets the Carr Treatment | Jimmy Carr,Jimmy Carr,23,https://www.youtube.com/watch?v=sHF9X-KFUrQ&lc=Ugy68X43eA9_A0HJhlN4AaABAg,2026-08-05T20:00:28.454583+00:00
Ugx-LQfk49w2SNGnyW54AaABAg,@SteeeV-q8t,UCAPj_svfDcNXC1jYLYmLsEg,Climate Change,climate change,"What are you talking about???
There are about 300 million flies in my house right now.",2026-07-16T14:58:14Z,2026-07-16T14:58:14Z,0,0,zQCbGGVRs6k,"Coffee? Chocolate? How climate change affects food - The Climate Question podcast, BBC World Service",BBC World Service,24,https://www.youtube.com/watch?v=zQCbGGVRs6k&lc=Ugx-LQfk49w2SNGnyW54AaABAg,2026-08-05T20:00:28.743075+00:00
UgxVjuCQXZO6PNQZuuF4AaABAg,@TimothyWells-kw1jj,UCMHnpd828V5_fTIcMxolu1g,Climate Change,climate change,"Climate change is not a problem.
In fact, it has been net beneficial.
Warming has been good for animals and extra CO2 has been good for plants.
Despite 50 years of climate change, and all the dire predictions made about it, the world continues to get healthier and wealthier and safer all the time",2026-07-30T10:24:41Z,2026-07-30T10:24:41Z,0,0,BWHfkkHmMJI,The easiest climate change win ever,Simon Clark,25,https://www.youtube.com/watch?v=BWHfkkHmMJI&lc=UgxVjuCQXZO6PNQZuuF4AaABAg,2026-08-05T20:00:28.958511+00:00
UgyrCcfoMQ3E3qIy0pd4AaABAg,@garnetnewton-wade4091,UCZOZLy04t9w8xjb4FREOSXQ,Climate Change,climate change,"WHY METHANE REDUCTION SHOULD BE A NATIONAL AND INTERNATIONAL PRIORITY
Executive Summary
Methane is responsible for approximately one-quarter of the warming the world is experiencing today. Although carbon dioxide remains the principal long-term driver of climate change, methane is a uniquely important target because it combines extraordinary warming power with a relatively short atmospheric lifetime.
Over a twenty-year period, methane traps more than eighty times as much heat as carbon dioxide. However, unlike carbon dioxide, which can remain in the atmosphere for centuries, methane breaks down after roughly twelve years. This means reductions made today can slow warming within years rather than decades.
The United Nations Environment Programme's Global Methane Assessment concluded that a 45% reduction in global methane emissions by 2030 could prevent approximately 0.3°C of warming by the 2040s. In climate terms, this is an enormous achievement and may represent one of the largest opportunities currently available to reduce near-term warming.
Why This Matters
The climate challenge is often presented as requiring sacrifices today for benefits many decades in the future. Methane is different.
Reducing methane emissions can produce measurable results within the lifetime of people alive today. It therefore represents one of the few climate policies capable of delivering both immediate and long-term benefits.
In practical terms, reducing methane emissions buys time:
• Time to continue decarbonising energy systems.
• Time to develop and deploy new technologies.
• Time to improve climate resilience and adaptation.
• Time to avoid crossing dangerous climate tipping points.
Current UK Position
The United Kingdom has already demonstrated success.
Since 1990, UK methane emissions have fallen by more than 60%, one of the largest reductions achieved by any major industrialised nation.
The UK is a signatory to the Global Methane Pledge, which seeks a 30% reduction in methane emissions by 2030.
The Environment Agency has introduced a Methane Action Plan, while the Government has published a national methane strategy addressing agriculture, waste management, and energy infrastructure.
Despite this progress, methane still accounts for approximately 14% of UK greenhouse gas emissions.
Opportunities for Further Action
Energy Infrastructure
Methane leaks from oil and gas production, storage, and distribution systems remain among the easiest emissions to address.
Modern technologies now allow leaks to be detected rapidly using satellites, drones, sensors, and infrared imaging equipment.
Many repairs pay for themselves because captured methane can be sold as fuel rather than being lost into the atmosphere.
Agriculture
Agriculture remains the largest source of UK methane emissions.
Opportunities include:
• Feed additives that significantly reduce methane production in cattle.
• Improved livestock breeding programmes.
• Better herd health and productivity.
• Enhanced manure management systems.
• Anaerobic digestion technologies that convert waste into energy.
Waste Management
Landfill sites remain substantial methane sources.
Additional reductions could be achieved through:
• Expanded landfill gas capture.
• Greater recycling rates.
• Increased composting.
• Improved monitoring of legacy landfill sites.
• Expansion of biogas recovery systems.
Economic Considerations
The cost of a comprehensive methane reduction programme would be significant but manageable.
Depending on ambition and scope, national investment could amount to several billion pounds annually.
However, this must be viewed against:
• Tens of billions of pounds in future climate-related damages.
• Reduced health costs resulting from improved air quality.
• Increased energy recovery from captured methane.
• Job creation in environmental technologies and infrastructure.
• Enhanced energy security.
Many methane reduction measures generate direct economic returns through recovered energy and improved efficiency.
International Leadership
Britain cannot solve climate change alone.
However, Britain has historically exercised influence disproportionate to its size by demonstrating workable solutions that others subsequently adopted.
If the UK develops a successful methane reduction strategy, it can use its diplomatic, scientific, and economic influence to encourage wider international action.
Potential avenues include:
• Working closely with European partners.
• Supporting the Global Methane Pledge.
• Expanding cooperation through the Climate and Clean Air Coalition.
• Providing technical expertise to developing nations.
• Supporting global methane monitoring systems.
A successful international methane initiative could become one of the most effective climate interventions of the twenty-first century.
Conclusion
Methane reduction is not a substitute for reducing carbon dioxide emissions. Both are essential.
However, methane represents a rare opportunity to achieve substantial climate benefits quickly, affordably, and using technologies that largely already exist.
If carbon dioxide reduction is the marathon required to stabilise the climate over the coming century, methane reduction is the sprint that can slow warming immediately and buy humanity precious time.
For that reason, methane reduction deserves to become a central pillar of British climate policy and a major focus of British international leadership.",2026-07-14T17:07:52Z,2026-07-14T17:07:52Z,0,0,ckVZrqJ1bUc,"Climate Change: New Data, New Debate",Bulletin of the Atomic Scientists,26,https://www.youtube.com/watch?v=ckVZrqJ1bUc&lc=UgyrCcfoMQ3E3qIy0pd4AaABAg,2026-08-05T20:00:29.269527+00:00
Ugyzl_7oXFoL7dMzxlJ4AaABAg,@EKwasme,UCbUr4qU7wKgqGVS_w8QJX4w,Climate Change,climate change,Maybe we should start cutting back on our water usage stop growing lawns golf course is shut down. Start flushing your toilet once or twice a day.,2026-07-29T22:23:16Z,2026-07-29T22:23:16Z,0,0,2-YLcsEPpuE,Climate change fueled the 2026 snow drought,9NEWS,27,https://www.youtube.com/watch?v=2-YLcsEPpuE&lc=Ugyzl_7oXFoL7dMzxlJ4AaABAg,2026-08-05T20:00:29.405601+00:00
UgzMk_mAWjCR8_5z_Ih4AaABAg,@VallukingMurading,UC2OdoTWV8LhRejSr5jS086g,Climate Change,climate change,I enjoyed the clarity of this video.,2025-08-27T18:41:43Z,2025-08-27T18:41:43Z,1,0,7o3EFSFAEFM,Climate Change – MIND MAP ENVIRONMENT | Drishti IAS ENGLISH,Drishti IAS : English,28,https://www.youtube.com/watch?v=7o3EFSFAEFM&lc=UgzMk_mAWjCR8_5z_Ih4AaABAg,2026-08-05T20:00:29.595136+00:00
UgwyKim2btUEGwFhjF94AaABAg,@VichoriaCarilone,UC59Fwm9Y0CYdUYXr-O_t_IQ,Climate Change,climate change,This helped me a lot.,2025-10-27T12:15:05Z,2025-10-27T12:15:05Z,0,0,tMwFNMfjFuU,What is Climate Change? Crash Course Geography #14,CrashCourse,29,https://www.youtube.com/watch?v=tMwFNMfjFuU&lc=UgwyKim2btUEGwFhjF94AaABAg,2026-08-05T20:00:30.098027+00:00
UgwHcy-7L9UdvzljGlN4AaABAg,@LandscaperGarry,UC_1dRYXzWPGOB8fINP2VmNw,Climate Change,climate change,Sometimes i reàlize the cilmate doean't seem to care what survives and what doesn't???,2026-04-12T22:52:55Z,2026-04-12T22:52:55Z,0,0,qYBRMGpp8ZI,"The Good, the Bad, and the Ugly: Ongoing Climate Change Acceleration and Impacts",Paul Beckwith,30,https://www.youtube.com/watch?v=qYBRMGpp8ZI&lc=UgwHcy-7L9UdvzljGlN4AaABAg,2026-08-05T20:00:30.323494+00:00
UgzmmmnGdmcpX57zWZ54AaABAg,@denisdaly1708,UCNINd6Iw4U5pgS_QCjOn24A,Climate Change,climate change,The lack of education in the comments.  Earth is warming at 0.35C per decade.,2026-08-04T11:14:28Z,2026-08-04T11:14:28Z,1,0,7Ewg4Ws1zc0,“I’m F—-ing Terrified” - Economist REFUSED To Have Kids Over Climate Change,Valuetainment,31,https://www.youtube.com/watch?v=7Ewg4Ws1zc0&lc=UgzmmmnGdmcpX57zWZ54AaABAg,2026-08-05T20:00:30.481543+00:00
UgzzChS3H5QpQC_lqS94AaABAg,@AussieSusan1,UCguDcpsfnGcN_p2OoazSF5Q,Climate Change,climate change,😂🤣🤣,2026-07-24T16:31:08Z,2026-07-24T16:31:08Z,0,0,13a1hYovpvc,Worrying about climate change #jimmycarr #britishcomedy #standupcomedy,More Jimmy Carr,32,https://www.youtube.com/watch?v=13a1hYovpvc&lc=UgzzChS3H5QpQC_lqS94AaABAg,2026-08-05T20:00:30.599431+00:00
UgykhUQSfr1cGfefSg54AaABAg,@TimothyWells-kw1jj,UCMHnpd828V5_fTIcMxolu1g,Climate Change,climate change,"This woman is a complete Nutcase. She is delusional.
There is no problem with the climate, and the world is getting healthier and wealthier and safer all the time.",2026-03-22T21:30:02Z,2026-03-22T21:30:02Z,0,0,ZhruqkPeJ6o,How to Make Climate Stories Impossible to Ignore | Katherine Dunn | TED,TED,33,https://www.youtube.com/watch?v=ZhruqkPeJ6o&lc=UgykhUQSfr1cGfefSg54AaABAg,2026-08-05T20:00:30.841553+00:00
Ugx_8DuVAn6GhbKoTmx4AaABAg,@blbeachin,UC_EMW9AcRy-56hmaYooXMaw,Climate Change,climate change,OK so talk about what we’re supposed to be doing as normal citizens. Who is the biggest Offender and what can they do about it?,2026-08-05T15:53:55Z,2026-08-05T15:53:55Z,0,0,Vl6VhCAeEfQ,The Tipping Points of Climate Change — and Where We Stand | Johan Rockström | TED,TED,34,https://www.youtube.com/watch?v=Vl6VhCAeEfQ&lc=Ugx_8DuVAn6GhbKoTmx4AaABAg,2026-08-05T20:00:31.076674+00:00
UgxByE6nihiFhoW9u9N4AaABAg,@Alan-tjj,UCDQVGOKbmp_58K6R_QnaNaQ,Climate Change,climate change,But wind doesn't blow no electricity  ..?,2026-08-04T13:25:03Z,2026-08-04T13:25:03Z,0,0,ogAZS7_RhhA,The Miracles (and Maddening Politics) of the Clean Energy Revolution | The Ezra Klein Show,The Ezra Klein Show,37,https://www.youtube.com/watch?v=ogAZS7_RhhA&lc=UgxByE6nihiFhoW9u9N4AaABAg,2026-08-05T20:00:31.616859+00:00
Ugzfavit8B6wuy6PH9B4AaABAg,@allofit5868,UCMYPu7VQ6JNt1Y5D6S3cvWw,Climate Change,climate change,"Me, I should decide. Put me in coach",2026-05-22T16:22:15Z,2026-05-22T16:22:15Z,0,0,vUA1kFSJnYQ,Fixing climate change is about to accelerate,Simon Clark,38,https://www.youtube.com/watch?v=vUA1kFSJnYQ&lc=Ugzfavit8B6wuy6PH9B4AaABAg,2026-08-05T20:00:31.890187+00:00
UgyAmWHbh5zSCZsfZb14AaABAg,@Rol7125,UCLu-5ceOKe2-4nCEOnb6ZzA,Climate Change,climate change,It's geting worse every year,2026-08-05T04:06:40Z,2026-08-05T04:06:40Z,0,0,LxgMdjyw8uw,We WILL Fix Climate Change!,Kurzgesagt – In a Nutshell,39,https://www.youtube.com/watch?v=LxgMdjyw8uw&lc=UgyAmWHbh5zSCZsfZb14AaABAg,2026-08-05T20:00:32.250426+00:00
UgwOFXekpFtqn3OzQMt4AaABAg,@RulgertGhostalker,UC9tNDeaDggg9K8Dm7WIHcnA,Climate Change,climate change,"sub-saharans are the cause of climate change.
and climate change is only a symptom of near term global starvation.",2026-07-30T17:16:55Z,2026-07-30T17:16:55Z,0,0,CvkbQ725axQ,Climate Change Is Already Affecting Your Health. Here's What We Can Do.,Carnegie Endowment,40,https://www.youtube.com/watch?v=CvkbQ725axQ&lc=UgwOFXekpFtqn3OzQMt4AaABAg,2026-08-05T20:00:32.409304+00:00
Ugw-jmsmDqU7cMv4tGp4AaABAg,@jasonbrown5219,UCSW1HXPDAmJOxz02zCraAAA,Climate Change,climate change,If climate change is real then it would have hit its peak during the industrial revolution when there was more fossil fuels put into the atmosphere than there is today .. there was still more farmland being used and larger ranches with many more head of cattle .. so if anything it's been reversed since the early to middle 20th century .. so I don't know what Whitehouse is talking about .. but in reality the earth has been changing and has always changed on warming and cooling cycles and we are in a warming cycle since the last ice age,2026-08-05T05:44:02Z,2026-08-05T05:44:02Z,0,0,vy-P6C2F0Wg,JUST IN: Sheldon Whitehouse And Ron Johnson Get Into Climate Change Debate On Senate Floor,Forbes Breaking News,2,https://www.youtube.com/watch?v=vy-P6C2F0Wg&lc=Ugw-jmsmDqU7cMv4tGp4AaABAg,2026-08-05T20:00:23.763926+00:00
Ugy0kDz5SJP8p4g0-4x4AaABAg,@vividius7951,UCIYZpNZYGMhJiuWo-zQdh2g,Climate Change,climate change,"Biggest causes of heatwaves...
Sunspots!",2026-07-06T09:11:12Z,2026-07-06T09:11:12Z,0,0,nwzIpxPsy2E,Record heatwave 'impossible' without climate change #weather #heatwave #climatechange,ITV News,3,https://www.youtube.com/watch?v=nwzIpxPsy2E&lc=Ugy0kDz5SJP8p4g0-4x4AaABAg,2026-08-05T20:00:24.023614+00:00
UgwMZeU-QKeJJf7hxiF4AaABAg,@dawidw462,UCU36UMMy58lt79kdRCq_0SQ,Climate Change,climate change,😂😂😂😂😂😂,2026-08-05T11:26:13Z,2026-08-05T11:26:13Z,0,0,Rl80Rzbpjx8,Witnessing the Impact of Climate Change,RAZOR Science Show,4,https://www.youtube.com/watch?v=Rl80Rzbpjx8&lc=UgwMZeU-QKeJJf7hxiF4AaABAg,2026-08-05T20:00:24.129323+00:00
Ugw3dPVktH2J7KsFMkZ4AaABAg,@carolgibson-wilson4354,UCafa1D31TOiYBy2xlMWFMmg,Climate Change,climate change,Yikes!,2026-08-05T19:24:17Z,2026-08-05T19:24:17Z,2,0,ba4xQVyxfyg,How Climate Change is Impacting Cape Cod’s Sharks #animals #evolution #learning #ocean #science,Zeke Darwin,5,https://www.youtube.com/watch?v=ba4xQVyxfyg&lc=Ugw3dPVktH2J7KsFMkZ4AaABAg,2026-08-05T20:00:24.232629+00:00
UgzoDcIU2pdOMGcytgV4AaABAg,@Autodidactme,UChi-6ahPSq9nyJg8QC5wN0Q,Climate Change,climate change,Come to the comments to see morons argue with scientists on the royal society’s youtube channel! 😂,2026-06-26T17:07:38Z,2026-06-26T17:07:38Z,7,0,DOPcMMZ6FHU,1976 was an outlier. This isn't. ☀️ #summer #sun #climatechange #physics #nature,The Royal Society,6,https://www.youtube.com/watch?v=DOPcMMZ6FHU&lc=UgzoDcIU2pdOMGcytgV4AaABAg,2026-08-05T20:00:24.401400+00:00
Ugz6Ize7oNDcjKndyb54AaABAg,@marie-ctunnicliff513,UCWL-SJUzENxAYVP1wRCYI8g,Climate Change,climate change,"Never mind building more houses, windmills & solar panels - grow food and crops!",2026-08-05T00:01:33Z,2026-08-05T00:01:33Z,2,0,LterhtcxtIk,“The End Of The WORLD?” | UK Food Shortages Warning as Drought Hits Farmers Due To Extreme Heat,TalkTV,7,https://www.youtube.com/watch?v=LterhtcxtIk&lc=Ugz6Ize7oNDcjKndyb54AaABAg,2026-08-05T20:00:24.763112+00:00
UgzxbIm0PjcZUTJB-ph4AaABAg,@alistairclark4917,UCzRTp201QcjTtBJ4sDFhYfg,Climate Change,climate change,Life expectancy of an Indian has gone up over 30 years for individuals in the past 70 years.  Was 41 in the 50s now 71.  This coincides with cheaper more abundant energy.,2026-08-01T11:57:10Z,2026-08-01T11:57:10Z,0,0,LwQyYPjm3rg,Climate Change is Destroying Lives... Now,ClimateAdam,8,https://www.youtube.com/watch?v=LwQyYPjm3rg&lc=UgzxbIm0PjcZUTJB-ph4AaABAg,2026-08-05T20:00:24.943245+00:00
UgxfhjpWOpRnNsZMCkd4AaABAg,@terenceiutzi4003,UCgtcNZDV-wnIIfxtKH8gUzg,Climate Change,climate change,"There are many orbital, axial, and solar radiance cycles that drive them! I remember the fraudster David Suzuki once saying that solar radiance on ly series 10 percent! So with out it the earth would be -273 C so a 10% variation would drive a 28 degree mean temperature variation evey 11 years i have not seen 5 global ice-ages in my lifetime so it is aperrent the alarmist don't have a clue about the Bull shit they  are spreading!!!!",2026-07-10T21:46:21Z,2026-07-10T21:46:21Z,0,0,myZAvqqp9Jc,Climate Change: How does it really work? | ClimateScience #1,ClimateScience - Solve Climate Change,9,https://www.youtube.com/watch?v=myZAvqqp9Jc&lc=UgxfhjpWOpRnNsZMCkd4AaABAg,2026-08-05T20:00:25.254274+00:00
Ugw-lyT1JJ1xAy8baS94AaABAg,@sobeit1927,UCsNp6uQcPMuB8OUzewVUUoQ,Climate Change,climate change,Spraying the heck out our Skys has the intention of changing our weather so it’s no surprise that the weather has changed. What we don’t know is what the weather would be like if we weren’t doing this.  Man made climate change really is a thing it seems.,2026-06-10T09:08:53Z,2026-06-10T09:08:53Z,1,0,wmYcLgSLpUQ,Jeremy Clarkson says farming has given him a new perspective on the changing climate.,Times News,10,https://www.youtube.com/watch?v=wmYcLgSLpUQ&lc=Ugw-lyT1JJ1xAy8baS94AaABAg,2026-08-05T20:00:25.503865+00:00
Ugxp01Bz48_GSxzKf8N4AaABAg,@BONNIEJOYOSBORN,UCn4MD4_5Ca08IP4InajwKbg,Climate Change,climate change,"No , it's WARS , WEAPONS AND THE GAMES RUSSIA ISREAL UKRAINE CHINA ARE PLAYING. they know Trump likes challenges .  The mistake is to engage with any of those four countries in any : trade , financial support, weapons support ,or personnel support . Just say No. Say "" we the USA , sorry to hear of your problems , disputes. But we cannot be involved , it's not in the best interests of USA or the citizens of USA. Hope you guys make peace soon."" They , those four are playing the USA .they those four hate the USA , just remember that .  So walk away .",2026-06-03T00:03:23Z,2026-06-03T00:03:23Z,0,0,vM6SRQqyvWc,Climate change is fueling more extreme weather,Associated Press,11,https://www.youtube.com/watch?v=vM6SRQqyvWc&lc=Ugxp01Bz48_GSxzKf8N4AaABAg,2026-08-05T20:00:25.713846+00:00
Ugww_JAsrHTb_nrBbON4AaABAg,@AIJohnsen,UCtVgC2cOfrUHYPzZCQb9TYg,Climate Change,climate change,Follow the money.,2026-08-05T14:41:14Z,2026-08-05T14:41:14Z,0,0,nl__O_QGIR4,What Climate Science Actually Says vs. What You've Been Told It Says,Alliance for Responsible Citizenship,12,https://www.youtube.com/watch?v=nl__O_QGIR4&lc=Ugww_JAsrHTb_nrBbON4AaABAg,2026-08-05T20:00:26.210554+00:00
Ugw9CBWecobthe1JSyR4AaABAg,@Jonathan-mg3yn,UCyKO56OcX2zYnqQhMeUtGQA,Climate Change,climate change,Joe is stupid enough to misunderstand a graph.Such a trashtalker,2026-07-25T21:18:08Z,2026-07-25T21:18:08Z,0,0,fNw-b8yA1xU,Joe Rogan schools Bernie Sanders on climate change,News24,13,https://www.youtube.com/watch?v=fNw-b8yA1xU&lc=Ugw9CBWecobthe1JSyR4AaABAg,2026-08-05T20:00:26.444442+00:00
UgyNgNC9Za3AjhFzjnd4AaABAg,@peterchambers2150,UCMGBBC6WTCt8AJbwJne73jA,Climate Change,climate change,We need to get a grip on the data and facts on climate change where unfortunately scientific rigour has now been  replaced by politics and scare mongering  by governments. Instead informed decisions should be made based on evidence as highlighted by many experts as seen during ARC presentations on the subject.,2026-08-05T09:52:47Z,2026-08-05T09:52:47Z,0,0,8FFrQ2PvKJQ,Lord Frost vs Tim Stanley: How the Right is getting climate change wrong | The Daily T,The Telegraph,14,https://www.youtube.com/watch?v=8FFrQ2PvKJQ&lc=UgyNgNC9Za3AjhFzjnd4AaABAg,2026-08-05T20:00:26.646687+00:00
Ugx01TRP5O1fLDU8OsV4AaABAg,@swordzanderson5352,UCQYbH1eoOEOywbYmHZr1dKA,Climate Change,climate change,"Not just a health crisis. It's also a financial crisis, an environmental crisis, a quality of life crisis, and - if we keep going - eventually an existential crisis.

And it starts with the parasites that are billionaires being less of a c-bomb.",2026-06-16T07:37:39Z,2026-06-16T07:37:49Z,1,0,TqwwlCIQP-I,Is climate change as bad for our health as COVID-19?,Simon Clark,15,https://www.youtube.com/watch?v=TqwwlCIQP-I&lc=Ugx01TRP5O1fLDU8OsV4AaABAg,2026-08-05T20:00:26.763784+00:00
Ugw_29FU6XOuPvV5Htd4AaABAg,@kadesh111,UC1fl8PHGWDBcRlTxEbZlGgA,Climate Change,climate change,That last zinger...lmao... holy shit...,2026-06-05T17:58:00Z,2026-06-05T17:58:00Z,0,0,sVDCN1PyKrw,Joking about climate change for a futile cause ❄️🌎🤣 | Gianmarco Soresi | Stand Up Comedy,Gianmarco Soresi,16,https://www.youtube.com/watch?v=sVDCN1PyKrw&lc=Ugw_29FU6XOuPvV5Htd4AaABAg,2026-08-05T20:00:27.007504+00:00
UgwK87nkBtA8nuSeOjV4AaABAg,@JackBlack-ml4qw,UCsHUUtNVxYDMjz5u9lqaSaw,Climate Change,climate change,I can't get my head around how average citizens are so passionate about protecting our elist fossil fuel overlords. They're literally paying a premium to destroy the Earth and not getting anything in return other than more expensive gasoline than you would have paid otherwise under different administration.,2026-04-28T18:06:49Z,2026-04-28T18:06:49Z,1,1,KXgAzTdAxJ4,Climate change reality check,ABC News,17,https://www.youtube.com/watch?v=KXgAzTdAxJ4&lc=UgwK87nkBtA8nuSeOjV4AaABAg,2026-08-05T20:00:27.234154+00:00
UgzesARR7tw3AYMpZ6B4AaABAg,@belhajsalemghofrane1108,UCBDEPxkZ-_fOgXulmyODmCA,Climate Change,climate change,"Thank you. That""s  very helpful.",2026-06-09T10:08:48Z,2026-06-09T10:08:48Z,0,0,vjZnUl3OkCI,How to talk about CLIMATE CHANGE in English,English Speaking Success,18,https://www.youtube.com/watch?v=vjZnUl3OkCI&lc=UgzesARR7tw3AYMpZ6B4AaABAg,2026-08-05T20:00:27.492978+00:00
UgzxgqBDiptByxFabDN4AaABAg,@user44660,UCA6CNz1lOnQ1ZtZZPKuEqfQ,Climate Change,climate change,GCSEs 2025 gang 👉,2025-03-27T19:54:00Z,2025-03-27T19:54:00Z,98,3,MxS4pMc2O2Y,"GCSE Chemistry Revision ""Climate Change""",Freesciencelessons,19,https://www.youtube.com/watch?v=MxS4pMc2O2Y&lc=UgzxgqBDiptByxFabDN4AaABAg,2026-08-05T20:00:27.701096+00:00
UgyHHATtV47_nt2QV-B4AaABAg,@piusnongkhar9424,UCYcsFnwDTyiOGMyhBdWVT1Q,Climate Change,climate change,👍👌👏,2026-08-05T02:58:41Z,2026-08-05T02:58:41Z,1,0,20ZobQJjdX4,CLIMATE CHANGE HAKA SHI LOK// daddy goh goh ⚡⚡,Riban Lyngdoh,20,https://www.youtube.com/watch?v=20ZobQJjdX4&lc=UgyHHATtV47_nt2QV-B4AaABAg,2026-08-05T20:00:28.025340+00:00
UgwM3YVOmXKPx3p4XQJ4AaABAg,@maxtabmann6701,UCpgJ2pPUrxklN3-TvAXZjaA,Climate Change,climate change,What a nonsense. This Winter a lot of insects will die and tropical deseases will be a thing of the past,2026-01-23T17:20:29Z,2026-01-23T17:20:29Z,0,0,bsBG2jEZApI,"How are doctors dealing with climate change? - The Climate Question podcast, BBC World Service",BBC World Service,21,https://www.youtube.com/watch?v=bsBG2jEZApI&lc=UgwM3YVOmXKPx3p4XQJ4AaABAg,2026-08-05T20:00:28.225901+00:00
UgyFmXAXtEpYS6uTBrl4AaABAg,@markking5448,UCHnYSrFBb6Kp3Zl-eQtbuag,Climate Change,climate change,"Climate change? Wtf Jimmy
And here I was thinking you were intelligent 🙄",2026-03-24T10:23:34Z,2026-03-24T10:23:34Z,1,6,sHF9X-KFUrQ,Climate Change Gets the Carr Treatment | Jimmy Carr,Jimmy Carr,23,https://www.youtube.com/watch?v=sHF9X-KFUrQ&lc=UgyFmXAXtEpYS6uTBrl4AaABAg,2026-08-05T20:00:28.454583+00:00
UgznQtk2PPib2mc0T6F4AaABAg,@cleanwave4336,UCzZZHPa4Xr2wA3aqDn1LZ9Q,Climate Change,climate change,Species? variety in kind - what to do when the text book is wrong - be less wrong,2026-07-09T13:38:10Z,2026-07-09T13:38:10Z,0,0,zQCbGGVRs6k,"Coffee? Chocolate? How climate change affects food - The Climate Question podcast, BBC World Service",BBC World Service,24,https://www.youtube.com/watch?v=zQCbGGVRs6k&lc=UgznQtk2PPib2mc0T6F4AaABAg,2026-08-05T20:00:28.743075+00:00
UgzNr13xTt7vtcJDgs54AaABAg,@cofiecoffcoff4287,UCZUDtXZFa5GFt1Biqg3ks9g,Climate Change,climate change,How is this a question? The Landfills need to be removed 100 percent and big companies that keep chugging out unsellable product in exorbitant amount need to be punished so the landfills won't return. How is this not the priority????? How????,2026-07-29T15:11:04Z,2026-07-29T15:11:04Z,0,0,BWHfkkHmMJI,The easiest climate change win ever,Simon Clark,25,https://www.youtube.com/watch?v=BWHfkkHmMJI&lc=UgzNr13xTt7vtcJDgs54AaABAg,2026-08-05T20:00:28.958511+00:00
UgwXC48i5-wrWug5-Rd4AaABAg,@johns.7297,UCPkOSs44vaKm6Be2kBAzN8g,Climate Change,climate change,"As the saying goes, nothing fails like success; nothing  succeeds like failure. Also, for those who do take action against climate change, no good deed goes unpunished.",2026-07-10T18:05:34Z,2026-07-10T18:05:34Z,0,0,ckVZrqJ1bUc,"Climate Change: New Data, New Debate",Bulletin of the Atomic Scientists,26,https://www.youtube.com/watch?v=ckVZrqJ1bUc&lc=UgwXC48i5-wrWug5-Rd4AaABAg,2026-08-05T20:00:29.269527+00:00
UgwfvnMCZrZfyTzbbt54AaABAg,@amiava4213,UCG6A7AW8wew3QdhAo3PVP3A,Climate Change,climate change,"Isn’t this glorious?

South Australians urged to consider occasional power outages to curb costs.

By Malcolm Sutton, the ABC

With yet another power price hike in the works this year, an energy technology expert warns South Australians may need to consider tolerating the occasional blackout for the sake of cheaper power.

Daniel Rossetto is an expert in global environmental and energy commodity markets at Adelaide University.

He called upon Australians to have a conversation about accepting less reliable energy, or making concessions elsewhere, if it wants to bring down utility prices with any meaningful impact.

People have unrealistic expectations of having electricity working all the time, just say, like we used to for most of the last century. The problem is that it will cost a fortune to have reliable back up power to cover every last contingency. (Because giant infrastructure will be sitting around all year doing nothing, just waiting for that half-hour when it’s needed. Who thought that would be cheap?).

Watch the pea here in the paragraph below — we used to have two of the three major priorities, then we added number three, and now we have none:

He said there were “basically three major policy priorities” when it came to energy, and it was currently impossible to achieve all three for electricity.

“One is affordability, another is sustainability, and third is security, or reliability,” he said.

Righto. So, it’s possible to have affordable electricity and reliable electricity but not (gasp) renewable energy at the same time? Well, why didn’t you just say so, and fifteen years ago would have been handy.

This is Olympic level spin:

“We end up prioritizing reliability by default, and sometimes also sustainability with renewables and things like that, without necessarily thinking about affordability,” Dr. Rossetto said.

“But are we prepared to tolerate a slightly slower pace of decarbonization on electricity in the name of less expensive energy? Or are we prepared to take little more outage time in exchange for lower prices?”

In the end, you must remember how you are always the problem but forget how you used to have affordable and reliable electricity…

Thus, the great renewable-energy transition continues: First, electricity becomes more expensive. Then, reliability becomes an optional luxury. And finally, the public is blamed for expecting the power system to do what power systems used to do.",2026-07-27T18:05:10Z,2026-07-27T18:05:10Z,0,0,2-YLcsEPpuE,Climate change fueled the 2026 snow drought,9NEWS,27,https://www.youtube.com/watch?v=2-YLcsEPpuE&lc=UgwfvnMCZrZfyTzbbt54AaABAg,2026-08-05T20:00:29.405601+00:00
UgxRuFQLoiaszECBe4B4AaABAg,@rishabhnegi1913,UCdddwQhXPBzfePSaRpE0wgw,Climate Change,climate change,Not clear how it effect climate change,2025-08-19T05:28:19Z,2025-08-19T05:28:19Z,0,0,7o3EFSFAEFM,Climate Change – MIND MAP ENVIRONMENT | Drishti IAS ENGLISH,Drishti IAS : English,28,https://www.youtube.com/watch?v=7o3EFSFAEFM&lc=UgxRuFQLoiaszECBe4B4AaABAg,2026-08-05T20:00:29.595136+00:00
UgwubtIZkH3LmB12XoF4AaABAg,@Japi424,UCuK0Ac7gb2sNJllJLps3kMQ,Climate Change,climate change,Very impressive work here.,2025-09-27T16:41:16Z,2025-09-27T16:41:16Z,0,0,tMwFNMfjFuU,What is Climate Change? Crash Course Geography #14,CrashCourse,29,https://www.youtube.com/watch?v=tMwFNMfjFuU&lc=UgwubtIZkH3LmB12XoF4AaABAg,2026-08-05T20:00:30.098027+00:00
Ugz2S7-C1TUPoiI1_9h4AaABAg,@MyvaGina-vb6me,UCyBDA5feEQE5uX1AwqtuzVQ,Climate Change,climate change,39% of the global total of algae is sargassum seaweed.,2026-03-24T03:03:24Z,2026-03-24T03:03:24Z,0,0,qYBRMGpp8ZI,"The Good, the Bad, and the Ugly: Ongoing Climate Change Acceleration and Impacts",Paul Beckwith,30,https://www.youtube.com/watch?v=qYBRMGpp8ZI&lc=Ugz2S7-C1TUPoiI1_9h4AaABAg,2026-08-05T20:00:30.323494+00:00
UgxUt1RxBSqp0qycDhp4AaABAg,@pedroortiz4506,UC4dIweWcuVrZhX1bgc7F_NA,Climate Change,climate change,Current Academia produces the most informed fools in history. This guy is has not looked at climate facts. He's been given approved narratives and has not looked at ANY LONG TERM (before 1800s) DATA.,2026-08-03T20:29:45Z,2026-08-03T20:29:45Z,0,0,7Ewg4Ws1zc0,“I’m F—-ing Terrified” - Economist REFUSED To Have Kids Over Climate Change,Valuetainment,31,https://www.youtube.com/watch?v=7Ewg4Ws1zc0&lc=UgxUt1RxBSqp0qycDhp4AaABAg,2026-08-05T20:00:30.481543+00:00
Ugz4wmNPIhvNh-VzBLx4AaABAg,@robycamibesly842,UCZmc1B0lS4FbMRiDg5K0qtA,Climate Change,climate change,Climate disaster - and YouTube would rather not speak about it,2026-07-24T08:48:06Z,2026-07-24T08:48:06Z,1,1,13a1hYovpvc,Worrying about climate change #jimmycarr #britishcomedy #standupcomedy,More Jimmy Carr,32,https://www.youtube.com/watch?v=13a1hYovpvc&lc=Ugz4wmNPIhvNh-VzBLx4AaABAg,2026-08-05T20:00:30.599431+00:00
UgwLVH3WgRX5PYqLY154AaABAg,@thanqtwilight,UCB43EbKcdCCYvixCDKhAtDg,Climate Change,climate change,God Bless Trump.❤❤🎉🎉❤🎉❤🎉,2026-02-08T04:22:58Z,2026-02-08T04:22:58Z,1,0,ZhruqkPeJ6o,How to Make Climate Stories Impossible to Ignore | Katherine Dunn | TED,TED,33,https://www.youtube.com/watch?v=ZhruqkPeJ6o&lc=UgwLVH3WgRX5PYqLY154AaABAg,2026-08-05T20:00:30.841553+00:00
UgylDSyM3UIh3g81IYt4AaABAg,@JohnPaulRiger,UCeJy4GjX8cCGyPp9cPMjpGw,Climate Change,climate change,What would happen if everyone agreed to voluntarily stop reproducing for two decades starting right now?,2026-08-04T19:19:17Z,2026-08-04T19:19:17Z,0,0,Vl6VhCAeEfQ,The Tipping Points of Climate Change — and Where We Stand | Johan Rockström | TED,TED,34,https://www.youtube.com/watch?v=Vl6VhCAeEfQ&lc=UgylDSyM3UIh3g81IYt4AaABAg,2026-08-05T20:00:31.076674+00:00
UgzUedWxnLmSgRwSR314AaABAg,@stephenkenny1647,UCB8irdG_1TsYsSLznv-lmeg,Climate Change,climate change,"I basically agree with Bill on a lot of this but think this is a masterclass of chairing from Ezra, he puts the counterarguments extremely fairly but firmly and doesn't let Bill run off or talk over him.",2026-08-03T10:45:09Z,2026-08-03T10:45:09Z,0,0,ogAZS7_RhhA,The Miracles (and Maddening Politics) of the Clean Energy Revolution | The Ezra Klein Show,The Ezra Klein Show,37,https://www.youtube.com/watch?v=ogAZS7_RhhA&lc=UgzUedWxnLmSgRwSR314AaABAg,2026-08-05T20:00:31.616859+00:00
UgzCYOgfjACwqefyBUR4AaABAg,@DanOfTheCosmos,UCawKAluOQA89DnZiTDMfxnA,Climate Change,climate change,"I love how you gaslight the entire world. We failed the FN 2026 CO2 emission, we infact DOUBLED instead, how can you come here and say that we are making progress? Honestly, maybe you should shift your channel from being all happy and optimistic to a realist, because none of this makes me believe that we are less doomed than we already are.",2026-05-12T18:06:04Z,2026-05-12T18:06:04Z,0,1,vUA1kFSJnYQ,Fixing climate change is about to accelerate,Simon Clark,38,https://www.youtube.com/watch?v=vUA1kFSJnYQ&lc=UgzCYOgfjACwqefyBUR4AaABAg,2026-08-05T20:00:31.890187+00:00
Ugy4SlHdZ5zOpK8jX2d4AaABAg,@netmyth5472,UCgJgh60a_tHH0IKMA9pwdmQ,Climate Change,climate change,"Kurzgesagt, new video please? 🥺🙏🥹",2026-08-04T06:39:45Z,2026-08-04T06:39:45Z,3,0,LxgMdjyw8uw,We WILL Fix Climate Change!,Kurzgesagt – In a Nutshell,39,https://www.youtube.com/watch?v=LxgMdjyw8uw&lc=Ugy4SlHdZ5zOpK8jX2d4AaABAg,2026-08-05T20:00:32.250426+00:00
UgxqtSYoLUWd3rK7nKF4AaABAg,@dr.dfargo2921,UCxc5kEISRuIVQT1a4KTbpDA,Climate Change,climate change,I AM MORE WORRIED ABOUT BIG PHARMA THAN MOTHER NATURE. COMIRNATY IS THE TRUE FDA APPROVED VACCINE FOR COVID BUT WAS NOT AVAILABLE BEFORE 10 04/2023 TO GET EVERYBODY TO TAKE,2026-07-30T16:45:19Z,2026-07-30T16:45:19Z,0,0,CvkbQ725axQ,Climate Change Is Already Affecting Your Health. Here's What We Can Do.,Carnegie Endowment,40,https://www.youtube.com/watch?v=CvkbQ725axQ&lc=UgxqtSYoLUWd3rK7nKF4AaABAg,2026-08-05T20:00:32.409304+00:00
Ugyx6I77s2ldEC8IzG94AaABAg,@benoitdesrochers1720,UCPBsRxNZH4OmkVbNNo0VECg,Climate Change,climate change,"I believe the first chart shown, U.S. Billion-Dollar Weather and Climate Disasters, was adjusted for inflation (just in case someone wanted to claim it only makes sense that the cost of rebuilding after an event is much more today than, say, in 1960 and the threshold would be triggered more often).",2026-08-05T05:24:19Z,2026-08-05T05:24:19Z,0,0,vy-P6C2F0Wg,JUST IN: Sheldon Whitehouse And Ron Johnson Get Into Climate Change Debate On Senate Floor,Forbes Breaking News,2,https://www.youtube.com/watch?v=vy-P6C2F0Wg&lc=Ugyx6I77s2ldEC8IzG94AaABAg,2026-08-05T20:00:23.763926+00:00
UgziEZ68z2Rsiprhsxp4AaABAg,@adriandavis9075,UCibesvjgM8kgGGbGpiYPmyA,Climate Change,climate change,At this rate in another 25 years Jesus Christ,2026-07-02T14:20:58Z,2026-07-02T14:20:58Z,1,0,nwzIpxPsy2E,Record heatwave 'impossible' without climate change #weather #heatwave #climatechange,ITV News,3,https://www.youtube.com/watch?v=nwzIpxPsy2E&lc=UgziEZ68z2Rsiprhsxp4AaABAg,2026-08-05T20:00:24.023614+00:00
UgwNZ5g73NzfklcmD1J4AaABAg,@jamesmackie6641,UCHMKfwrDJmsI2eJqDqbJZFw,Climate Change,climate change,Things are always changing,2026-08-05T11:10:11Z,2026-08-05T11:10:11Z,0,3,Rl80Rzbpjx8,Witnessing the Impact of Climate Change,RAZOR Science Show,4,https://www.youtube.com/watch?v=Rl80Rzbpjx8&lc=UgwNZ5g73NzfklcmD1J4AaABAg,2026-08-05T20:00:24.129323+00:00
Ugz0c9RZLwX25Hquxeh4AaABAg,@oliverduke1173,UCwzjUdZyw2oFdu2MylYF-Rw,Climate Change,climate change,"Muh Anecdotal Evidence. 
Learn about the Roman Warm Period, not a lot of fossil fuels burned back then.",2026-06-26T12:37:46Z,2026-06-26T12:37:46Z,3,5,DOPcMMZ6FHU,1976 was an outlier. This isn't. ☀️ #summer #sun #climatechange #physics #nature,The Royal Society,6,https://www.youtube.com/watch?v=DOPcMMZ6FHU&lc=Ugz0c9RZLwX25Hquxeh4AaABAg,2026-08-05T20:00:24.401400+00:00
Ugx5ziHCwIPcdWZ5oBh4AaABAg,@gregsurridge7969,UCF93PScoeKJkjkAu4Rt-kAg,Climate Change,climate change,Just wait for the Continental shift 😅,2026-08-04T17:19:23Z,2026-08-04T17:19:23Z,0,0,LterhtcxtIk,“The End Of The WORLD?” | UK Food Shortages Warning as Drought Hits Farmers Due To Extreme Heat,TalkTV,7,https://www.youtube.com/watch?v=LterhtcxtIk&lc=Ugx5ziHCwIPcdWZ5oBh4AaABAg,2026-08-05T20:00:24.763112+00:00
Ugw2c6fDioOeDGfNg8t4AaABAg,@transplantman,UCAyMCn8ebVRindpb71dkxHw,Climate Change,climate change,"It is BANANAS that Elon Musk is going on TV talking about NPOs “filling in the gaps” of government action that HE defunded, instead of funding communities in his own country to make up for government action.",2026-08-01T01:31:48Z,2026-08-01T01:31:48Z,0,0,LwQyYPjm3rg,Climate Change is Destroying Lives... Now,ClimateAdam,8,https://www.youtube.com/watch?v=LwQyYPjm3rg&lc=Ugw2c6fDioOeDGfNg8t4AaABAg,2026-08-05T20:00:24.943245+00:00
UgyhlxUPt4ox9pt6wql4AaABAg,@BrightOmane-w3m4k,UCZ71tpphwev4d1s10agCoow,Climate Change,climate change,IS THE GREEN GAS BAD😮,2026-07-08T13:29:24Z,2026-07-08T13:29:24Z,1,0,myZAvqqp9Jc,Climate Change: How does it really work? | ClimateScience #1,ClimateScience - Solve Climate Change,9,https://www.youtube.com/watch?v=myZAvqqp9Jc&lc=UgyhlxUPt4ox9pt6wql4AaABAg,2026-08-05T20:00:25.254274+00:00
UgybPj3fyN4KSURhAT54AaABAg,@stuartbaines2843,UCKix3qyr3yByaxVlfhMO99g,Climate Change,climate change,"So now mr clarkson understands a tiny amount of climate change impacts 😂
Hilarious thanks",2026-06-07T11:24:08Z,2026-06-07T11:24:08Z,0,0,wmYcLgSLpUQ,Jeremy Clarkson says farming has given him a new perspective on the changing climate.,Times News,10,https://www.youtube.com/watch?v=wmYcLgSLpUQ&lc=UgybPj3fyN4KSURhAT54AaABAg,2026-08-05T20:00:25.503865+00:00
UgzVqdCsy_7tImI-x-Z4AaABAg,@kirkha100,UChxJ1RzeADFtMz61WkNz3VA,Climate Change,climate change,"Wait. Whut!? Are you heartbreakingly dumb clueless idiots just now, JUST NOW, realizing something’s wrong? 

Too late. 

I’m laughing, but it’s a sad sort of thing. Ya’ll still don’t know the half of it. 

WASF.",2026-06-02T23:24:33Z,2026-06-02T23:24:33Z,0,0,vM6SRQqyvWc,Climate change is fueling more extreme weather,Associated Press,11,https://www.youtube.com/watch?v=vM6SRQqyvWc&lc=UgzVqdCsy_7tImI-x-Z4AaABAg,2026-08-05T20:00:25.713846+00:00
Ugz433o_rWmsTZMD-TR4AaABAg,@BillPizzey,UCAEJ7Vh3ndNMJA-NKH2UFGQ,Climate Change,climate change,"So Steve don't worry about the natural environment, 
you don't need it, 
you just need oil and coal, because free fuel for solar panels is costly.

50 deg days are perfect for ... 

Have a look at South Australia, Wind, Solar and Batteries now supply 80% of the power.
at a cheaper price, than burning coal and gas.

Steve Koonin may be a fantastic physicist, but is missing the point of climate change.

In the UK a warmer climate may be great. 
but in other parts of the world.
it is causing great problems.
Many Pacific Nations are in the process of being drowned as the 
sea level rises due to a warmer ocean. eg Tuvalu
The Great Barrier Reef in Australia is having recurring bleaching events.
slowly destroying it and the biosphere that it supports.

Firefighters is Australia are having to work harder to contain bush fires.

But it only costs 1-2% of GDP so Steve says.

Thats really great when you end up living in a cave.

The point of action on climate change is that it is like an insurance policy.
We are paying money to avoid a cost, that is currently unable to be quantified.

In July 2026 Electric & Hybrid Vehicles are now 50%
And with Solar on your roof cost nothing for fuel, maintenance is only 25% of an ICE car
the pay back time is fast.",2026-08-05T14:21:56Z,2026-08-05T14:21:56Z,0,0,nl__O_QGIR4,What Climate Science Actually Says vs. What You've Been Told It Says,Alliance for Responsible Citizenship,12,https://www.youtube.com/watch?v=nl__O_QGIR4&lc=Ugz433o_rWmsTZMD-TR4AaABAg,2026-08-05T20:00:26.210554+00:00
UgzOQ8NpwFb4nhcId_x4AaABAg,@Jonathan-mg3yn,UCyKO56OcX2zYnqQhMeUtGQA,Climate Change,climate change,"...The humanity will pay the price. ,every guy with a bit smartness and education will understand  that there is a  human made climate change",2026-07-25T21:10:25Z,2026-07-25T21:10:25Z,0,0,fNw-b8yA1xU,Joe Rogan schools Bernie Sanders on climate change,News24,13,https://www.youtube.com/watch?v=fNw-b8yA1xU&lc=UgzOQ8NpwFb4nhcId_x4AaABAg,2026-08-05T20:00:26.444442+00:00
Ugw9Z8citYlYxA5UQJV4AaABAg,@jammydodger1186,UCZbPQUW6XH1DmGwsHcMGUJQ,Climate Change,climate change,"Because I know how much Tim loves football... 
Tim Stanley 0-3 Lord Frost
Also, Tim Stanley were down to 8 men, by the end of the match.",2026-08-05T09:14:51Z,2026-08-05T09:14:51Z,0,0,8FFrQ2PvKJQ,Lord Frost vs Tim Stanley: How the Right is getting climate change wrong | The Daily T,The Telegraph,14,https://www.youtube.com/watch?v=8FFrQ2PvKJQ&lc=Ugw9Z8citYlYxA5UQJV4AaABAg,2026-08-05T20:00:26.646687+00:00
Ugx13nUt8FjYN03PIqh4AaABAg,@FelipeKana1,UC8EvpwztW9m2dF1-A2ijQxg,Climate Change,climate change,Ooo covid well seen like a kid joke when the worst of the climate heating hits,2026-06-14T15:30:33Z,2026-06-14T15:30:33Z,0,0,TqwwlCIQP-I,Is climate change as bad for our health as COVID-19?,Simon Clark,15,https://www.youtube.com/watch?v=TqwwlCIQP-I&lc=Ugx13nUt8FjYN03PIqh4AaABAg,2026-08-05T20:00:26.763784+00:00
Ugx6QTs0qqjBdUIUfNh4AaABAg,@P4rz1va1,UC_1iAM2nDcZ0FnARbx-nakQ,Climate Change,climate change,"That's some Ricky Gervais energy right there, lol.

New Golden Globes host anyone?",2026-06-05T09:09:12Z,2026-06-05T09:09:12Z,0,0,sVDCN1PyKrw,Joking about climate change for a futile cause ❄️🌎🤣 | Gianmarco Soresi | Stand Up Comedy,Gianmarco Soresi,16,https://www.youtube.com/watch?v=sVDCN1PyKrw&lc=Ugx6QTs0qqjBdUIUfNh4AaABAg,2026-08-05T20:00:27.007504+00:00
UgzJwmAS1cDrUIk9qZ94AaABAg,@amiava4213,UCG6A7AW8wew3QdhAo3PVP3A,Climate Change,climate change,"How do I know that the climate *crisis* is a scam? Here are five reasons:

1️⃣ None of the politicians, celebrities, or “scientists” yammering about it have altered their lifestyles an inch. If they opted to forgo using O&G products, then I’d take them seriously. Actions speak louder than words.

2️⃣ Climate conferences aren’t being held virtually on Zoom using their large meeting extensions. It’s doable, they just choose not to. They like to fly overseas to lecture us about reducing our “carbon footprint” all the while they do nothing to lower their own.

3️⃣ Wealthier alarmists are still living on or buying oceanfront property. If ocean levels were really rising at a catastrophic rate (as opposed to the gradual increase that is actually occurring), then they would move inland and banks would not approve loans.

4️⃣ Alarmists rarely, if ever criticize China and India, and they always come up with all sorts of wonderful excuses as to why those nations get a free pass to continue emitting so-called “carbon pollution.” 

5️⃣ The only solutions they offer involve increased governmental power. Higher taxes. EV mandates. Restrictions or bans on the energy sectors they don’t like.

And, as an added bonus, no real-world data proves, much less suggests that we are facing an “existential crisis.” Even the IPCC doesn’t use such rhetoric because it isn’t based on science.

I don’t deny that climate change exists.

It always has. And, I don’t even deny that at least some of the increase in temperatures is anthropogenic.

But I just don’t care because it isn’t that big of a deal.

Extreme weather cannot be taxed away. Our vulnerability will continue to increase so long as we build in disaster-prone areas.

Politicians cannot take our wallets and set a thermostat on the planet.",2026-04-25T15:22:15Z,2026-04-25T15:22:15Z,1,3,KXgAzTdAxJ4,Climate change reality check,ABC News,17,https://www.youtube.com/watch?v=KXgAzTdAxJ4&lc=UgzJwmAS1cDrUIk9qZ94AaABAg,2026-08-05T20:00:27.234154+00:00
UgxDfgVmdx0U385ouwd4AaABAg,@rodmartin-nl8ns,UCQIO1RCkAnNIrjnhSXOzSNw,Climate Change,climate change,"Hey l  am english in Chinese please 
MAKE MORE SENSE HEHE",2026-05-29T00:06:03Z,2026-05-29T00:06:03Z,0,0,vjZnUl3OkCI,How to talk about CLIMATE CHANGE in English,English Speaking Success,18,https://www.youtube.com/watch?v=vjZnUl3OkCI&lc=UgxDfgVmdx0U385ouwd4AaABAg,2026-08-05T20:00:27.492978+00:00
UgwGETD4Qt7pMQr7Ayd4AaABAg,@Sigma91208,UCaVEMxNgaFgShehgczptUxg,Climate Change,climate change,the goat bro u are my nly reason i can get a 5 on science,2025-03-13T18:58:07Z,2025-03-13T18:58:07Z,4,0,MxS4pMc2O2Y,"GCSE Chemistry Revision ""Climate Change""",Freesciencelessons,19,https://www.youtube.com/watch?v=MxS4pMc2O2Y&lc=UgwGETD4Qt7pMQr7Ayd4AaABAg,2026-08-05T20:00:27.701096+00:00
Ugz7jwwLXkQiZA2Ak6J4AaABAg,@bankerlangwanniang9054,UC7ZiMStfCmtIr1GxLxsTntA,Climate Change,climate change,😂sngew ia hap 💯,2026-08-04T22:19:19Z,2026-08-04T22:19:19Z,1,1,20ZobQJjdX4,CLIMATE CHANGE HAKA SHI LOK// daddy goh goh ⚡⚡,Riban Lyngdoh,20,https://www.youtube.com/watch?v=20ZobQJjdX4&lc=Ugz7jwwLXkQiZA2Ak6J4AaABAg,2026-08-05T20:00:28.025340+00:00
UgxpB0-O1w_Gn8ipBnd4AaABAg,@sheilawu4405,UCXxBwVohQEy9gt9mxByhc9Q,Climate Change,climate change,"Q: How is the UK performing in environmental policies compared to the EU?

I have seen a lot of progress in the UK, but I want to know how well it is in comparison to France, Germany and Spain.
The increase of EVs on the road is one good indicator of this. But what about other countries?",2026-01-18T22:13:01Z,2026-01-18T22:13:01Z,0,0,bsBG2jEZApI,"How are doctors dealing with climate change? - The Climate Question podcast, BBC World Service",BBC World Service,21,https://www.youtube.com/watch?v=bsBG2jEZApI&lc=UgxpB0-O1w_Gn8ipBnd4AaABAg,2026-08-05T20:00:28.225901+00:00
UgySocQAMU50N4Dt-SN4AaABAg,@kaci0098,UCRSyAnmG9UPWIOncY6Xo-tQ,Climate Change,climate change,I've always been wondering how important insects are to earth and this episode is so informative and interesting. Thank you 🙏,2026-07-09T09:19:51Z,2026-07-09T09:19:51Z,0,0,zQCbGGVRs6k,"Coffee? Chocolate? How climate change affects food - The Climate Question podcast, BBC World Service",BBC World Service,24,https://www.youtube.com/watch?v=zQCbGGVRs6k&lc=UgySocQAMU50N4Dt-SN4AaABAg,2026-08-05T20:00:28.743075+00:00
Ugzbi7HRYjJpIbEIX4h4AaABAg,@theanarkiddie4569,UCk4u72ORwOiVLeiz5R0s7Vw,Climate Change,climate change,"Every time I open this video to rewatch it I just end up craving chocolate cake. Gosh, I love chocolate cake.

(Thanks for the video Simon!)",2026-07-29T11:01:58Z,2026-07-29T11:02:13Z,1,0,BWHfkkHmMJI,The easiest climate change win ever,Simon Clark,25,https://www.youtube.com/watch?v=BWHfkkHmMJI&lc=Ugzbi7HRYjJpIbEIX4h4AaABAg,2026-08-05T20:00:28.958511+00:00
Ugz54F9V4wzu_Hi2wcZ4AaABAg,@ericberger1000,UClTOReRIeXEO6vuSWyfEz6Q,Climate Change,climate change,Thanks for setting the record straight!,2026-07-09T23:40:59Z,2026-07-09T23:40:59Z,0,0,ckVZrqJ1bUc,"Climate Change: New Data, New Debate",Bulletin of the Atomic Scientists,26,https://www.youtube.com/watch?v=ckVZrqJ1bUc&lc=Ugz54F9V4wzu_Hi2wcZ4AaABAg,2026-08-05T20:00:29.269527+00:00
UgzCzVWuFm5FqNa8Fed4AaABAg,@gamingtonight1526,UCvzWdfNMZjMrxp1j4W3v3yg,Climate Change,climate change,"Shows a lawn being cut by a PETROL machine. Humans are so stupid, there is no way civilization will survive the next decade!",2026-07-27T09:24:43Z,2026-07-27T09:24:43Z,0,0,2-YLcsEPpuE,Climate change fueled the 2026 snow drought,9NEWS,27,https://www.youtube.com/watch?v=2-YLcsEPpuE&lc=UgzCzVWuFm5FqNa8Fed4AaABAg,2026-08-05T20:00:29.405601+00:00
UgxCg-llpiQHa1jIkid4AaABAg,@NazarAliRind-jr3ge,UCYwqgfGSGUiXuoEI_iLIFcw,Climate Change,climate change,Good,2025-08-05T19:43:00Z,2025-08-05T19:43:00Z,1,0,7o3EFSFAEFM,Climate Change – MIND MAP ENVIRONMENT | Drishti IAS ENGLISH,Drishti IAS : English,28,https://www.youtube.com/watch?v=7o3EFSFAEFM&lc=UgxCg-llpiQHa1jIkid4AaABAg,2026-08-05T20:00:29.595136+00:00
Ugwzr0pf1zlq1bNVdBZ4AaABAg,@Afiya-k3x,UCPep2etMxDSQl5oyCOqntKA,Climate Change,climate change,This was so well delivered.,2025-09-24T19:26:03Z,2025-09-24T19:26:03Z,1,0,tMwFNMfjFuU,What is Climate Change? Crash Course Geography #14,CrashCourse,29,https://www.youtube.com/watch?v=tMwFNMfjFuU&lc=Ugwzr0pf1zlq1bNVdBZ4AaABAg,2026-08-05T20:00:30.098027+00:00
Ugy119TOzeV11YUoiyR4AaABAg,@roberthicks5454,UCXHM0OGX3nxze2tQdc5_UJQ,Climate Change,climate change,"The good is the climate change is normal. Its what has happened thousands times in the past. There is a consensus among REAL Scientist that this is a hoax. TENS of THOUSANDS of real scientist have signed papers stating it is a hoax, but only a couple thousand people claim it is real. How do they get a so called consensus it is real? By only asking people who have a title that you can only get if you claim it is real. The title Climatologist as invented by Michael Mann, who got a tenure as a professor of climatologist because there were no other climatologist professors. He makes a hundred thousand dollars a speaking engagement, so he has to keep pushing that claim. When he went to Nature, a non science specific journal to publish a paper that was blocked in multiple science specific Journals, they said they did not have any climatologist to review it, so they asked him who he wanted. He named James Hansen, a physics, to review a paper written by a geologist about tree rings. Since he knew that James Hansen was an ardent supporter of man made climate change (he got paid by publishing papers on the subject), he knew that Hansen would support him. That made both of them the only climatologist. IF anyone wanted to publish a paper on climate in NATURE after that, they had to agree with them or it would be blocked. Therefore 100% of climatologist agree that it is man made.

Real scientist disagree.",2026-03-20T04:03:08Z,2026-03-20T04:03:08Z,0,2,qYBRMGpp8ZI,"The Good, the Bad, and the Ugly: Ongoing Climate Change Acceleration and Impacts",Paul Beckwith,30,https://www.youtube.com/watch?v=qYBRMGpp8ZI&lc=Ugy119TOzeV11YUoiyR4AaABAg,2026-08-05T20:00:30.323494+00:00
UgzlAw1ecSigxModQqJ4AaABAg,@JimV-oi4ph,UCymDnWH8TkyWe5y1jien9xg,Climate Change,climate change,This guy is insane.,2026-08-02T18:53:48Z,2026-08-02T18:53:48Z,0,0,7Ewg4Ws1zc0,“I’m F—-ing Terrified” - Economist REFUSED To Have Kids Over Climate Change,Valuetainment,31,https://www.youtube.com/watch?v=7Ewg4Ws1zc0&lc=UgzlAw1ecSigxModQqJ4AaABAg,2026-08-05T20:00:30.481543+00:00
UgyyuuivPoI2fK3omVp4AaABAg,@amiava4213,UCG6A7AW8wew3QdhAo3PVP3A,Climate Change,climate change,"Isn’t this glorious?

Northeastern States Rollback Unaffordable Green Energy Policies

by Gabriella Hoffman

For decades, some states have aggressively prioritized green energy mandates over reliability and affordability. Today, many are grappling with energy crises that are entirely self-inflicted.

While legislators blame the Trump administration, data centers and energy producers for rising costs, the data show that blame falls squarely on state-level clean energy mandates. 

Over the last five years, New England energy costs rose 29 percent. New York’s electricity rates are 70 percent higher than the national average. New England electricity rates (29.42 cents/kWh) are 59 percent higher compared to the national average (18.56 cents/kWh). 

Under the Federal Power Act of 1935, Congress delegated to all states the authority to regulate electricity markets within their borders. Overwhelmingly higher costs today are directly attributable to green mandates, including but not limited to renewable portfolio standards, aggressive 100 percent clean energy targets, and participation in the Regional Greenhouse Gas Initiative. Faced with this economic fallout, climate-aligned lawmakers are quietly retreating from the mandates they once championed to salvage their credibility on affordability.

State lawmakers promoted clean energy mandates to phase out coal, oil and natural gas, with the state goal of reaching carbon neutrality by 2050. Consumers may like the idea of decarbonization in general, but not when it hits them with historically high energy costs. As the economic consequences become harder to ignore, lawmakers across New England are beginning to reconsider some of the climate mandates they once championed.

Even if well-intended, climate policies inevitably drive up utility costs. According to a November 2025 Heatmap News report, analysts acknowledged that pursuing 100 percent clean energy goals with intermittent wind, solar, electric vehicles and battery storage is cost-prohibitive. Transitioning away from secure, abundant conventional power sources requires trillions in capital, replacing reliability with part-time energy sources that won’t lower costs nor help meet rising electricity demand.",2026-07-23T10:39:02Z,2026-07-23T10:39:02Z,0,0,13a1hYovpvc,Worrying about climate change #jimmycarr #britishcomedy #standupcomedy,More Jimmy Carr,32,https://www.youtube.com/watch?v=13a1hYovpvc&lc=UgyyuuivPoI2fK3omVp4AaABAg,2026-08-05T20:00:30.599431+00:00
Ugx2VmqtG_v3SB55aR94AaABAg,@douglasengle2704,UCp8F2iJj-wGKGMt5hSBwK-g,Climate Change,climate change,"NASA reports global warming at 1°C since 1992.  The cause of global warming is not known.  Earth’s water vapor saturated greenhouse effect can not have its overall effect changed completely absorbing all the greenhouse radiant energy within a few meters of the radiating surface adding 10°F to earth’s average temperature (1978 earth science Marshall High School, Falls Church VA).  On average water vapor with a CO2e of 18 and 1% of the troposphere is over 99.5% share.",2025-11-03T21:39:39Z,2025-11-03T21:39:39Z,0,0,ZhruqkPeJ6o,How to Make Climate Stories Impossible to Ignore | Katherine Dunn | TED,TED,33,https://www.youtube.com/watch?v=ZhruqkPeJ6o&lc=Ugx2VmqtG_v3SB55aR94AaABAg,2026-08-05T20:00:30.841553+00:00
Ugwjzlj2XxVxdFB9yFF4AaABAg,@MR-hv1mo,UCCoMUiBvmfSf5nBV4zHvrUg,Climate Change,climate change,The fact that we are STILL burning fossil fuels is abhorrent.,2026-08-03T15:28:44Z,2026-08-03T15:28:44Z,0,0,Vl6VhCAeEfQ,The Tipping Points of Climate Change — and Where We Stand | Johan Rockström | TED,TED,34,https://www.youtube.com/watch?v=Vl6VhCAeEfQ&lc=Ugwjzlj2XxVxdFB9yFF4AaABAg,2026-08-05T20:00:31.076674+00:00
UgxdcNFNL1Ej6HQ3cjl4AaABAg,@charliedarwin8481,UCe4CSfYSsT_2E-5W_bkePUg,Climate Change,climate change,"Having a fuzzy wuzzy guy like this on isn’t really helpful.  Aspirational maybe, but hardly any hard headed analysis that can help people really think about and understand a topic as complex as climate change and the way through it.",2026-07-31T10:24:40Z,2026-07-31T10:24:40Z,0,0,ogAZS7_RhhA,The Miracles (and Maddening Politics) of the Clean Energy Revolution | The Ezra Klein Show,The Ezra Klein Show,37,https://www.youtube.com/watch?v=ogAZS7_RhhA&lc=UgxdcNFNL1Ej6HQ3cjl4AaABAg,2026-08-05T20:00:31.616859+00:00
UgwelBz-GTdvZQMJqe14AaABAg,@PaulineRafferty-jh6dk,UC0WRvpmRkXdUUxreuTQWT7g,Climate Change,climate change,"Fix it in what way? Fix what? What are we going to charge the climate too ? Is there a specific era or time from the earth’s past climate that we should return to? (Careful what you wish for), Or are we engineering a completely new planetary climate system, which offers what exactly? What guarantee do we have that we can alter the climate in any meaningful way. What scientific evidence is there that says we can change the climate even if we wanted to.",2026-05-09T02:58:35Z,2026-05-09T02:58:35Z,0,0,vUA1kFSJnYQ,Fixing climate change is about to accelerate,Simon Clark,38,https://www.youtube.com/watch?v=vUA1kFSJnYQ&lc=UgwelBz-GTdvZQMJqe14AaABAg,2026-08-05T20:00:31.890187+00:00
UgzAGlwVlyJEmehNPXR4AaABAg,@bayuarkaan6242,UCowS-YEKnN4O2HQC1Wh0CkA,Climate Change,climate change,...,2026-08-02T08:39:12Z,2026-08-02T08:39:12Z,1,0,LxgMdjyw8uw,We WILL Fix Climate Change!,Kurzgesagt – In a Nutshell,39,https://www.youtube.com/watch?v=LxgMdjyw8uw&lc=UgzAGlwVlyJEmehNPXR4AaABAg,2026-08-05T20:00:32.250426+00:00
UgwNq4cC4kvf9Mvxwfl4AaABAg,@Jeb-o9w,UCSSgTzUYKzSKKkp8APCuJ6w,Climate Change,climate change,"Anything with the name Carnegie attached to it is complete and udder bullshlt! Same goes for Morgan, Stanley, Rockefeller, and Chase!",2026-07-30T16:11:55Z,2026-07-30T16:13:06Z,0,0,CvkbQ725axQ,Climate Change Is Already Affecting Your Health. Here's What We Can Do.,Carnegie Endowment,40,https://www.youtube.com/watch?v=CvkbQ725axQ&lc=UgwNq4cC4kvf9Mvxwfl4AaABAg,2026-08-05T20:00:32.409304+00:00
Ugz1b-R6cEhf_0T0xSR4AaABAg,@Cornel-b8l,UCPvOfIeW3rr-89bSjG21zPg,Climate Change,climate change,This man has been drinking.,2026-08-05T03:48:44Z,2026-08-05T03:48:44Z,0,1,vy-P6C2F0Wg,JUST IN: Sheldon Whitehouse And Ron Johnson Get Into Climate Change Debate On Senate Floor,Forbes Breaking News,2,https://www.youtube.com/watch?v=vy-P6C2F0Wg&lc=Ugz1b-R6cEhf_0T0xSR4AaABAg,2026-08-05T20:00:23.763926+00:00
UgxH7pB8wQIdjx0hLF94AaABAg,@Dale-o2s,UCmSLskDGlDx14OZkK_Z9tuA,Climate Change,climate change,"Being completely unbiased 

No one can deny the weather has been very hot recently and changes in the climate are clearly evident but it also makes you wonder with all this heat Europe is currently experiencing why will numerous northern US states experience very high amounts of snow for independence day the 4 of July is this something we should also be very concerned about also as this isn't a normal weather patten either for the US states at this time of the year",2026-07-01T17:28:27Z,2026-07-01T17:28:27Z,0,0,nwzIpxPsy2E,Record heatwave 'impossible' without climate change #weather #heatwave #climatechange,ITV News,3,https://www.youtube.com/watch?v=nwzIpxPsy2E&lc=UgxH7pB8wQIdjx0hLF94AaABAg,2026-08-05T20:00:24.023614+00:00
UgxQ-B9owr8FKqsNzrF4AaABAg,@Stu9395,UCsajduHPNmE4h9ZyajzKljQ,Climate Change,climate change,"We ALWAYS had hot summers back in the 70s and 80s, so hot it would melt the tar on the pavement so your one year of hot weather argument is false. Why didn’t it take too long to change your GLOBAL WARMING statements. ?",2026-06-26T11:21:48Z,2026-06-26T11:21:48Z,0,1,DOPcMMZ6FHU,1976 was an outlier. This isn't. ☀️ #summer #sun #climatechange #physics #nature,The Royal Society,6,https://www.youtube.com/watch?v=DOPcMMZ6FHU&lc=UgxQ-B9owr8FKqsNzrF4AaABAg,2026-08-05T20:00:24.401400+00:00
Ugy2uOOh0UqmQAHxIg94AaABAg,@mattanderson6672,UCC2-yMJUTNX_OCJpTraZwIg,Climate Change,climate change,Unite the Right,2026-08-04T16:34:45Z,2026-08-04T16:34:45Z,0,0,LterhtcxtIk,“The End Of The WORLD?” | UK Food Shortages Warning as Drought Hits Farmers Due To Extreme Heat,TalkTV,7,https://www.youtube.com/watch?v=LterhtcxtIk&lc=Ugy2uOOh0UqmQAHxIg94AaABAg,2026-08-05T20:00:24.763112+00:00
UgxuKaBSl00guY8vSRV4AaABAg,@HopyHop1,UCUPBNBUDZjYJ96LBTmy-cgA,Climate Change,climate change,"Have you read, ""Slaying the Sky Dragon: Death of the Greenhouse Gas Theory""?",2026-07-28T13:28:50Z,2026-07-28T13:28:50Z,0,0,LwQyYPjm3rg,Climate Change is Destroying Lives... Now,ClimateAdam,8,https://www.youtube.com/watch?v=LwQyYPjm3rg&lc=UgxuKaBSl00guY8vSRV4AaABAg,2026-08-05T20:00:24.943245+00:00
Ugy_UqdN7_K10HDvMBx4AaABAg,@Sandeep_chand16,UCyz6j1DoxGjztzd-YuYpecw,Climate Change,climate change,How terrorizing fact is it that it took 5000 years for 5°C increase in atmospheric temperature but we the humans have made 1°C increase since 1975 (51 years ) 😢,2026-06-02T09:25:31Z,2026-06-02T09:26:07Z,0,0,myZAvqqp9Jc,Climate Change: How does it really work? | ClimateScience #1,ClimateScience - Solve Climate Change,9,https://www.youtube.com/watch?v=myZAvqqp9Jc&lc=Ugy_UqdN7_K10HDvMBx4AaABAg,2026-08-05T20:00:25.254274+00:00
Ugw6vsvizbmPXVoqEC54AaABAg,@stephenbeauchesne1584,UCcOvIvinpWWvuBjCXZ3gHJw,Climate Change,climate change,"yes the climate changes, we are coming out of an ice age so nothing is going to be as it was during the ice age morons conflating and simplifying the facts",2026-06-07T10:50:11Z,2026-06-07T10:50:11Z,0,0,wmYcLgSLpUQ,Jeremy Clarkson says farming has given him a new perspective on the changing climate.,Times News,10,https://www.youtube.com/watch?v=wmYcLgSLpUQ&lc=Ugw6vsvizbmPXVoqEC54AaABAg,2026-08-05T20:00:25.503865+00:00
UgxMevz0xOq_ht0Pcnl4AaABAg,@JaredPitchford,UCfNqmNIjfO68tkhf7qoBv9g,Climate Change,climate change,"Plant more trees and feed the algae, not to hard increase the things that remove green house gases. Move to nuclear energy.",2026-08-05T14:19:18Z,2026-08-05T14:19:18Z,0,0,nl__O_QGIR4,What Climate Science Actually Says vs. What You've Been Told It Says,Alliance for Responsible Citizenship,12,https://www.youtube.com/watch?v=nl__O_QGIR4&lc=UgxMevz0xOq_ht0Pcnl4AaABAg,2026-08-05T20:00:26.210554+00:00
UgwfkYoFtsL-PpT4CSF4AaABAg,@SendingFreedomTM,UCMQhvKxt2N0JAWQYbDT1R9g,Climate Change,climate change,Global warming is actually good anyways the best periods were warm. It's ice ages and freezes that kill life,2026-07-15T07:50:04Z,2026-07-15T07:50:04Z,0,0,fNw-b8yA1xU,Joe Rogan schools Bernie Sanders on climate change,News24,13,https://www.youtube.com/watch?v=fNw-b8yA1xU&lc=UgwfkYoFtsL-PpT4CSF4AaABAg,2026-08-05T20:00:26.444442+00:00
UgwVHm_oPQERUqorX8Z4AaABAg,@OgreMan-cg6ok,UCwTHxUnQbqO-bWDC3x8T4Gw,Climate Change,climate change,"This discussion has got to be the most shameful platforming of climate denial I have witnessed in years. Mr Frost is gently led through the hackneyed parroting of divisive, diversionary and denial
 fantasies, all of it to support unbridled capital abuse and the continued worship of wealth inequaity. It is a blatant crime against life itself.",2026-08-05T08:34:10Z,2026-08-05T08:34:10Z,0,0,8FFrQ2PvKJQ,Lord Frost vs Tim Stanley: How the Right is getting climate change wrong | The Daily T,The Telegraph,14,https://www.youtube.com/watch?v=8FFrQ2PvKJQ&lc=UgwVHm_oPQERUqorX8Z4AaABAg,2026-08-05T20:00:26.646687+00:00
Ugx7CTlhoM-lYZ_Gg0B4AaABAg,@bilalk85,UCj5Ng6seSLa33rU7cQb0tQw,Climate Change,climate change,"The more droughts, lesser rains, agricultural disasters, we know what that's leading to! He Who Must Not Be Named will return when these calamities reach their absolute max!",2026-06-14T11:10:07Z,2026-06-14T11:10:07Z,0,0,TqwwlCIQP-I,Is climate change as bad for our health as COVID-19?,Simon Clark,15,https://www.youtube.com/watch?v=TqwwlCIQP-I&lc=Ugx7CTlhoM-lYZ_Gg0B4AaABAg,2026-08-05T20:00:26.763784+00:00
UgxTkJdnTJ4E1-2WrNl4AaABAg,@dravenpetroski9109,UCamr6fC8aE_w8wqkmar3V2w,Climate Change,climate change,"Honestly, valid crashout 💀",2026-06-03T04:19:00Z,2026-06-03T04:19:00Z,0,0,sVDCN1PyKrw,Joking about climate change for a futile cause ❄️🌎🤣 | Gianmarco Soresi | Stand Up Comedy,Gianmarco Soresi,16,https://www.youtube.com/watch?v=sVDCN1PyKrw&lc=UgxTkJdnTJ4E1-2WrNl4AaABAg,2026-08-05T20:00:27.007504+00:00
UgwuXdCGLVUbiXANn4h4AaABAg,@katrinamillings3651,UCEARlRL7g2E8vjIzhxT75HA,Climate Change,climate change,"Give up AI. If you need it to create your art, you aren't an artist. If you use it, don't complain about the conservatives and their oil companies. It's nothing compared to what AI will destroy.",2026-04-24T10:59:24Z,2026-04-24T10:59:24Z,1,0,KXgAzTdAxJ4,Climate change reality check,ABC News,17,https://www.youtube.com/watch?v=KXgAzTdAxJ4&lc=UgwuXdCGLVUbiXANn4h4AaABAg,2026-08-05T20:00:27.234154+00:00
UgxH2uTgrFoQ5mRgUbt4AaABAg,@vivekghelani6458,UCmHLt4DtgPV90jAd50dO03A,Climate Change,climate change,🌳🙏💯,2026-04-30T14:05:50Z,2026-04-30T14:05:50Z,0,0,vjZnUl3OkCI,How to talk about CLIMATE CHANGE in English,English Speaking Success,18,https://www.youtube.com/watch?v=vjZnUl3OkCI&lc=UgxH2uTgrFoQ5mRgUbt4AaABAg,2026-08-05T20:00:27.492978+00:00
UgyilvF8T3QVnr3vkYZ4AaABAg,@michelleyia,UCuUylEb5no4rvAqWR8IcYyQ,Climate Change,climate change,can you expand on how methane is produced by growing rice in a bit more detail? or is it on necessary to know,2024-12-28T04:36:37Z,2024-12-28T04:36:37Z,2,0,MxS4pMc2O2Y,"GCSE Chemistry Revision ""Climate Change""",Freesciencelessons,19,https://www.youtube.com/watch?v=MxS4pMc2O2Y&lc=UgyilvF8T3QVnr3vkYZ4AaABAg,2026-08-05T20:00:27.701096+00:00
UgwRNPsF_62gBJWAGNh4AaABAg,@PhliskaLlyngkhoi,UCX0vAVopudciIlztVvO2L1Q,Climate Change,climate change,Phi ia nangbha riban,2026-08-04T15:42:42Z,2026-08-04T15:42:42Z,1,1,20ZobQJjdX4,CLIMATE CHANGE HAKA SHI LOK// daddy goh goh ⚡⚡,Riban Lyngdoh,20,https://www.youtube.com/watch?v=20ZobQJjdX4&lc=UgwRNPsF_62gBJWAGNh4AaABAg,2026-08-05T20:00:28.025340+00:00
UgxeCy61brkDpevrgRF4AaABAg,@paul5540,UCwnsHwOYEM2z8tPxrgfSsSQ,Climate Change,climate change,"Earth doing just fine uuuu will die,  i will fix u",2026-01-10T04:24:24Z,2026-01-10T04:24:24Z,0,0,bsBG2jEZApI,"How are doctors dealing with climate change? - The Climate Question podcast, BBC World Service",BBC World Service,21,https://www.youtube.com/watch?v=bsBG2jEZApI&lc=UgxeCy61brkDpevrgRF4AaABAg,2026-08-05T20:00:28.225901+00:00
UgwtIyz_VU-dJsgXsnp4AaABAg,@LosCozyBeans,UCKKt-7a9fQK2VHqfcLSouHA,Climate Change,climate change,Why’s there so many damn mosquitos still,2026-07-01T05:31:17Z,2026-07-01T05:31:17Z,3,1,zQCbGGVRs6k,"Coffee? Chocolate? How climate change affects food - The Climate Question podcast, BBC World Service",BBC World Service,24,https://www.youtube.com/watch?v=zQCbGGVRs6k&lc=UgwtIyz_VU-dJsgXsnp4AaABAg,2026-08-05T20:00:28.743075+00:00
UgxSYlTHqlQIXs-HdR54AaABAg,@insta_725,UCycj-YeEa29jbMtKQAlbO8g,Climate Change,climate change,Guys we can all stop methane emission if we all decide to not fart together,2026-07-28T18:38:38Z,2026-07-28T18:38:38Z,0,0,BWHfkkHmMJI,The easiest climate change win ever,Simon Clark,25,https://www.youtube.com/watch?v=BWHfkkHmMJI&lc=UgxSYlTHqlQIXs-HdR54AaABAg,2026-08-05T20:00:28.958511+00:00
Ugx8pnekAhZt5PQ2nq14AaABAg,@robinwcollins,UCnfYGIDKps2D1swqJ8Lr-4A,Climate Change,climate change,Very happy to hear Mann contemplating SRM geoengineering now.,2026-07-06T18:13:11Z,2026-07-06T18:13:11Z,0,0,ckVZrqJ1bUc,"Climate Change: New Data, New Debate",Bulletin of the Atomic Scientists,26,https://www.youtube.com/watch?v=ckVZrqJ1bUc&lc=Ugx8pnekAhZt5PQ2nq14AaABAg,2026-08-05T20:00:29.269527+00:00
UgwU0--oAnVtKF7Y9N14AaABAg,@bullh7414,UCEqN-GB9egEJimKJdkZgGyQ,Climate Change,climate change,welcome to the Permian period. You won't like what you see!,2026-07-23T22:12:11Z,2026-07-23T22:12:11Z,0,0,2-YLcsEPpuE,Climate change fueled the 2026 snow drought,9NEWS,27,https://www.youtube.com/watch?v=2-YLcsEPpuE&lc=UgwU0--oAnVtKF7Y9N14AaABAg,2026-08-05T20:00:29.405601+00:00
Ugyt6lFVYn09fpMfNSB4AaABAg,@caboguide,UCClBrEcqqSbXc5bR8pYn_gA,Climate Change,climate change,Climate change is happening on all planets and the reason is not good. Why do you think the elites are building bunkers? Are you prepared? Receipts found at SpaceWeatherNews (S0).,2025-03-19T14:52:35Z,2025-03-19T14:52:35Z,1,0,7o3EFSFAEFM,Climate Change – MIND MAP ENVIRONMENT | Drishti IAS ENGLISH,Drishti IAS : English,28,https://www.youtube.com/watch?v=7o3EFSFAEFM&lc=Ugyt6lFVYn09fpMfNSB4AaABAg,2026-08-05T20:00:29.595136+00:00
UgyGEv9tmg0CU1wmQMd4AaABAg,@ShenaGer-e1q,UCmG-XU1G8-Vf4Y1yUZYawQA,Climate Change,climate change,This was nicely explained.,2025-09-12T12:50:25Z,2025-09-12T12:50:25Z,1,0,tMwFNMfjFuU,What is Climate Change? Crash Course Geography #14,CrashCourse,29,https://www.youtube.com/watch?v=tMwFNMfjFuU&lc=UgyGEv9tmg0CU1wmQMd4AaABAg,2026-08-05T20:00:30.098027+00:00
UgzCx30NxsGg537Cxpx4AaABAg,@David-h5r1x,UCJXwcOiPToZeH00zgziTTCQ,Climate Change,climate change,Climate change is self correcting due to the political climate. The earth will heal after we are gone.,2026-03-08T04:08:21Z,2026-03-08T04:08:21Z,3,7,qYBRMGpp8ZI,"The Good, the Bad, and the Ugly: Ongoing Climate Change Acceleration and Impacts",Paul Beckwith,30,https://www.youtube.com/watch?v=qYBRMGpp8ZI&lc=UgzCx30NxsGg537Cxpx4AaABAg,2026-08-05T20:00:30.323494+00:00
UgzgAC2hmnX_VPaNzeh4AaABAg,@sanjuanmoreno9800,UCBywJSfCrOXt65r3RLn2Xag,Climate Change,climate change,"The older man shows real intelligence 
The host of the show seems to be lost and somewhat stupid on what is happening with the world.
The host pulls information that is drawn up by industrial backed partners. 
Climate is real, it's happening now, and humans have escalated this movement into hyperdrive.
These changes will take hundreds if not thousands of years to correct. 
All anyone has to do is,  look what's happening.",2026-08-01T17:02:05Z,2026-08-01T17:03:40Z,0,0,7Ewg4Ws1zc0,“I’m F—-ing Terrified” - Economist REFUSED To Have Kids Over Climate Change,Valuetainment,31,https://www.youtube.com/watch?v=7Ewg4Ws1zc0&lc=UgzgAC2hmnX_VPaNzeh4AaABAg,2026-08-05T20:00:30.481543+00:00
UgzyVUYfkMbc884phzh4AaABAg,@jerrypalmer1786,UCDhlMWW_zqdW6cZh4fs1y5Q,Climate Change,climate change,"For over a century scientists have known that the claim that CO2 affects temperature had been proven incorrect, that ""greenhouse"" theory was seriously flawed. Yet it was resurrected.. why? For POLITICAL purposes. It is simply an excuse for imposing taxes, the removal of our rights and freedoms and the restriction of our access to cheap, reliable energy. 

THE EVOLUTION OF CLIMATE
BY
C. E. P. BROOKS,
M. Sc., F.R.A.I., F.R. Met. Soc.
WITH A PREFACE BY
G. C. SIMPSON, D. Sc., F.R.S.,
DIRECTOR OF THE METEOROLOGICAL OFFICE

1922
“The theory which connects fluctuations of climate on a geological scale with changes in the composition of the earth’s atmosphere is due to Tyndall and Arrhenius, and was elaborated by Chamberlin. The theory supposed that the earth’s temperature is maintained by the “blanketing” effect of the carbon dioxide in the atmosphere. This acts like the glass of a greenhouse, allowing the sun’s rays to enter unhindered, but absorbing the heat radiated from the earth’s surface and returning some of it to the earth instead of letting it pass through to be lost in space. Consequently, any diminution in the amount of carbon dioxide present would cause the earth to radiate away its heat more freely, so reducing its temperature. BUT IT IS NOW KNOWN THAT THE TERRESTRIAL RADIATION WHICH THIS GAS IS CAPABLE OF ABSORBING IS TAKEN UP EQUALLY READILY BY WATER VAPOUR, OF WHICH THERE IS ALWAYS SUFFICIENT PRESENT, AND VARIATIONS OF CARBON DIOXIDE CANNOT HAVE ANY APPRECIABLE EFFECT""

Still true today:
Ferenc Miskolczi: Greenhouse Effect and Climate Change

2023
""The greenhouse effect predicted by the Arrhenius greenhouse theory is inconsistent with the existence of the CRE (Chandrasekhar-type radiative equilibrium). Hence, the CO2 greenhouse effect as used in the current global warming hypothesis is impossible. Let us emphasize the overall conclusion:

The Arrhenius type GE (greenhouse effect) of CO2 and other non-condensing GHGs (greenhouse gases) is an incorrect hypothesis and the CO2 greenhouse effect based global warming hypothesis is also an artifact without any theoretical or empirical footing. Without scientific proof the debate on the CO2 GE based catastrophic AGW (anthropogenic global warming) should be abandoned and policymakers should focus on the more urgent environmental and social issues of humanity. The recent worldwide energy crisis is a warning sign that the promotion of the so-called green energy is neither solving energy shortages nor helping to protect the environment from pollution. The climate does not need protection, but the clean environment does.""

'greenhouse by CO2' theory was proven wrong by Knut Angstrom in 1900 in a paper debunking Arrhenius' 1896 paper, the one all the alarmists quote. In 1906, Arrhenius reviewed his earlier work, acknowledged his errors and concluded that any additional SLIGHT warming from CO2 would be 'benign and beneficial'.

“…we may hope to enjoy ages with more equable and better climates, especially as regards the colder regions of the earth, ages when the earth will bring forth much more abundant crops than at present, for the benefit of rapidly propagating mankind.”

 No alarmist quotes this later work. Funny, that.

THERE IS NO CASE FOR NET ZERO, EV'S, HEAT PUMPS, 'RENEWABLES' OR ANY OTHER 'GREEN SOLUTION'. THERE IS NO 'CLIMATE CRISIS'.",2025-09-01T22:41:22Z,2025-09-01T22:41:22Z,0,0,ZhruqkPeJ6o,How to Make Climate Stories Impossible to Ignore | Katherine Dunn | TED,TED,33,https://www.youtube.com/watch?v=ZhruqkPeJ6o&lc=UgzyVUYfkMbc884phzh4AaABAg,2026-08-05T20:00:30.841553+00:00
UgzWQ44Ovym73K4VzIF4AaABAg,@mtljin,UCJm5WQdJdzjh2hDvew4oJlg,Climate Change,climate change,the danger is capitalism. we have to bring upon eco socialism or all of humanity will suffer.,2026-08-03T12:23:57Z,2026-08-03T12:23:57Z,0,0,Vl6VhCAeEfQ,The Tipping Points of Climate Change — and Where We Stand | Johan Rockström | TED,TED,34,https://www.youtube.com/watch?v=Vl6VhCAeEfQ&lc=UgzWQ44Ovym73K4VzIF4AaABAg,2026-08-05T20:00:31.076674+00:00
UgyafGGrdeF3KhCNirF4AaABAg,@tomchiles9282,UCdwO5yfTP8in-xleO_Z5Trg,Climate Change,climate change,This guy gets it. The future is solar!,2026-07-30T02:54:40Z,2026-07-30T02:54:40Z,0,0,ogAZS7_RhhA,The Miracles (and Maddening Politics) of the Clean Energy Revolution | The Ezra Klein Show,The Ezra Klein Show,37,https://www.youtube.com/watch?v=ogAZS7_RhhA&lc=UgyafGGrdeF3KhCNirF4AaABAg,2026-08-05T20:00:31.616859+00:00
UgyO3xKeKJ1fIguAsxJ4AaABAg,@hooliganbubsy7298,UCk72V--DJvC4uVtCGNfP-Uw,Climate Change,climate change,Imagine thinking climate change is going to be fixed while nearly every developed country elects governments that are climate change deniers.,2026-05-06T08:43:03Z,2026-05-06T08:43:03Z,0,0,vUA1kFSJnYQ,Fixing climate change is about to accelerate,Simon Clark,38,https://www.youtube.com/watch?v=vUA1kFSJnYQ&lc=UgyO3xKeKJ1fIguAsxJ4AaABAg,2026-08-05T20:00:31.890187+00:00
Ugw94GHRjI7Cg8dpSw54AaABAg,@numberM4,UCUbrbve1w55eaHaflYvo8zg,Climate Change,climate change,"Now that AI is massively rolling out and destroying the environment, no, I don't think we will fix climate change anymore.",2026-08-02T07:47:45Z,2026-08-02T07:47:45Z,2,0,LxgMdjyw8uw,We WILL Fix Climate Change!,Kurzgesagt – In a Nutshell,39,https://www.youtube.com/watch?v=LxgMdjyw8uw&lc=Ugw94GHRjI7Cg8dpSw54AaABAg,2026-08-05T20:00:32.250426+00:00
Ugzl8qDhJIAepSQHOY94AaABAg,@TRs-e9q,UC4vAiDcAj53GB6B3Wz1Jaxw,Climate Change,climate change,Nobody in Washington is more infatuated with himself than Sheldon Whitehouse. He's an insufferable old crank whose wife has made a lot of money as an environmental consultant & advisor pushing the environmental crisis narrative.,2026-08-05T03:09:16Z,2026-08-05T03:11:55Z,1,0,vy-P6C2F0Wg,JUST IN: Sheldon Whitehouse And Ron Johnson Get Into Climate Change Debate On Senate Floor,Forbes Breaking News,2,https://www.youtube.com/watch?v=vy-P6C2F0Wg&lc=Ugzl8qDhJIAepSQHOY94AaABAg,2026-08-05T20:00:23.763926+00:00
UgxIM2igGyq0Lf5UCA14AaABAg,@ChumpotStudios,UCfuoZA8OBQVhasWSEAhiRLA,Climate Change,climate change,Heatwaves used to be rare. Now they’re constant. That’s climate change in real time,2026-07-01T01:30:56Z,2026-07-01T01:30:56Z,2,5,nwzIpxPsy2E,Record heatwave 'impossible' without climate change #weather #heatwave #climatechange,ITV News,3,https://www.youtube.com/watch?v=nwzIpxPsy2E&lc=UgxIM2igGyq0Lf5UCA14AaABAg,2026-08-05T20:00:24.023614+00:00
Ugwo42IDNpL9kbDq0Xx4AaABAg,@norgecamp81,UCO38syEsx7yuUoPqcK5qDoQ,Climate Change,climate change,The humidity is fkn horrible.,2026-08-04T15:54:30Z,2026-08-04T15:54:30Z,1,0,LterhtcxtIk,“The End Of The WORLD?” | UK Food Shortages Warning as Drought Hits Farmers Due To Extreme Heat,TalkTV,7,https://www.youtube.com/watch?v=LterhtcxtIk&lc=Ugwo42IDNpL9kbDq0Xx4AaABAg,2026-08-05T20:00:24.763112+00:00
UgxY2ROtTzSW7hyR0Ox4AaABAg,@Geo123-q2s,UCU0m-14mLNvys4QiwEAM_yQ,Climate Change,climate change,Avoid personal Organization and living closer to your work.,2026-07-25T18:13:03Z,2026-07-25T18:13:03Z,0,0,LwQyYPjm3rg,Climate Change is Destroying Lives... Now,ClimateAdam,8,https://www.youtube.com/watch?v=LwQyYPjm3rg&lc=UgxY2ROtTzSW7hyR0Ox4AaABAg,2026-08-05T20:00:24.943245+00:00
UgyUfJkrup85Ohxe4Ft4AaABAg,@LouiseClarkp,UCrdxa1f6FndyZEqYgXc511A,Climate Change,climate change,This is teaching at its finest!,2026-04-04T02:03:44Z,2026-04-04T02:03:44Z,0,0,myZAvqqp9Jc,Climate Change: How does it really work? | ClimateScience #1,ClimateScience - Solve Climate Change,9,https://www.youtube.com/watch?v=myZAvqqp9Jc&lc=UgyUfJkrup85Ohxe4Ft4AaABAg,2026-08-05T20:00:25.254274+00:00
Ugx7k7kdzQcYqys-LmF4AaABAg,@HowardNorris-gh1jw,UCq3da6U7lWRdo2S2A9U5dvg,Climate Change,climate change,"In 1976 we had a massive swarm of ladybirds, which had a set of factors as its cause - the popular rhetoric for climate change is too simplistic in terms of causality.",2026-06-06T14:17:49Z,2026-06-06T14:17:49Z,0,2,wmYcLgSLpUQ,Jeremy Clarkson says farming has given him a new perspective on the changing climate.,Times News,10,https://www.youtube.com/watch?v=wmYcLgSLpUQ&lc=Ugx7k7kdzQcYqys-LmF4AaABAg,2026-08-05T20:00:25.503865+00:00
Ugw45RDNb2TWSeLjsOB4AaABAg,@UlrichHarms-ci1ov,UC5-mAaVfuwGS3wthMuR9zhQ,Climate Change,climate change,"The projected impact of rinsing temperature is not 1-5% of GDP once, but 1-5% per year. So taking a wrong citation as the main point of a talk is a really bad starting point.",2026-08-05T12:44:11Z,2026-08-05T12:44:11Z,0,0,nl__O_QGIR4,What Climate Science Actually Says vs. What You've Been Told It Says,Alliance for Responsible Citizenship,12,https://www.youtube.com/watch?v=nl__O_QGIR4&lc=Ugw45RDNb2TWSeLjsOB4AaABAg,2026-08-05T20:00:26.210554+00:00
UgxbAF5cBZUSJH46wfl4AaABAg,@Ash-ro9ym,UCj_jph62Y8yWx85thLOxiVQ,Climate Change,climate change,Joe is bought.,2026-07-14T14:51:11Z,2026-07-14T14:51:11Z,0,0,fNw-b8yA1xU,Joe Rogan schools Bernie Sanders on climate change,News24,13,https://www.youtube.com/watch?v=fNw-b8yA1xU&lc=UgxbAF5cBZUSJH46wfl4AaABAg,2026-08-05T20:00:26.444442+00:00
UgxZk6RVeikrVypPEDV4AaABAg,@davidgncl,UCZARInH2Q7HcQiA5_R9U-Og,Climate Change,climate change,"Frost asked why aren't China rolling out solar domestically... 😂

They've literally added more solar domestically than the rest of the world put together. 

Not sure he's the best person to represent the other side",2026-08-05T08:06:53Z,2026-08-05T08:06:53Z,0,2,8FFrQ2PvKJQ,Lord Frost vs Tim Stanley: How the Right is getting climate change wrong | The Daily T,The Telegraph,14,https://www.youtube.com/watch?v=8FFrQ2PvKJQ&lc=UgxZk6RVeikrVypPEDV4AaABAg,2026-08-05T20:00:26.646687+00:00
Ugws_315-ZmoEUlGMdl4AaABAg,@heiskanbuscadordelaverdad8709,UCkzpzwMDHVzzGUAKRPFrrGg,Climate Change,climate change,Yes,2026-06-13T08:04:31Z,2026-06-13T08:04:31Z,0,0,TqwwlCIQP-I,Is climate change as bad for our health as COVID-19?,Simon Clark,15,https://www.youtube.com/watch?v=TqwwlCIQP-I&lc=Ugws_315-ZmoEUlGMdl4AaABAg,2026-08-05T20:00:26.763784+00:00
UgyeVhmsCopKjo6pQ9B4AaABAg,@NateROCKS112,UCq2sZbBzE24y_uRzoqNQt8g,Climate Change,climate change,"""Why don't comedians get oil money?""

Kid named Riyadh Comedy Festival:",2026-06-02T10:18:40Z,2026-06-02T10:18:40Z,0,0,sVDCN1PyKrw,Joking about climate change for a futile cause ❄️🌎🤣 | Gianmarco Soresi | Stand Up Comedy,Gianmarco Soresi,16,https://www.youtube.com/watch?v=sVDCN1PyKrw&lc=UgyeVhmsCopKjo6pQ9B4AaABAg,2026-08-05T20:00:27.007504+00:00
Ugzc-xoc_8xvLm1pKqJ4AaABAg,@amiava4213,UCG6A7AW8wew3QdhAo3PVP3A,Climate Change,climate change,"Growing climate skepticism in Europe… An inconvenient tree found in the Alps shows climate was warmer 6000 years ago. 

A recent video from the German language channel Report24news features Dr. Johannes Steiner, who discusses the discovery of ancient biological material (a large tree log) under retreating glaciers and its implications for the current climate narrative.",2026-04-06T18:22:30Z,2026-04-06T18:22:30Z,0,0,KXgAzTdAxJ4,Climate change reality check,ABC News,17,https://www.youtube.com/watch?v=KXgAzTdAxJ4&lc=Ugzc-xoc_8xvLm1pKqJ4AaABAg,2026-08-05T20:00:27.234154+00:00
UgxZsK2mp8CWgpGUpH94AaABAg,@Suiiiii-98,UCk4is2udfgb_Ot84Nj3z8fQ,Climate Change,climate change,Ki,2026-04-25T07:41:19Z,2026-04-25T07:41:19Z,0,0,vjZnUl3OkCI,How to talk about CLIMATE CHANGE in English,English Speaking Success,18,https://www.youtube.com/watch?v=vjZnUl3OkCI&lc=UgxZsK2mp8CWgpGUpH94AaABAg,2026-08-05T20:00:27.492978+00:00
UgwT3lk0bHatTBNtCDR4AaABAg,@ibblebobblwblackbobble8385,UCgYcyiovcZccz7AKtEVJu2Q,Climate Change,climate change,absolutely saved my gcses. no joke went from a grade 4 to grade 7s and 8s in a few days. saved me and carried my gcses love u so much gonna miss u when i finish school,2023-06-13T06:03:26Z,2023-06-13T06:03:26Z,52,0,MxS4pMc2O2Y,"GCSE Chemistry Revision ""Climate Change""",Freesciencelessons,19,https://www.youtube.com/watch?v=MxS4pMc2O2Y&lc=UgwT3lk0bHatTBNtCDR4AaABAg,2026-08-05T20:00:27.701096+00:00
UgxZxPGlIQYl2nHXMwp4AaABAg,@PhliskaLlyngkhoi,UCX0vAVopudciIlztVvO2L1Q,Climate Change,climate change,❤❤👍👍👍🎉🎉🎉🎉🥰🥰🥰🥰🥰🥰,2026-08-04T15:39:04Z,2026-08-04T15:39:04Z,1,1,20ZobQJjdX4,CLIMATE CHANGE HAKA SHI LOK// daddy goh goh ⚡⚡,Riban Lyngdoh,20,https://www.youtube.com/watch?v=20ZobQJjdX4&lc=UgxZxPGlIQYl2nHXMwp4AaABAg,2026-08-05T20:00:28.025340+00:00
UgwTL6NvBYSyt9FB4MJ4AaABAg,@paul5540,UCwnsHwOYEM2z8tPxrgfSsSQ,Climate Change,climate change,"Love of $ got us here , cant eat$.",2026-01-10T04:22:14Z,2026-01-10T04:22:14Z,0,1,bsBG2jEZApI,"How are doctors dealing with climate change? - The Climate Question podcast, BBC World Service",BBC World Service,21,https://www.youtube.com/watch?v=bsBG2jEZApI&lc=UgwTL6NvBYSyt9FB4MJ4AaABAg,2026-08-05T20:00:28.225901+00:00
UgyhUmXTX9MZfVlX6fR4AaABAg,@杨朋飞-i8p,UCMzhsRAs0dw-Gd-9hwydBxA,Climate Change,climate change,so just think about how many bugs have been slaughtered during the wars set off by european countries and america,2026-06-29T08:00:24Z,2026-06-29T08:00:24Z,0,0,zQCbGGVRs6k,"Coffee? Chocolate? How climate change affects food - The Climate Question podcast, BBC World Service",BBC World Service,24,https://www.youtube.com/watch?v=zQCbGGVRs6k&lc=UgyhUmXTX9MZfVlX6fR4AaABAg,2026-08-05T20:00:28.743075+00:00
UgwOteX9cYmx-kbhHzV4AaABAg,@insta_725,UCycj-YeEa29jbMtKQAlbO8g,Climate Change,climate change,"China is straight up lying, they are producing more waste than EU and US combined",2026-07-28T18:28:42Z,2026-07-28T18:28:42Z,0,0,BWHfkkHmMJI,The easiest climate change win ever,Simon Clark,25,https://www.youtube.com/watch?v=BWHfkkHmMJI&lc=UgwOteX9cYmx-kbhHzV4AaABAg,2026-08-05T20:00:28.958511+00:00
UgxHB8FJosXXDE-emM94AaABAg,@MaryDavignon,UCSCnDhKwyjR1IovPos73zyQ,Climate Change,climate change,"I live in a 1971 built house with natural gas forced air furnace, gas water heater, and gas stove. The electricity is expensive and the power grid is so unreliable that we fear switching to all electric. My house would be perfect for solar, but the outlay and return on investment isn''t doable for this senior who will not live long enought in the house to recoup the costs. We do have energy star appliances, LED lighting, good insulation and windows, and live in an area close to the services we need. I would love an honest and affordable solution.",2026-07-04T16:05:05Z,2026-07-04T16:06:32Z,1,0,ckVZrqJ1bUc,"Climate Change: New Data, New Debate",Bulletin of the Atomic Scientists,26,https://www.youtube.com/watch?v=ckVZrqJ1bUc&lc=UgxHB8FJosXXDE-emM94AaABAg,2026-08-05T20:00:29.269527+00:00
UgwGgbHCnNVnCrDdq9Z4AaABAg,@SelfSustainableCity,UCtHx9JtgqdUxiXxWUQwTBgg,Climate Change,climate change,"The Earth whispers softly, hear its call,  
As climate shifts and nations fall.  
In nature’s arms, we must reside,  
To mend the wounds, let life abide.",2025-01-10T12:18:54Z,2025-01-10T12:18:54Z,1,0,7o3EFSFAEFM,Climate Change – MIND MAP ENVIRONMENT | Drishti IAS ENGLISH,Drishti IAS : English,28,https://www.youtube.com/watch?v=7o3EFSFAEFM&lc=UgwGgbHCnNVnCrDdq9Z4AaABAg,2026-08-05T20:00:29.595136+00:00
UgxJPVMU1IXp0og7kY14AaABAg,@KssfKigg,UCujFtEdFwUStvNRs6Q0EIaA,Climate Change,climate change,Very useful and well presented.,2025-08-28T01:40:10Z,2025-08-28T01:40:10Z,0,0,tMwFNMfjFuU,What is Climate Change? Crash Course Geography #14,CrashCourse,29,https://www.youtube.com/watch?v=tMwFNMfjFuU&lc=UgxJPVMU1IXp0og7kY14AaABAg,2026-08-05T20:00:30.098027+00:00
UgyMZy_CKQQwQXipdcd4AaABAg,@ameliamaestas5335,UCHvOtzuNI9pCEBggP54ZGkg,Climate Change,climate change,CERN DARPA 5gee glen tower Harp Data centers GMO bio ingredients what killed the birds fish crops animals  Rich evil man killed the earth,2026-03-07T21:46:15Z,2026-03-07T21:46:15Z,0,0,qYBRMGpp8ZI,"The Good, the Bad, and the Ugly: Ongoing Climate Change Acceleration and Impacts",Paul Beckwith,30,https://www.youtube.com/watch?v=qYBRMGpp8ZI&lc=UgyMZy_CKQQwQXipdcd4AaABAg,2026-08-05T20:00:30.323494+00:00
UgzqFk5BfpE2mlQVBVF4AaABAg,@tinafoos8018,UCjyALULA3KrcB0GEft3M6Aw,Climate Change,climate change,Not a big fan of Mr Keen!-He needs to learn God & Christ!!,2026-07-30T08:08:37Z,2026-07-30T08:08:37Z,0,0,7Ewg4Ws1zc0,“I’m F—-ing Terrified” - Economist REFUSED To Have Kids Over Climate Change,Valuetainment,31,https://www.youtube.com/watch?v=7Ewg4Ws1zc0&lc=UgzqFk5BfpE2mlQVBVF4AaABAg,2026-08-05T20:00:30.481543+00:00
UgxMMTk92vll0YetHFt4AaABAg,@lylehooper6986,UCkWsBN8dyMWzFK_QkULI_NQ,Climate Change,climate change,"Climate change. Follow the money trail, and you will really find a climate scam.",2025-08-30T23:26:23Z,2025-08-30T23:26:23Z,1,0,ZhruqkPeJ6o,How to Make Climate Stories Impossible to Ignore | Katherine Dunn | TED,TED,33,https://www.youtube.com/watch?v=ZhruqkPeJ6o&lc=UgxMMTk92vll0YetHFt4AaABAg,2026-08-05T20:00:30.841553+00:00
UgzLZZwKhhJGaattwIV4AaABAg,@carlorossi2788,UCB0C65CaNYzmEBhGCDBz9FA,Climate Change,climate change,???????,2026-08-03T10:08:40Z,2026-08-03T10:08:40Z,0,0,Vl6VhCAeEfQ,The Tipping Points of Climate Change — and Where We Stand | Johan Rockström | TED,TED,34,https://www.youtube.com/watch?v=Vl6VhCAeEfQ&lc=UgzLZZwKhhJGaattwIV4AaABAg,2026-08-05T20:00:31.076674+00:00
Ugzzkg7keRPonalw_Xh4AaABAg,@lathamsmith4210,UCXGBHITTjKmyqke3xlVAQYA,Climate Change,climate change,Intellegent discussion,2026-07-30T02:51:04Z,2026-07-30T02:51:04Z,0,0,ogAZS7_RhhA,The Miracles (and Maddening Politics) of the Clean Energy Revolution | The Ezra Klein Show,The Ezra Klein Show,37,https://www.youtube.com/watch?v=ogAZS7_RhhA&lc=Ugzzkg7keRPonalw_Xh4AaABAg,2026-08-05T20:00:31.616859+00:00
UgxWRQOsUuyug_WOhqF4AaABAg,@memyselfandiiiiiiiii,UCs5Y81Pj70RN0h3cmzX5Xdg,Climate Change,climate change,Politicians should decide it according to science,2026-05-02T16:28:57Z,2026-05-02T16:28:57Z,0,0,vUA1kFSJnYQ,Fixing climate change is about to accelerate,Simon Clark,38,https://www.youtube.com/watch?v=vUA1kFSJnYQ&lc=UgxWRQOsUuyug_WOhqF4AaABAg,2026-08-05T20:00:31.890187+00:00
UgxRzX3_FH8SEqZclO54AaABAg,@user-m1d9j,UC7UScciDMVeNADGNYB0Zdyw,Climate Change,climate change,"You know before I was scared, but now I feel better thank you for this video😊",2026-08-02T01:53:29Z,2026-08-02T01:53:29Z,0,2,LxgMdjyw8uw,We WILL Fix Climate Change!,Kurzgesagt – In a Nutshell,39,https://www.youtube.com/watch?v=LxgMdjyw8uw&lc=UgxRzX3_FH8SEqZclO54AaABAg,2026-08-05T20:00:32.250426+00:00
UgzfHzkjD2U7APzkSiV4AaABAg,@DonLester-t8v,UCh2sfKjuox0ig9ysKD_lIXA,Climate Change,climate change,Global Warming / Climate Change has been debunked.  Turns out it's a mental illness called Climate Anxiety which can be treated with Xanax and aromatherapy.  Chicken Little made a great Public Service Announcement  (PSA) about it.,2026-08-05T02:52:00Z,2026-08-05T02:52:00Z,1,3,vy-P6C2F0Wg,JUST IN: Sheldon Whitehouse And Ron Johnson Get Into Climate Change Debate On Senate Floor,Forbes Breaking News,2,https://www.youtube.com/watch?v=vy-P6C2F0Wg&lc=UgzfHzkjD2U7APzkSiV4AaABAg,2026-08-05T20:00:23.763926+00:00
UgzJ6eHzwQxxGgehM014AaABAg,@remusventanus5127,UCMban-BcsQt7ygB_fK4pWJw,Climate Change,climate change,The European mind cannot even comprehend ac 😂😂😂😂😂😂😂,2026-06-30T19:59:59Z,2026-06-30T19:59:59Z,0,0,nwzIpxPsy2E,Record heatwave 'impossible' without climate change #weather #heatwave #climatechange,ITV News,3,https://www.youtube.com/watch?v=nwzIpxPsy2E&lc=UgzJ6eHzwQxxGgehM014AaABAg,2026-08-05T20:00:24.023614+00:00
Ugzto7oPY4jRcIGBNgB4AaABAg,@stevef2114,UCLNmOEKYwNleLP4ra0jzIIg,Climate Change,climate change,"most of our water comes from deep underground...  hose pipe bans are nonsense. 
forest fires are down to stupid legislation again regarding climate or eco and forest floors are now not cleared. Forests naturally need to burn to clean themselves (im sure most fires we've seen have been started by humans being dumb)
the climate warms and cools.. thats science. Science by definition has to be observed.. which is why man made climate change in nonsense.
all of what we see and hear are lies.. follow the money.",2026-08-04T15:30:32Z,2026-08-04T15:30:32Z,0,0,LterhtcxtIk,“The End Of The WORLD?” | UK Food Shortages Warning as Drought Hits Farmers Due To Extreme Heat,TalkTV,7,https://www.youtube.com/watch?v=LterhtcxtIk&lc=Ugzto7oPY4jRcIGBNgB4AaABAg,2026-08-05T20:00:24.763112+00:00
Ugx8UkjtMHLASZbk7up4AaABAg,@rogerthat487,UCUeQ5QBy5fsyuZNkYUZwqsA,Climate Change,climate change,A PhD in atmospheric  physics  - STOP right there,2026-07-22T07:13:53Z,2026-07-22T07:13:53Z,0,0,LwQyYPjm3rg,Climate Change is Destroying Lives... Now,ClimateAdam,8,https://www.youtube.com/watch?v=LwQyYPjm3rg&lc=Ugx8UkjtMHLASZbk7up4AaABAg,2026-08-05T20:00:24.943245+00:00
Ugw3LCT3m0qWof4AItZ4AaABAg,@ZacharyJeffery-c8d,UCZ5TakD-g0JWHuQv2X0d-GQ,Climate Change,climate change,I’m seriously impressed with your teaching!,2026-04-03T21:43:01Z,2026-04-03T21:43:01Z,0,0,myZAvqqp9Jc,Climate Change: How does it really work? | ClimateScience #1,ClimateScience - Solve Climate Change,9,https://www.youtube.com/watch?v=myZAvqqp9Jc&lc=Ugw3LCT3m0qWof4AItZ4AaABAg,2026-08-05T20:00:25.254274+00:00
UgyuL_PwOcHXs0EpY554AaABAg,@holdtightbrizzle,UCf3uUxEEWG0nw_82c-GGViA,Climate Change,climate change,"Fair enough, he finally admits his fault.",2026-06-06T09:20:21Z,2026-06-06T09:20:21Z,0,0,wmYcLgSLpUQ,Jeremy Clarkson says farming has given him a new perspective on the changing climate.,Times News,10,https://www.youtube.com/watch?v=wmYcLgSLpUQ&lc=UgyuL_PwOcHXs0EpY554AaABAg,2026-08-05T20:00:25.503865+00:00
UgyVZNL79yXvraA-5Gt4AaABAg,@DuaneS-f8q,UCEeer6yo_NEFtZkf9QtyGHw,Climate Change,climate change,"""Climate Change"" has been happening every second of every day for 4.6 BILLION YEARS.",2026-08-05T10:39:22Z,2026-08-05T10:39:22Z,1,0,nl__O_QGIR4,What Climate Science Actually Says vs. What You've Been Told It Says,Alliance for Responsible Citizenship,12,https://www.youtube.com/watch?v=nl__O_QGIR4&lc=UgyVZNL79yXvraA-5Gt4AaABAg,2026-08-05T20:00:26.210554+00:00
UgzGy1KSqZBM9He8UkF4AaABAg,@machelbest,UC2Dyd4XOiqNwldgKGUxYq4w,Climate Change,climate change,Joe Rogan just compared our current temperature to 284 million years ago and felt confident in saying because of that comparison were in a “cooling” period 🤦🏽‍♂️😭,2026-07-13T23:07:34Z,2026-07-13T23:07:34Z,0,0,fNw-b8yA1xU,Joe Rogan schools Bernie Sanders on climate change,News24,13,https://www.youtube.com/watch?v=fNw-b8yA1xU&lc=UgzGy1KSqZBM9He8UkF4AaABAg,2026-08-05T20:00:26.444442+00:00
Ugxk88oQ-xs4AMg1-kt4AaABAg,@jimbowarden,UCyZLlPMmxKjWqmFcWeJHjqg,Climate Change,climate change,It's because the right is sponsored by fossil fuel companies. Also it's another wedge issue because the right doesn't offer anything to normal people but needs their votes.,2026-08-05T07:07:14Z,2026-08-05T07:07:40Z,0,0,8FFrQ2PvKJQ,Lord Frost vs Tim Stanley: How the Right is getting climate change wrong | The Daily T,The Telegraph,14,https://www.youtube.com/watch?v=8FFrQ2PvKJQ&lc=Ugxk88oQ-xs4AMg1-kt4AaABAg,2026-08-05T20:00:26.646687+00:00
UgwSUshoDecZgTKe-294AaABAg,@SgtJp654,UC37zVk46P6qVo4AzeT4qz3A,Climate Change,climate change,"biggest challenge of CC is trying your hardest not to want to kill the people profiting from it

if its killing populations, would it cost less human lives to get the profiteers instead?",2026-06-12T21:14:27Z,2026-06-12T21:14:27Z,0,0,TqwwlCIQP-I,Is climate change as bad for our health as COVID-19?,Simon Clark,15,https://www.youtube.com/watch?v=TqwwlCIQP-I&lc=UgwSUshoDecZgTKe-294AaABAg,2026-08-05T20:00:26.763784+00:00
UgxirVElIYwmelvCgoB4AaABAg,@gavinmitchell3709,UCHWRPhEIEWiO5goF_fxbn-A,Climate Change,climate change,"Oh, you can tell he's actually quite put off by this predicament lol",2026-06-02T06:25:25Z,2026-06-02T06:25:28Z,0,0,sVDCN1PyKrw,Joking about climate change for a futile cause ❄️🌎🤣 | Gianmarco Soresi | Stand Up Comedy,Gianmarco Soresi,16,https://www.youtube.com/watch?v=sVDCN1PyKrw&lc=UgxirVElIYwmelvCgoB4AaABAg,2026-08-05T20:00:27.007504+00:00
Ugxgy8qJPG6Dxt3Xibx4AaABAg,@jamesesposito8204,UCWDoPVhZLzs-6gXW7n1wowQ,Climate Change,climate change,Stop tearing down all our trees and keep building houses when the trees take the carbon dioxide out of the air and turn it into oxygen and air. A scientist know this but you keep ripping down the trees anyway and keep selling off land to keep building more and more houses or business start planting more trees bring back the forest. I think that will do a lot of change in the world but no everybody’s about a dollar making the cash flow. These other people that don’t care about anything going on. They’re all worried about money.,2026-03-31T23:11:59Z,2026-03-31T23:11:59Z,0,0,KXgAzTdAxJ4,Climate change reality check,ABC News,17,https://www.youtube.com/watch?v=KXgAzTdAxJ4&lc=Ugxgy8qJPG6Dxt3Xibx4AaABAg,2026-08-05T20:00:27.234154+00:00
Ugyyd63BO6a_fVSAnWp4AaABAg,@gintarascaenkovas8476,UCXisHDFjn7EErbnMJyJjAcg,Video Games,video games,🚷🚯🌌🌍🥷🕵🏻👮🕺💃🕴🏻🧑‍🩰🚂🗼🚒🥋🗽🐭🐯🦁🦫🦒🪁🍰🍳🍔🍌🦉🦅🦜🦚🦭🐧🐳🐝🐞🦋🐛🦟🪰🐜🍓,2026-08-05T17:57:36Z,2026-08-05T17:57:36Z,0,0,cE6wxDqdOV0,Lana Del Rey - Video Games,LanaDelReyVEVO,1,https://www.youtube.com/watch?v=cE6wxDqdOV0&lc=Ugyyd63BO6a_fVSAnWp4AaABAg,2026-08-05T20:00:32.701284+00:00
UgxNzCD7pmF1o7AWv9F4AaABAg,@LostPanda,UCyh5g11KbG_YdbRw1ktAJqA,Video Games,video games,*Do you play video games?*,2024-03-27T12:52:55Z,2024-03-27T12:52:55Z,1031,70,hAV9ideCFEc,Lana Del Rey - Video Games (Lyrics),Lost Panda,2,https://www.youtube.com/watch?v=hAV9ideCFEc&lc=UgxNzCD7pmF1o7AWv9F4AaABAg,2026-08-05T20:00:32.935865+00:00
UgxER7daRrYytoQpnDt4AaABAg,@reneepierre9228,UCvND7N34MKGvlRpUbJfsF_g,Video Games,video games,I actually kind of thought this was really funny at first,2026-08-05T16:25:21Z,2026-08-05T16:25:21Z,0,0,GNJtPFXUnm4,Tenacious D - Video Games,Tenacious D,3,https://www.youtube.com/watch?v=GNJtPFXUnm4&lc=UgxER7daRrYytoQpnDt4AaABAg,2026-08-05T20:00:33.273919+00:00
UgzHncaYgBN8LppQpBB4AaABAg,@Ibbime,UCLVHoGSRJknC794H9uajoQA,Video Games,video games,😮😮😮😮,2026-08-05T19:41:36Z,2026-08-05T19:41:36Z,0,0,A0NfOmnsWMI,VIDEO GAMES AT 3AM 😝😱 #humor #homealone #babyduck,Packy Films,4,https://www.youtube.com/watch?v=A0NfOmnsWMI&lc=UgzHncaYgBN8LppQpBB4AaABAg,2026-08-05T20:00:33.521848+00:00
UgxOu3ZfWblljwkm0OV4AaABAg,@vizcachaespacial,UCwpHIrxzE_NEW5nYrX0SSJg,Video Games,video games,🎉🎉🎉🎉,2026-08-05T08:01:31Z,2026-08-05T08:01:31Z,0,0,J0xw8S5PpCg,Mario Kart 8 Deluxe - All New DLC Courses (DLC Booster Pack 1),Sirloin,5,https://www.youtube.com/watch?v=J0xw8S5PpCg&lc=UgxOu3ZfWblljwkm0OV4AaABAg,2026-08-05T20:00:33.750988+00:00
UgxhgiieuVh8JERItAx4AaABAg,@lifesecrets7957,UCvKTSYIQicfYKletCnTFxcg,Video Games,video games,Bhaiya aap kya kar rahe ho aapane uski chij dikha diya,2026-08-05T18:06:44Z,2026-08-05T18:06:44Z,0,0,wnkLpGhJh-M,Cool creative smart fun game videos that you can't miss. #100,Great_Painter,6,https://www.youtube.com/watch?v=wnkLpGhJh-M&lc=UgxhgiieuVh8JERItAx4AaABAg,2026-08-05T20:00:33.990211+00:00
Ugzi13qs19D3vFKAETJ4AaABAg,@shrewdfc,UCG6NJ_1BWQEcaAWMo2XDGvg,Video Games,video games,🥶💙,2026-07-29T09:09:13Z,2026-07-29T09:09:13Z,0,0,P3YJcpDZ3fA,Lana Del Rey - Video Games (Glastonbury 2014),BBC Music,7,https://www.youtube.com/watch?v=P3YJcpDZ3fA&lc=Ugzi13qs19D3vFKAETJ4AaABAg,2026-08-05T20:00:34.246256+00:00
UgxbGssT7ROEOpYqZSB4AaABAg,@BustinJieber09,UCYqdZD-AdBiNU2Qb0SpIYIg,Video Games,video games,"Join the Discord basement from the link in bio or your charger will always be missing.  
( Subscribe for more 😉 )",2025-10-31T14:57:49Z,2025-10-31T14:57:49Z,381,6,Mvy1z-SmD1E,Gaming in Year 2067,Adhemz,8,https://www.youtube.com/watch?v=Mvy1z-SmD1E&lc=UgxbGssT7ROEOpYqZSB4AaABAg,2026-08-05T20:00:34.509938+00:00
Ugzl_6rUenRoogHhQ2d4AaABAg,@Matt.Larose,UCATWUurs5SImDMX_prUtxng,Video Games,video games,Which game should I do next?,2024-02-23T17:44:33Z,2024-02-23T17:44:33Z,5442,602,yYhVn0vcCU0,How Different Game Characters Climb Up ⬆️,Matt Larose,9,https://www.youtube.com/watch?v=yYhVn0vcCU0&lc=Ugzl_6rUenRoogHhQ2d4AaABAg,2026-08-05T20:00:34.809258+00:00
Ugza4gj6T_WpssTK-5x4AaABAg,@ArielleObad-h7y2s,UCYZi10qI7XtRSXJNKvkw2Pg,Video Games,video games,"Sorry im late anyways 
Under 3 hrs",2026-08-05T19:59:30Z,2026-08-05T19:59:30Z,1,0,rj2bs1Q3ADg,GIRLS ADDICTED TO VIDEO GAMES 😱, Queens Reality,10,https://www.youtube.com/watch?v=rj2bs1Q3ADg&lc=Ugza4gj6T_WpssTK-5x4AaABAg,2026-08-05T20:00:35.049866+00:00
UgwZpWo-rJBCJzFBT8Z4AaABAg,@naDrM,UCtvh9_c-ML3Onn0pckM4Q6A,Video Games,video games,*TOMODACHI LIFE YTP*: https://youtu.be/FW45-EiDNgU,2023-05-25T16:02:52Z,2026-04-05T22:04:05Z,342,9,Z_SMaf8Ba0g,Video Games but every word is a Google Image,naD rM,11,https://www.youtube.com/watch?v=Z_SMaf8Ba0g&lc=UgwZpWo-rJBCJzFBT8Z4AaABAg,2026-08-05T20:00:35.320247+00:00
UgwpD5h3EMGwpJegabt4AaABAg,@Purple-m4s,UChDEatDUvfZR1wziKNRS0PQ,Video Games,video games,IS THAT IS REALITY?,2026-08-05T14:54:31Z,2026-08-05T14:54:31Z,0,0,qCR1sVS2h4o,Video Game Glitches be like… pt. 5 #gaming #shorts,NicsNite,12,https://www.youtube.com/watch?v=qCR1sVS2h4o&lc=UgwpD5h3EMGwpJegabt4AaABAg,2026-08-05T20:00:35.619097+00:00
UgxuXYUOnllv-XZ8wPl4AaABAg,@playlistsbydholphinxx9076,UC7TPxooHTTxj-6eGufrsT3A,Video Games,video games,Album of the decade!,2020-03-12T14:41:56Z,2020-03-12T14:41:56Z,810,10,Qi5ppQAozIM,04 - Video Games - Lana Del Rey,Yeyden Zoé Vega,13,https://www.youtube.com/watch?v=Qi5ppQAozIM&lc=UgxuXYUOnllv-XZ8wPl4AaABAg,2026-08-05T20:00:36.140608+00:00
UgzvWk6GDEtC43ZDSv54AaABAg,@Tyler-s6e,UCvOI3Azap0rmH-smMbY_FiA,Video Games,video games,Bamsucha,2026-07-29T12:51:34Z,2026-07-29T12:51:34Z,0,0,C4AbHvkxjsA,Video Games That Inspired Killers,Sambucha,14,https://www.youtube.com/watch?v=C4AbHvkxjsA&lc=UgzvWk6GDEtC43ZDSv54AaABAg,2026-08-05T20:00:36.447587+00:00
Ugw8IDn1gQwmDu9uZTV4AaABAg,@Kittistory,UC7jUluhVVagVK-JQfEU7s1w,Video Games,video games,The spongebob squarepant super sponge anti piocy screen is not e.D it's just the wheel laying that tries to choose,2026-07-29T04:31:16Z,2026-07-29T04:31:16Z,1,0,gM3lOz0Gblk,How Video Games Punish Stealers,Sambucha,15,https://www.youtube.com/watch?v=gM3lOz0Gblk&lc=Ugw8IDn1gQwmDu9uZTV4AaABAg,2026-08-05T20:00:36.755204+00:00
UgyDb2j2CoKFIS8v3MF4AaABAg,@SoulSanguine,UClvoNDOVp9-YaaE2YgGVpgg,Video Games,video games,Mortal Shell II,2026-08-05T17:12:07Z,2026-08-05T17:12:07Z,0,0,HdL_rJ2yc3A,10 Best NEW Games To Play In August 2026,Force Gaming,16,https://www.youtube.com/watch?v=HdL_rJ2yc3A&lc=UgyDb2j2CoKFIS8v3MF4AaABAg,2026-08-05T20:00:36.960654+00:00
UgxW2ULkdw_idgHDweJ4AaABAg,@AngelinShibila,UCa2yQma_0SmW1UqPB-oR96g,Video Games,video games,Roblox?,2026-08-05T11:09:13Z,2026-08-05T11:09:13Z,0,0,OKkeR_Mn97E,Do Video Games Make You Smarter?,Gohar Khan,17,https://www.youtube.com/watch?v=OKkeR_Mn97E&lc=UgxW2ULkdw_idgHDweJ4AaABAg,2026-08-05T20:00:37.183103+00:00
UgxPutZ279CuzS9ywNB4AaABAg,@lauratomei1903,UCKKfK-OLjNOdH5TFYb-0zxQ,Video Games,video games,"He doens'tneedoscar, oscar neeas nim.",2026-08-05T13:33:52Z,2026-08-05T13:33:52Z,1,0,tDc8dnyw7B4,Why you should never play video games in class #shorts,Zach King,18,https://www.youtube.com/watch?v=tDc8dnyw7B4&lc=UgxPutZ279CuzS9ywNB4AaABAg,2026-08-05T20:00:37.410732+00:00
UgzebzVOIuEziz1cn414AaABAg,@Ximena-Vw,UCeIDriWHcznsLltBboIJq7Q,Video Games,video games,my show is ON‼ ..,2026-08-05T19:38:35Z,2026-08-05T19:38:35Z,38,0,1pKYlCn3z1M,How Video Game Reviews ACTUALLY Work - EP234 Kit & Krysta Podcast,Kit & Krysta,19,https://www.youtube.com/watch?v=1pKYlCn3z1M&lc=UgzebzVOIuEziz1cn414AaABAg,2026-08-05T20:00:37.558453+00:00
UgzkF5uxSgJbd59HM-54AaABAg,@carpe_diem-770,UCUHE5hB3ANlcyANbjI4RmWA,Video Games,video games,one of my favorite lana's song,2026-06-27T16:26:46Z,2026-06-27T16:26:46Z,1,0,_vkOOqC_g-Q,Video Games - Lana Del Rey - Lyrics,MegaMf97,20,https://www.youtube.com/watch?v=_vkOOqC_g-Q&lc=UgzkF5uxSgJbd59HM-54AaABAg,2026-08-05T20:00:38.186102+00:00
UgzvBbl_8afd78arOht4AaABAg,@CircleToonsHD,UCV6g95OBbVtFmN9uiJzkFqQ,Video Games,video games,I know you all get me on this... watching your buddy on discord waiting for him to die... and he just... doesnt....,2025-09-06T14:01:39Z,2025-09-06T14:01:39Z,18441,128,PkTgn7xY7n8,The Friend That's Too Good at Video Games,CircleToonsHD,21,https://www.youtube.com/watch?v=PkTgn7xY7n8&lc=UgzvBbl_8afd78arOht4AaABAg,2026-08-05T20:00:38.443518+00:00
Ugz4ZVQNoA7GZcD39kd4AaABAg,@Abolfazl-1112,UCg-WBOcyzdtkdTR26zt9I1w,Video Games,video games,لطفاً اسم صندلی رو بگو❤❤,2026-08-03T23:40:42Z,2026-08-03T23:40:42Z,0,0,EVveQo-rzDk,Scania truck driving 4K video | Truck Simulator Ultimate #game #games #truck #simulator #gameplay,THE HIYAA GAMING ,22,https://www.youtube.com/watch?v=EVveQo-rzDk&lc=Ugz4ZVQNoA7GZcD39kd4AaABAg,2026-08-05T20:00:38.702493+00:00
Ugx0vRYZwnCiJ-C3ZcJ4AaABAg,@RizziCastor,UC03zShqZsOuLE61CPEJvpwQ,Video Games,video games,Soooooo😂😂😂😂😂,2026-08-05T06:57:22Z,2026-08-05T06:57:22Z,0,0,SeYgoLpzFlM,Squid game🔥😂 crazy  |  pink soldiers Funny ✅🤣 moments   #funny #pinksoldiers squidgame2|,One Man's Choice,23,https://www.youtube.com/watch?v=SeYgoLpzFlM&lc=Ugx0vRYZwnCiJ-C3ZcJ4AaABAg,2026-08-05T20:00:39.110934+00:00
UgyWb5ebtZSkS290g0R4AaABAg,@TheAnimatorGuy-c9n,UCl3zAcUjxDWSpAK4d_JY6Lw,Video Games,video games,Flappy Bird got removed because he got death threats,2026-06-08T17:34:13Z,2026-06-08T17:34:13Z,0,0,W7R6cKdX50o,Video Games That Were Pulled,Sambucha,24,https://www.youtube.com/watch?v=W7R6cKdX50o&lc=UgyWb5ebtZSkS290g0R4AaABAg,2026-08-05T20:00:39.360111+00:00
UgxXHKJZ9HLXl9j8a5N4AaABAg,@TDBRICKS,UCUU3GdGuQshZFRGnxAPBf_w,Video Games,video games,"0:15 Mario
1:29 Fortnite
2:39 Roblox
2:54 Portal
3:27 Temple Run
4:10 Subway Surfers
4:35 Fruit Ninja
4:55 Pokemon
5:15 Among Us
5:56 Angry Birds
6:42 Wii Sports
7:30 Call of Duty
8:10 Minecraft
8:44 GTA 5
9:19 Lego games",2023-09-18T13:16:23Z,2023-09-18T13:16:23Z,3318,935,2oKoNi7uRgc,POPULAR VIDEO GAMES in LEGO...,TD BRICKS,25,https://www.youtube.com/watch?v=2oKoNi7uRgc&lc=UgxXHKJZ9HLXl9j8a5N4AaABAg,2026-08-05T20:00:39.825704+00:00
UgxM0kcBS7hFqEfXu6V4AaABAg,@Kami-4201,UC_LSJ6E84ywujPZldgB3_dQ,Video Games,video games,Can you seriously not pronounce crevice while being a british person?,2026-08-05T09:09:45Z,2026-08-05T09:09:45Z,0,0,BxNGxCHTtHM,10 Insanely Long Video Game Quests That ARE Worth Finishing,WhatCulture Gaming,26,https://www.youtube.com/watch?v=BxNGxCHTtHM&lc=UgxM0kcBS7hFqEfXu6V4AaABAg,2026-08-05T20:00:39.975513+00:00
Ugyo3PVe3SdbWHWsukN4AaABAg,@Salman_MZ,UCy_wHPItHYqcFYSlOO4bm2Q,Video Games,video games,You forget bo1😢,2026-08-05T18:35:34Z,2026-08-05T18:35:34Z,0,0,8kIUR-TA33Y,Best Video Games of All Time,Sambucha,27,https://www.youtube.com/watch?v=8kIUR-TA33Y&lc=Ugyo3PVe3SdbWHWsukN4AaABAg,2026-08-05T20:00:40.379565+00:00
UgxspdCJ80w_GVXgR6Z4AaABAg,@ThinkItsaGame25,UCLvcOlv49nGgdFeA0L4R40A,Video Games,video games,🔥,2026-08-05T19:59:10Z,2026-08-05T19:59:10Z,0,0,JFUvIkzf0cw,You Need To Check EVERYWHERE When You're Hunting for Video Games.,RJCmedia,28,https://www.youtube.com/watch?v=JFUvIkzf0cw&lc=UgxspdCJ80w_GVXgR6Z4AaABAg,2026-08-05T20:00:40.534888+00:00
Ugym3GkmzAliF2sWwdR4AaABAg,@EmmettWayman,UC_VSH-9mD0B8snQ6dx6mr5A,Video Games,video games,I like how the sun said mom got sliced😅,2026-08-05T07:41:25Z,2026-08-05T07:41:25Z,0,0,t5r0VgFhp0M,Game night #shorts,The Land Of Boggs,29,https://www.youtube.com/watch?v=t5r0VgFhp0M&lc=Ugym3GkmzAliF2sWwdR4AaABAg,2026-08-05T20:00:40.804871+00:00
Ugy6Veq4vusfd3Roy3R4AaABAg,@rupalitayade1158,UCBt0o85_vTCNUgTydHbSIFw,Video Games,video games,Link🙏🙏🙏,2026-08-04T16:22:58Z,2026-08-04T16:22:58Z,0,0,gOLmc4cr9B4,Video game keychain #videogames #keychain #unique #game #play #trending #shorts #viral #gift #hamper,cringekids,31,https://www.youtube.com/watch?v=gOLmc4cr9B4&lc=Ugy6Veq4vusfd3Roy3R4AaABAg,2026-08-05T20:00:41.362614+00:00
UgzUqpnM2Js49PzEoHZ4AaABAg,@RiyasRiya-i1e,UCC0Pae7pUcVAHg7FSykCbQg,Video Games,video games,❤😂🎉😢😮😊,2026-07-25T17:23:13Z,2026-07-25T17:23:13Z,0,1,0eqnKQL_SNU,Squid game 🃏🥲 fails ! | squid game crazy | #squidgame2 #funny #comedy #shorts,One Man's Choice,32,https://www.youtube.com/watch?v=0eqnKQL_SNU&lc=UgzUqpnM2Js49PzEoHZ4AaABAg,2026-08-05T20:00:41.668496+00:00
Ugy5CGEikiAXx6m9lGZ4AaABAg,@Upadhyayy,UCg-NYIQpOxW7XVvquSV_S5A,Video Games,video games,50M❤🎉,2024-03-17T07:19:45Z,2024-03-17T07:19:45Z,2426,76,GyO1MtLhyt0,Ramp Car Racing - Car Racing 3D - Android Gameplay,Gaming aadii ,34,https://www.youtube.com/watch?v=GyO1MtLhyt0&lc=Ugy5CGEikiAXx6m9lGZ4AaABAg,2026-08-05T20:00:42.035897+00:00
UgyZgjaGks5bXLb_cS54AaABAg,@RetroCadeShopUS,UCnwuP1U1pQM2sQVF6-yDDEg,Video Games,video games,Get yours on sale in our profile or www.thearcadeboy.com 🔥,2025-03-12T20:04:54Z,2025-03-12T20:04:54Z,524,64,djMGKYxrRpE,Best handheld console!,RetroCade Shop,35,https://www.youtube.com/watch?v=djMGKYxrRpE&lc=UgyZgjaGks5bXLb_cS54AaABAg,2026-08-05T20:00:42.372537+00:00
Ugwbeql0jWThCsOGUY14AaABAg,@sing2piano,UCIk6z4gxI5ADYK7HmNiJvNg,Video Games,video games,"💜 SUBSCRIBE 👉 https://s2m.lnk.to/Sing2PianoYT1b
🎤 Sing more Lana Del Rey 👉 https://s2m.lnk.to/kAmtGhDX1b
🎹 Use Our Tracks/Newsletter 👉 https://s2m.lnk.to/joine1b",2024-03-13T17:25:21Z,2024-03-13T17:25:21Z,6,0,_TcdZLlm82g,Lana Del Rey - Video Games (Piano Karaoke),Sing2Piano | Piano Karaoke Instrumentals,36,https://www.youtube.com/watch?v=_TcdZLlm82g&lc=Ugwbeql0jWThCsOGUY14AaABAg,2026-08-05T20:00:42.550463+00:00
UgwR7qATpDFEjxnacul4AaABAg,@oldcranky23,UCCoH3rKxlbxW43NHUDADDCg,Video Games,video games,7/2026,2026-07-01T17:50:49Z,2026-07-01T17:50:49Z,0,0,QabypY-fQho,Lana Del Rey -  Video Games (Lyrics),Reddit Stories Vote,37,https://www.youtube.com/watch?v=QabypY-fQho&lc=UgwR7qATpDFEjxnacul4AaABAg,2026-08-05T20:00:42.900666+00:00
UgyvJuthL2csQocH29p4AaABAg,@TWOTİME1193,UC_Ntk2mYCt4tP1u6y5EL3aw,Video Games,video games,Game name,2026-08-02T09:02:56Z,2026-08-02T09:02:56Z,0,0,fdwxh2rOOCc,This goes hard.👀 #gaming #starwars #darthvader #videogames #trending #shorts #lightsaber #4k #jedi,Bloooski,38,https://www.youtube.com/watch?v=fdwxh2rOOCc&lc=UgyvJuthL2csQocH29p4AaABAg,2026-08-05T20:00:43.157108+00:00
Ugx0l_AMrsqSEbB4LYh4AaABAg,@AdamTothpordi-qx1cr,UCsIOTPpNsLqcm4Uk5NQngBw,Video Games,video games,You give it my a video Game at Xbox pls 🙏,2026-08-05T19:52:41Z,2026-08-05T19:52:41Z,0,0,spAfMrhHUac,POV: If Tag was a Video Game…🤣 @DanielLaBelle  #theboys #viral #shorts #tag #videogames,The Johnson Brothers,39,https://www.youtube.com/watch?v=spAfMrhHUac&lc=Ugx0l_AMrsqSEbB4LYh4AaABAg,2026-08-05T20:00:43.518348+00:00
UgzMNFcpIvM_NZW8RN94AaABAg,@thewahyudifamily8549,UCG3Wgjqu4BMJy-jTrgkhG5g,Video Games,video games,If in the world is not have a old portable game then modern portable game are not created in the world,2026-08-05T14:05:22Z,2026-08-05T14:05:22Z,0,0,CtHbVo3JUXE,"This is the best hand held console with 4,000+ games and 15+ consoles!#gameboy #gaming #handheld",Minglebot,40,https://www.youtube.com/watch?v=CtHbVo3JUXE&lc=UgzMNFcpIvM_NZW8RN94AaABAg,2026-08-05T20:00:44.026280+00:00
UgxCJxYELo_ctinxTLp4AaABAg,@stevencurrie2235,UCCTyNmrj287yRtkY7LzzcLg,Video Games,video games,"Saw Lana at wembley stadium in London last summer, I have since become a real fan.
This girl is out of this world, beautiful songs, beautiful lyrics.
Love you Lana ❤😂🎉",2026-08-05T12:53:15Z,2026-08-05T12:53:15Z,0,0,cE6wxDqdOV0,Lana Del Rey - Video Games,LanaDelReyVEVO,1,https://www.youtube.com/watch?v=cE6wxDqdOV0&lc=UgxCJxYELo_ctinxTLp4AaABAg,2026-08-05T20:00:32.701284+00:00
UgxkgTkY1B3SOhi9bSJ4AaABAg,@LizaJalil-i4s7t,UCrzkwdRQYMLtlYGgi26mS1w,Video Games,video games,0:55♥️.,2026-08-05T15:32:47Z,2026-08-05T15:32:47Z,0,0,hAV9ideCFEc,Lana Del Rey - Video Games (Lyrics),Lost Panda,2,https://www.youtube.com/watch?v=hAV9ideCFEc&lc=UgxkgTkY1B3SOhi9bSJ4AaABAg,2026-08-05T20:00:32.935865+00:00
Ugw1OqDasSKf9WVBLnt4AaABAg,@Azaduqayl,UCDkQCESufX_HaDj4hJFKGQA,Video Games,video games,That's childhood memories of ts music is supa dupa sick,2026-08-05T13:19:14Z,2026-08-05T13:19:14Z,0,0,GNJtPFXUnm4,Tenacious D - Video Games,Tenacious D,3,https://www.youtube.com/watch?v=GNJtPFXUnm4&lc=Ugw1OqDasSKf9WVBLnt4AaABAg,2026-08-05T20:00:33.273919+00:00
UgzawaWpW8Rkli4tXgB4AaABAg,@txase,UCX64ij15EykcrI7odbFoLiA,Video Games,video games,hmm hes playing in at 3 am to,2026-08-05T12:06:17Z,2026-08-05T12:06:17Z,0,0,A0NfOmnsWMI,VIDEO GAMES AT 3AM 😝😱 #humor #homealone #babyduck,Packy Films,4,https://www.youtube.com/watch?v=A0NfOmnsWMI&lc=UgzawaWpW8Rkli4tXgB4AaABAg,2026-08-05T20:00:33.521848+00:00
UgzUParRiW80aIzUSDl4AaABAg,@VirginieDiez,UC-zWIaSZVORTZ9RBvudiL3g,Video Games,video games,🪻🇬🇧🛀🛁🎰🇬🇧☕️Ⓜ️😇😇😇😇😇😇😇,2026-08-03T18:58:42Z,2026-08-03T18:58:42Z,0,0,J0xw8S5PpCg,Mario Kart 8 Deluxe - All New DLC Courses (DLC Booster Pack 1),Sirloin,5,https://www.youtube.com/watch?v=J0xw8S5PpCg&lc=UgzUParRiW80aIzUSDl4AaABAg,2026-08-05T20:00:33.750988+00:00
Ugwp8V55Nqma58spJUB4AaABAg,@Saifgamingking-p4k,UC4blMxgqvy40pLe_m3zOcng,Video Games,video games,"ᴳᶦʳᴸ, TᕼIՏ 𝒾𝒮 íղαթթɾօթɾíαԵҽ 𝕒𝕟𝕕 𝔀𝓱𝔂 𝚊𝚛𝚎 𝙮𝙤𝙪 𝘚𝘪𝘯𝘨𝘪𝘯𝘨 𝖎𝖓 𝐓𝐡𝐞 𝔟𝔞ℭ𝔨𝔤𝔯𝔬𝔲𝔫𝔡?",2026-08-05T16:39:17Z,2026-08-05T16:39:17Z,0,0,wnkLpGhJh-M,Cool creative smart fun game videos that you can't miss. #100,Great_Painter,6,https://www.youtube.com/watch?v=wnkLpGhJh-M&lc=Ugwp8V55Nqma58spJUB4AaABAg,2026-08-05T20:00:33.990211+00:00
UgyDqxzvziYr1la446V4AaABAg,@johnsonshonny42,UCrSdbaTJDQQIPc6dywah1eQ,Video Games,video games,she should be vaping in between those sounds of bliss to keep calm,2026-07-20T05:09:06Z,2026-07-20T05:09:06Z,0,0,P3YJcpDZ3fA,Lana Del Rey - Video Games (Glastonbury 2014),BBC Music,7,https://www.youtube.com/watch?v=P3YJcpDZ3fA&lc=UgyDqxzvziYr1la446V4AaABAg,2026-08-05T20:00:34.246256+00:00
UgzR455TSnjqs4j0XgV4AaABAg,@SarukKhan-n1z,UC5o44ZEy1tMy_9xF1bGEe9w,Video Games,video games,"Bhai mera naam Shubham hai,               agar aap Mein Dam Hai to, launchpad se 20 m duri ka loot karke aapko 5 bande Ko kil karna hai,     agar yah challenge complete kiya to 10 bande aapko turant subscribe Karega❤❤",2026-08-05T05:46:18Z,2026-08-05T05:46:18Z,0,0,Mvy1z-SmD1E,Gaming in Year 2067,Adhemz,8,https://www.youtube.com/watch?v=Mvy1z-SmD1E&lc=UgzR455TSnjqs4j0XgV4AaABAg,2026-08-05T20:00:34.509938+00:00
UgwCWq9GF4lZCjw522t4AaABAg,@JackThirtle,UCOrb9W8PApZvIP5OlRZsrXw,Video Games,video games,Cool,2026-08-03T12:38:52Z,2026-08-03T12:38:52Z,0,0,yYhVn0vcCU0,How Different Game Characters Climb Up ⬆️,Matt Larose,9,https://www.youtube.com/watch?v=yYhVn0vcCU0&lc=UgwCWq9GF4lZCjw522t4AaABAg,2026-08-05T20:00:34.809258+00:00
UgwLdJlWjATHT6aG0sJ4AaABAg,@LaylasWay-f4i,UC8p2rqEhfn9tb5tEkdXZvqw,Video Games,video games,New video,2026-08-05T19:57:44Z,2026-08-05T19:57:44Z,0,0,rj2bs1Q3ADg,GIRLS ADDICTED TO VIDEO GAMES 😱, Queens Reality,10,https://www.youtube.com/watch?v=rj2bs1Q3ADg&lc=UgwLdJlWjATHT6aG0sJ4AaABAg,2026-08-05T20:00:35.049866+00:00
Ugycg4L60sYibw6Xafl4AaABAg,@KevinBlox_26,UCdqzRWa1kcZ2R19uhyNxIhw,Video Games,video games,0:10 IS THAT ODD FUTURE?,2026-07-31T06:13:30Z,2026-07-31T06:13:30Z,0,0,Z_SMaf8Ba0g,Video Games but every word is a Google Image,naD rM,11,https://www.youtube.com/watch?v=Z_SMaf8Ba0g&lc=Ugycg4L60sYibw6Xafl4AaABAg,2026-08-05T20:00:35.320247+00:00
UgwHM3CFqIrASOmDtS94AaABAg,@Bluestone0001,UC4DfOVOzDIQMNcQVNDw-JXg,Video Games,video games,The gmod error is real,2026-08-05T12:37:04Z,2026-08-05T12:37:04Z,0,0,qCR1sVS2h4o,Video Game Glitches be like… pt. 5 #gaming #shorts,NicsNite,12,https://www.youtube.com/watch?v=qCR1sVS2h4o&lc=UgwHM3CFqIrASOmDtS94AaABAg,2026-08-05T20:00:35.619097+00:00
Ugwqz3uYo7CFMo6YesF4AaABAg,@RBenino,UC6TWAzBxNYdr9yKT2-iRRtQ,Video Games,video games,❤,2026-07-22T15:55:45Z,2026-07-22T15:55:45Z,0,0,Qi5ppQAozIM,04 - Video Games - Lana Del Rey,Yeyden Zoé Vega,13,https://www.youtube.com/watch?v=Qi5ppQAozIM&lc=Ugwqz3uYo7CFMo6YesF4AaABAg,2026-08-05T20:00:36.140608+00:00
UgxoBv2rRkQEFJRm3FN4AaABAg,@SirslimyYT,UCF-XNY26ZkQL0KrnHGXjJcA,Video Games,video games,This is why every parent on the world says video games are bad,2026-07-26T23:19:38Z,2026-07-26T23:19:38Z,0,0,C4AbHvkxjsA,Video Games That Inspired Killers,Sambucha,14,https://www.youtube.com/watch?v=C4AbHvkxjsA&lc=UgxoBv2rRkQEFJRm3FN4AaABAg,2026-08-05T20:00:36.447587+00:00
UgzYlQsXJlx27eyIu2d4AaABAg,@Renzogut16,UCu_Ym9ElqN2DP8p3d6ltvOw,Video Games,video games,If buying ain’t owning then piracy ain’t stealing,2026-07-28T21:07:40Z,2026-07-28T21:07:40Z,0,0,gM3lOz0Gblk,How Video Games Punish Stealers,Sambucha,15,https://www.youtube.com/watch?v=gM3lOz0Gblk&lc=UgzYlQsXJlx27eyIu2d4AaABAg,2026-08-05T20:00:36.755204+00:00
UgxFWZrmG-p-TulqOed4AaABAg,@DementoPowerful,UC5JzQFYciUKqhlQoPvGLq_w,Video Games,video games,"I swear this guy is a tourist and not a real gamer, with AI writing for him his videos:
1- No mention about Marvel Tokon, one of the biggest release of the month and bigger than many he mentioned.
2- Calling XCOM a TRPG, is typical from casual people.

He also admit that he has put the second slop game based on video and trailers without proper testing",2026-08-05T05:07:38Z,2026-08-05T05:07:38Z,0,0,HdL_rJ2yc3A,10 Best NEW Games To Play In August 2026,Force Gaming,16,https://www.youtube.com/watch?v=HdL_rJ2yc3A&lc=UgxFWZrmG-p-TulqOed4AaABAg,2026-08-05T20:00:36.960654+00:00
UgzM0LjcKvmqOA8qEj14AaABAg,@aishaabduljabbar8925,UCr7iPN4529MWBLdePVu0z6A,Video Games,video games,Meanwhile Roblox …,2026-08-05T00:17:33Z,2026-08-05T00:17:33Z,0,0,OKkeR_Mn97E,Do Video Games Make You Smarter?,Gohar Khan,17,https://www.youtube.com/watch?v=OKkeR_Mn97E&lc=UgzM0LjcKvmqOA8qEj14AaABAg,2026-08-05T20:00:37.183103+00:00
Ugw24yMevEyHr6g2y454AaABAg,@TinyToonGalaxy-s8,UC9QIL67-31kWD0d9JsVdxEg,Video Games,video games,Gi,2026-08-05T12:41:20Z,2026-08-05T12:41:20Z,0,0,tDc8dnyw7B4,Why you should never play video games in class #shorts,Zach King,18,https://www.youtube.com/watch?v=tDc8dnyw7B4&lc=Ugw24yMevEyHr6g2y454AaABAg,2026-08-05T20:00:37.410732+00:00
UgxFu2WfX2lQm94FAmx4AaABAg,@ratchetfella,UCIcCnYnpYC0iuAy5UeBNdoQ,Video Games,video games,"Guys, I love you, but I was fighting for my life to keep my lunch with that opening clam chowder story. Eventually had to call it quits and skip to the first story",2026-08-05T19:31:07Z,2026-08-05T19:31:07Z,0,0,1pKYlCn3z1M,How Video Game Reviews ACTUALLY Work - EP234 Kit & Krysta Podcast,Kit & Krysta,19,https://www.youtube.com/watch?v=1pKYlCn3z1M&lc=UgxFu2WfX2lQm94FAmx4AaABAg,2026-08-05T20:00:37.558453+00:00
UgyjG7ve0whR6KPmluB4AaABAg,@rosajeesenevirathne2424,UC9Vza40eHXTud4XZV9LOJug,Video Games,video games,anybody after the 6th episode of 3 body problem 🙂,2024-12-21T14:57:50Z,2024-12-21T14:57:50Z,0,0,_vkOOqC_g-Q,Video Games - Lana Del Rey - Lyrics,MegaMf97,20,https://www.youtube.com/watch?v=_vkOOqC_g-Q&lc=UgyjG7ve0whR6KPmluB4AaABAg,2026-08-05T20:00:38.186102+00:00
Ugz3K75nyKctNFRpXEZ4AaABAg,@8BitPeashoot,UCb-yI0sfwPGRmUxPqZ-b0gg,Video Games,video games,This is how my friend felt after I beat the first 2 Deltarune bosses faster than him (he hates Deltarune now and won’t admit it),2026-08-04T19:44:38Z,2026-08-04T19:44:38Z,0,0,PkTgn7xY7n8,The Friend That's Too Good at Video Games,CircleToonsHD,21,https://www.youtube.com/watch?v=PkTgn7xY7n8&lc=Ugz3K75nyKctNFRpXEZ4AaABAg,2026-08-05T20:00:38.443518+00:00
UgzA74KFIpW-y-COx1R4AaABAg,@hawaishinde7951,UCEXsUysrbIEreodbtLZT0ZQ,Video Games,video games,Ride to heaven,2026-08-01T14:10:27Z,2026-08-01T14:10:27Z,0,0,EVveQo-rzDk,Scania truck driving 4K video | Truck Simulator Ultimate #game #games #truck #simulator #gameplay,THE HIYAA GAMING ,22,https://www.youtube.com/watch?v=EVveQo-rzDk&lc=UgzA74KFIpW-y-COx1R4AaABAg,2026-08-05T20:00:38.702493+00:00
UgzPDzdckgf98e0YOq14AaABAg,@JosueTapia-e8of,UC0RGIefDLwAWhNYPas31Dsg,Video Games,video games,Good game is the bathrooms,2026-07-29T04:32:47Z,2026-07-29T04:32:47Z,0,0,SeYgoLpzFlM,Squid game🔥😂 crazy  |  pink soldiers Funny ✅🤣 moments   #funny #pinksoldiers squidgame2|,One Man's Choice,23,https://www.youtube.com/watch?v=SeYgoLpzFlM&lc=UgzPDzdckgf98e0YOq14AaABAg,2026-08-05T20:00:39.110934+00:00
UgzSKk5Z0EnwU4GLzLd4AaABAg,@FullCoverHistoryChannel,UC9h3Ip1-TkMWJRO9pZLnVfQ,Video Games,video games,I just kicked alla,2026-06-03T13:21:35Z,2026-06-03T13:21:35Z,0,0,W7R6cKdX50o,Video Games That Were Pulled,Sambucha,24,https://www.youtube.com/watch?v=W7R6cKdX50o&lc=UgzSKk5Z0EnwU4GLzLd4AaABAg,2026-08-05T20:00:39.360111+00:00
Ugw8mYtt6yAdKHoNkth4AaABAg,@lesetteporter,UC_fj9sJPQ00hzZ0K4T8ZxMw,Video Games,video games,Sonic,2026-08-05T15:17:53Z,2026-08-05T15:17:53Z,0,0,2oKoNi7uRgc,POPULAR VIDEO GAMES in LEGO...,TD BRICKS,25,https://www.youtube.com/watch?v=2oKoNi7uRgc&lc=Ugw8mYtt6yAdKHoNkth4AaABAg,2026-08-05T20:00:39.825704+00:00
UgyScyF9Bc9sGFsGZ2h4AaABAg,@Kvasirson,UCrQNJXCxCCfVA6k8WmoAK_g,Video Games,video games,Verigan's Fist in World of Warcraft,2026-08-05T01:51:49Z,2026-08-05T01:51:49Z,0,0,BxNGxCHTtHM,10 Insanely Long Video Game Quests That ARE Worth Finishing,WhatCulture Gaming,26,https://www.youtube.com/watch?v=BxNGxCHTtHM&lc=UgyScyF9Bc9sGFsGZ2h4AaABAg,2026-08-05T20:00:39.975513+00:00
UgzGmaybovG4hGDPy194AaABAg,@umit-h5r8u,UC3UgxgQz43MhtYHWsvXiv7g,Video Games,video games,Nintendo is overrated,2026-08-04T22:22:20Z,2026-08-04T22:22:20Z,0,0,8kIUR-TA33Y,Best Video Games of All Time,Sambucha,27,https://www.youtube.com/watch?v=8kIUR-TA33Y&lc=UgzGmaybovG4hGDPy194AaABAg,2026-08-05T20:00:40.379565+00:00
UgyvROvIbttI5663UFB4AaABAg,@SWIFTYSAM1987,UCcYmNmJh9w6-Elk7_Tbos6g,Video Games,video games,I asked for free stuff last time I went to GameStop. After they asked if I wanted the warrantee I said I would go for it if they had free stuff. They looked at me if I was asking for something illegal with 2 heads.,2026-08-05T19:58:33Z,2026-08-05T19:58:33Z,0,0,JFUvIkzf0cw,You Need To Check EVERYWHERE When You're Hunting for Video Games.,RJCmedia,28,https://www.youtube.com/watch?v=JFUvIkzf0cw&lc=UgyvROvIbttI5663UFB4AaABAg,2026-08-05T20:00:40.534888+00:00
Ugw7iG4xB9NiDyzfn0t4AaABAg,@muralikrishnap.8069,UCheWYA8NaEwieLU9KG35Sjg,Video Games,video games,"Mom:WHAT THE F-
Aisen:mom got SLICED!!",2026-08-04T17:48:15Z,2026-08-04T17:48:15Z,0,0,t5r0VgFhp0M,Game night #shorts,The Land Of Boggs,29,https://www.youtube.com/watch?v=t5r0VgFhp0M&lc=Ugw7iG4xB9NiDyzfn0t4AaABAg,2026-08-05T20:00:40.804871+00:00
UgwH-hZEfwZYOs-IWyx4AaABAg,@JYOTI-e1z2s,UCuMV_YMr4Emk4MoWSEWYS1g,Video Games,video games,Aap aisa kya hamen Mila denge,2026-08-02T13:44:57Z,2026-08-02T13:44:57Z,0,0,gOLmc4cr9B4,Video game keychain #videogames #keychain #unique #game #play #trending #shorts #viral #gift #hamper,cringekids,31,https://www.youtube.com/watch?v=gOLmc4cr9B4&lc=UgwH-hZEfwZYOs-IWyx4AaABAg,2026-08-05T20:00:41.362614+00:00
UgxiukHIZTcULfClfHx4AaABAg,@HussainiNexus,UCWvCKBBeXTdtCc66s2MUk-A,Video Games,video games,😂😂😂😂😂😂😂😂😂😂😂😂🎉,2026-07-18T22:36:03Z,2026-07-18T22:36:03Z,0,0,0eqnKQL_SNU,Squid game 🃏🥲 fails ! | squid game crazy | #squidgame2 #funny #comedy #shorts,One Man's Choice,32,https://www.youtube.com/watch?v=0eqnKQL_SNU&lc=UgxiukHIZTcULfClfHx4AaABAg,2026-08-05T20:00:41.668496+00:00
UgyZEq1L4St9qdbb0QN4AaABAg,@GraceWambui-m1k,UC-EJu7lmbt9NMRRC77QYJhg,Video Games,video games,Can you please send me the game,2026-08-05T17:42:13Z,2026-08-05T17:42:13Z,0,0,GyO1MtLhyt0,Ramp Car Racing - Car Racing 3D - Android Gameplay,Gaming aadii ,34,https://www.youtube.com/watch?v=GyO1MtLhyt0&lc=UgyZEq1L4St9qdbb0QN4AaABAg,2026-08-05T20:00:42.035897+00:00
UgwQimKaokO8QbLLYep4AaABAg,@sohilansari6298,UCF8acJp2UR04mxyiiM-0JkA,Video Games,video games,Wait what?😢 did you search?,2026-08-05T09:40:56Z,2026-08-05T09:40:56Z,0,0,djMGKYxrRpE,Best handheld console!,RetroCade Shop,35,https://www.youtube.com/watch?v=djMGKYxrRpE&lc=UgwQimKaokO8QbLLYep4AaABAg,2026-08-05T20:00:42.372537+00:00
UgyzFgxwoWUHqjC5zTJ4AaABAg,@ellenroejade1258,UC6J6e_QbYvymbQn10yv3BvA,Video Games,video games,"hii, i hope you're doing well. thank u",2025-11-23T13:45:10Z,2025-11-23T13:45:10Z,2,1,_TcdZLlm82g,Lana Del Rey - Video Games (Piano Karaoke),Sing2Piano | Piano Karaoke Instrumentals,36,https://www.youtube.com/watch?v=_TcdZLlm82g&lc=UgyzFgxwoWUHqjC5zTJ4AaABAg,2026-08-05T20:00:42.550463+00:00
UgzacRV4de7KuaxVoPx4AaABAg,@oldcranky23,UCCoH3rKxlbxW43NHUDADDCg,Video Games,video games,Just discovered this song. Feel like I have really been missing out.,2026-06-29T03:49:56Z,2026-06-29T03:49:56Z,1,0,QabypY-fQho,Lana Del Rey -  Video Games (Lyrics),Reddit Stories Vote,37,https://www.youtube.com/watch?v=QabypY-fQho&lc=UgzacRV4de7KuaxVoPx4AaABAg,2026-08-05T20:00:42.900666+00:00
UgwgyqWP6ohDMyG0D994AaABAg,@CT-7567_CPTNRex,UCE6JdiShsikhkBtuQwnF9-A,Video Games,video games,Oh thats jedi master Revan. Yeah vader isnt winning this one,2026-08-01T18:14:37Z,2026-08-01T18:14:37Z,0,0,fdwxh2rOOCc,This goes hard.👀 #gaming #starwars #darthvader #videogames #trending #shorts #lightsaber #4k #jedi,Bloooski,38,https://www.youtube.com/watch?v=fdwxh2rOOCc&lc=UgwgyqWP6ohDMyG0D994AaABAg,2026-08-05T20:00:43.157108+00:00
UgyPwo4F6Z0T08upvBR4AaABAg,@SamarThakur-qx2hj,UCQVKLIII1owoBzEYwZatgSA,Video Games,video games,So cool,2026-08-05T18:44:38Z,2026-08-05T18:44:38Z,0,0,spAfMrhHUac,POV: If Tag was a Video Game…🤣 @DanielLaBelle  #theboys #viral #shorts #tag #videogames,The Johnson Brothers,39,https://www.youtube.com/watch?v=spAfMrhHUac&lc=UgyPwo4F6Z0T08upvBR4AaABAg,2026-08-05T20:00:43.518348+00:00
UgxhIeqii5sWqhYVliB4AaABAg,@adorabletalks,UCMzi2bqefMcYXswlQ4nU9tA,Video Games,video games,Bro don't underestimate the 90s era because we were playing the golden times,2026-08-02T15:58:40Z,2026-08-02T15:58:40Z,1,0,CtHbVo3JUXE,"This is the best hand held console with 4,000+ games and 15+ consoles!#gameboy #gaming #handheld",Minglebot,40,https://www.youtube.com/watch?v=CtHbVo3JUXE&lc=UgxhIeqii5sWqhYVliB4AaABAg,2026-08-05T20:00:44.026280+00:00
UgzGm4ohXyNIw0m7dAp4AaABAg,@SeemaSingh-x2f1x,UCPwtXQlfW4EWJX2sfzw403w,Video Games,video games,Anyone in august 2026?,2026-08-05T09:48:11Z,2026-08-05T09:48:11Z,2,0,cE6wxDqdOV0,Lana Del Rey - Video Games,LanaDelReyVEVO,1,https://www.youtube.com/watch?v=cE6wxDqdOV0&lc=UgzGm4ohXyNIw0m7dAp4AaABAg,2026-08-05T20:00:32.701284+00:00
Ugyr735drjwCPUBL_U14AaABAg,@batmanimal5993,UCmCiBVbUwg9uWSPiMEoipqg,Video Games,video games,This is actually a rock song,2026-07-31T23:24:22Z,2026-07-31T23:24:22Z,0,0,hAV9ideCFEc,Lana Del Rey - Video Games (Lyrics),Lost Panda,2,https://www.youtube.com/watch?v=hAV9ideCFEc&lc=Ugyr735drjwCPUBL_U14AaABAg,2026-08-05T20:00:32.935865+00:00
UgyxaiBSioTMU_q_tep4AaABAg,@Starlord99996,UCM06jngD6ezegv6timVJLnA,Video Games,video games,0:48 that’s the best bit 👍,2026-08-04T21:51:44Z,2026-08-04T21:51:44Z,0,0,GNJtPFXUnm4,Tenacious D - Video Games,Tenacious D,3,https://www.youtube.com/watch?v=GNJtPFXUnm4&lc=UgyxaiBSioTMU_q_tep4AaABAg,2026-08-05T20:00:33.273919+00:00
Ugza0RjFWr8gtpJFXKJ4AaABAg,@txase,UCX64ij15EykcrI7odbFoLiA,Video Games,video games,oh hes hear footsteps and he scare why is alone,2026-08-05T11:59:30Z,2026-08-05T11:59:30Z,0,0,A0NfOmnsWMI,VIDEO GAMES AT 3AM 😝😱 #humor #homealone #babyduck,Packy Films,4,https://www.youtube.com/watch?v=A0NfOmnsWMI&lc=Ugza0RjFWr8gtpJFXKJ4AaABAg,2026-08-05T20:00:33.521848+00:00
UgzFmHw1uHk-4cedN6x4AaABAg,@VirginieDiez,UC-zWIaSZVORTZ9RBvudiL3g,Video Games,video games,Nonrhtg et Icass aussi ils ont,2026-08-03T18:55:57Z,2026-08-03T18:55:57Z,0,0,J0xw8S5PpCg,Mario Kart 8 Deluxe - All New DLC Courses (DLC Booster Pack 1),Sirloin,5,https://www.youtube.com/watch?v=J0xw8S5PpCg&lc=UgzFmHw1uHk-4cedN6x4AaABAg,2026-08-05T20:00:33.750988+00:00
UgxO_srz8J53bM0k4uJ4AaABAg,@NaranSha-t5d,UC8x6NTAdIG3UMnsnLydhj8w,Video Games,video games,😂😂😂,2026-08-05T13:13:27Z,2026-08-05T13:13:27Z,1,0,wnkLpGhJh-M,Cool creative smart fun game videos that you can't miss. #100,Great_Painter,6,https://www.youtube.com/watch?v=wnkLpGhJh-M&lc=UgxO_srz8J53bM0k4uJ4AaABAg,2026-08-05T20:00:33.990211+00:00
Ugxm91fM-c6j0QZarnl4AaABAg,@StefanPalliart,UCWuQPdWZSTusDhXHjfKVW1w,Video Games,video games,DAS IST EIN SER SCHÖNES LIED GEFÄLLT MIR SEHR GUT ❤❤❤❤❤❤❤❤❤❤❤❤❤❤❤❤❤❤❤❤❤❤❤❤❤❤,2026-07-16T20:01:53Z,2026-07-16T20:01:53Z,1,0,P3YJcpDZ3fA,Lana Del Rey - Video Games (Glastonbury 2014),BBC Music,7,https://www.youtube.com/watch?v=P3YJcpDZ3fA&lc=Ugxm91fM-c6j0QZarnl4AaABAg,2026-08-05T20:00:34.246256+00:00
UgyHFNnQGkXoW69SvQR4AaABAg,@Sarr_gaming2,UCcnl9PTcaSBSYFpj6Ewm5Jw,Video Games,video games,😂,2026-08-04T00:28:39Z,2026-08-04T00:28:39Z,0,0,Mvy1z-SmD1E,Gaming in Year 2067,Adhemz,8,https://www.youtube.com/watch?v=Mvy1z-SmD1E&lc=UgyHFNnQGkXoW69SvQR4AaABAg,2026-08-05T20:00:34.509938+00:00
UgwVCZga1-5L4yvlR594AaABAg,@Dominic.gianini,UCiV1dddyL00K-v2nFB6OiuQ,Video Games,video games,Five nights at Freddy’s,2026-08-02T00:00:39Z,2026-08-02T00:00:39Z,0,0,yYhVn0vcCU0,How Different Game Characters Climb Up ⬆️,Matt Larose,9,https://www.youtube.com/watch?v=yYhVn0vcCU0&lc=UgwVCZga1-5L4yvlR594AaABAg,2026-08-05T20:00:34.809258+00:00
Ugybpqe6ihPsR0FfkpB4AaABAg,@SashaandAsher-h3n,UCvO6xCgZYjQaTfqM0wyyT8g,Video Games,video games,Yes baby a new video about girls is ADDicted to video game and I'm so excited to watch this video until the end 😨to see what happened next😨😨😨😨😨😨😨😨😨😨😨😨😨😨😨😨😨😨😨😨😨😨😨😨😨😨😨😨😨😨😨😨😨😨😨😨😨😨😨😨😨😨😨😨😨😨😨😨😨😨😨😨😨😨😨😨😨😨😨😨😨😨😨😨😨😨😨😨😱😱😱😱😱😱😱😱😱😱😱😱😱😱😱😱😱😱😱😱😱😱😱😱😱😱😱😱😱😱😱😱😱😱😱😱😱😱😱😱😱😱😱😱😱😱😱😱😱😱😱😱😱😱😱😱😱😱🍿🍿🍿🍿🍿🍿🍿🍿🍿🍿🍿🍿🍿🍿🍿🍿🍿🍿🍿🍿🍿🍿🍿🍿🍿🍿🍿🍿🍿🍿🍿🍿🍿🍿🍿🍿🍿🍿🍿🍿🍿🍿🍿🍿🍿🍿🍿🍿🍿🍿🍿🍿🍿🍿🍿🍿🍿🍿🍿🎉🎉🎉🎉🎉🎉🎉🎉🎉🎉🎉🎉🎉🎉🎉🎉🎉🎉🎉🎉🎉🎉🎉🎉🎉🎉🎉🎉🎉🎉🎉🎉🎉🎉🎉🎉🎉🎉🎉🎉🎉🎉🎉🎉🎉🎉🎉🎉🎉🎉🎉🎉🎉🎉🎉🎉❤❤❤❤❤❤❤❤❤❤❤❤❤❤❤❤❤❤❤❤❤❤❤❤❤❤❤❤❤❤❤❤❤❤❤❤❤❤❤❤❤❤❤❤❤❤❤❤❤❤❤❤❤❤❤❤❤❤❤❤❤❤❤❤❤❤❤❤❤❤❤❤❤❤,2026-08-05T19:56:02Z,2026-08-05T19:56:02Z,1,0,rj2bs1Q3ADg,GIRLS ADDICTED TO VIDEO GAMES 😱, Queens Reality,10,https://www.youtube.com/watch?v=rj2bs1Q3ADg&lc=Ugybpqe6ihPsR0FfkpB4AaABAg,2026-08-05T20:00:35.049866+00:00
UgwpP4fJiUJjXdNon5d4AaABAg,@TobyPecor-q5y,UCYzlG6qrxIgx6LB2sg0s3Ig,Video Games,video games,0:05 2 be doing side missions,2026-07-21T03:09:06Z,2026-07-21T03:09:06Z,1,0,Z_SMaf8Ba0g,Video Games but every word is a Google Image,naD rM,11,https://www.youtube.com/watch?v=Z_SMaf8Ba0g&lc=UgwpP4fJiUJjXdNon5d4AaABAg,2026-08-05T20:00:35.320247+00:00
UgxhJ5b7o6W2ToFZY994AaABAg,@redzuan07saad37,UCfgC8sbxxszwWMWCqFWT79Q,Video Games,video games,Me realizing I have the same fork as yours 🫪,2026-08-04T13:28:26Z,2026-08-04T13:28:26Z,1,0,qCR1sVS2h4o,Video Game Glitches be like… pt. 5 #gaming #shorts,NicsNite,12,https://www.youtube.com/watch?v=qCR1sVS2h4o&lc=UgxhJ5b7o6W2ToFZY994AaABAg,2026-08-05T20:00:35.619097+00:00
Ugz5bkPHX28-eB_IRmZ4AaABAg,@Ghost2Most-q5h,UCsric_4fn8pt_UO8qMPeVqg,Video Games,video games,"I only ever listen to underground artists who aren't very well known, but I haven't heard a lana del Rey song that I didn't like",2026-07-07T19:55:22Z,2026-07-07T19:55:22Z,1,0,Qi5ppQAozIM,04 - Video Games - Lana Del Rey,Yeyden Zoé Vega,13,https://www.youtube.com/watch?v=Qi5ppQAozIM&lc=Ugz5bkPHX28-eB_IRmZ4AaABAg,2026-08-05T20:00:36.140608+00:00
UgzRyWj63WT1iHSCBDZ4AaABAg,@Poopboy1999,UCeovYkJdYUwPnDRrqjM8bRA,Video Games,video games,It's just funny how gamers blame guns for shit.,2026-07-14T00:13:19Z,2026-07-14T00:13:19Z,1,0,C4AbHvkxjsA,Video Games That Inspired Killers,Sambucha,14,https://www.youtube.com/watch?v=C4AbHvkxjsA&lc=UgzRyWj63WT1iHSCBDZ4AaABAg,2026-08-05T20:00:36.447587+00:00
Ugz0S7qz8gHRv_dbWFF4AaABAg,@ChaosTheSecond,UCv2xs_5vYa2wUXmTQxS_S6g,Video Games,video games,"“Piracy is a crime”
“DIE”
“Please buy a retail version”",2026-07-26T02:45:00Z,2026-07-26T02:45:00Z,0,0,gM3lOz0Gblk,How Video Games Punish Stealers,Sambucha,15,https://www.youtube.com/watch?v=gM3lOz0Gblk&lc=Ugz0S7qz8gHRv_dbWFF4AaABAg,2026-08-05T20:00:36.755204+00:00
Ugx-kUDQocybzVAKXZ54AaABAg,@therealuziduke5853,UC9paRQUnRQROEML6mrWYAdQ,Video Games,video games,There is no other game to play other than EQL.,2026-08-05T01:08:13Z,2026-08-05T01:08:13Z,1,0,HdL_rJ2yc3A,10 Best NEW Games To Play In August 2026,Force Gaming,16,https://www.youtube.com/watch?v=HdL_rJ2yc3A&lc=Ugx-kUDQocybzVAKXZ54AaABAg,2026-08-05T20:00:36.960654+00:00
Ugy75iz_RccGRPfqerV4AaABAg,@egnoyonff3855,UCWsVSZUTQlT5sgHvACnwBVg,Video Games,video games,I HAVE LEARN MANY THINGS FROM MIMECRAFT,2026-08-04T17:57:31Z,2026-08-04T17:57:31Z,0,0,OKkeR_Mn97E,Do Video Games Make You Smarter?,Gohar Khan,17,https://www.youtube.com/watch?v=OKkeR_Mn97E&lc=Ugy75iz_RccGRPfqerV4AaABAg,2026-08-05T20:00:37.183103+00:00
UgyDB4RheVdhiSIk0d14AaABAg,@baconbutan_fan,UCX8pcy2NKFmtHNVnHjIUvTQ,Video Games,video games,I swear if sniperroad get fucking banned cause of u ooh I don't know how many people r gonna be mad at u and maybe even send death threats maybe and y'all are gonna loser cause this case u know how many people watching sniperbox like I'm sorry but ur not winning not sorry:),2026-08-05T07:12:12Z,2026-08-05T07:12:12Z,0,0,tDc8dnyw7B4,Why you should never play video games in class #shorts,Zach King,18,https://www.youtube.com/watch?v=tDc8dnyw7B4&lc=UgyDB4RheVdhiSIk0d14AaABAg,2026-08-05T20:00:37.410732+00:00
Ugw3UO0UGuxK6H2AedV4AaABAg,@Janiz1998,UC9j3h5wPgZ9Qu1Yf70pDY0Q,Video Games,video games,Crazy to hear how strict Nintendo was about review copies and now they don't do anything about leaks. They went too far the other way 😭,2026-08-05T19:21:21Z,2026-08-05T19:21:21Z,0,0,1pKYlCn3z1M,How Video Game Reviews ACTUALLY Work - EP234 Kit & Krysta Podcast,Kit & Krysta,19,https://www.youtube.com/watch?v=1pKYlCn3z1M&lc=Ugw3UO0UGuxK6H2AedV4AaABAg,2026-08-05T20:00:37.558453+00:00
UgxaxMBDcZNH8PAuZDR4AaABAg,@Mindaugas-Jūratė-Barvm6xg3os7s,UCCtRJna4i9TXAi2BeEVS32A,Video Games,video games,"Uštai virai limpa 😅 prie manes VIRO 😅Apgailėtinos reklamos😅😅😅
SLAPUKAS 😊",2024-10-19T03:00:39Z,2024-10-19T03:12:25Z,0,0,_vkOOqC_g-Q,Video Games - Lana Del Rey - Lyrics,MegaMf97,20,https://www.youtube.com/watch?v=_vkOOqC_g-Q&lc=UgxaxMBDcZNH8PAuZDR4AaABAg,2026-08-05T20:00:38.186102+00:00
UgynnYF0lW557Rn4iM94AaABAg,@EnGamer113,UCADMxaZE-13nHOCM6Za1B5w,Video Games,video games,"i misread ""Jumping Master"" to ""Jumping Gaster""",2026-08-04T19:21:10Z,2026-08-04T19:21:10Z,0,0,PkTgn7xY7n8,The Friend That's Too Good at Video Games,CircleToonsHD,21,https://www.youtube.com/watch?v=PkTgn7xY7n8&lc=UgynnYF0lW557Rn4iM94AaABAg,2026-08-05T20:00:38.443518+00:00
UgxeCm38JhcROY10E814AaABAg,@AjayKumar-f2w7c,UCm52EprQN27v9kCd8huYrjQ,Video Games,video games,Bhai mujhe support dikhao,2026-07-31T00:16:04Z,2026-07-31T00:16:04Z,0,0,EVveQo-rzDk,Scania truck driving 4K video | Truck Simulator Ultimate #game #games #truck #simulator #gameplay,THE HIYAA GAMING ,22,https://www.youtube.com/watch?v=EVveQo-rzDk&lc=UgxeCm38JhcROY10E814AaABAg,2026-08-05T20:00:38.702493+00:00
Ugwypleffyni67Lntqd4AaABAg,@chancepants_16,UCXdjTAbMJWyjR7KsUUQqjVA,Video Games,video games,I mean like in the normal kid shows that's fine but in a game where it's killing people and you just killed somebody that that's just horrible,2026-07-29T00:34:05Z,2026-07-29T00:34:05Z,0,0,SeYgoLpzFlM,Squid game🔥😂 crazy  |  pink soldiers Funny ✅🤣 moments   #funny #pinksoldiers squidgame2|,One Man's Choice,23,https://www.youtube.com/watch?v=SeYgoLpzFlM&lc=Ugwypleffyni67Lntqd4AaABAg,2026-08-05T20:00:39.110934+00:00
UgwRwy1Kfrfi00hkhgZ4AaABAg,@serial-designation-v-7,UCTTnw6jk8_2-uRMZUhpx8Mg,Video Games,video games,What abt the indie incest game it was banned for containing stuff..,2026-05-31T11:34:02Z,2026-05-31T11:34:02Z,0,0,W7R6cKdX50o,Video Games That Were Pulled,Sambucha,24,https://www.youtube.com/watch?v=W7R6cKdX50o&lc=UgwRwy1Kfrfi00hkhgZ4AaABAg,2026-08-05T20:00:39.360111+00:00
UgzDBP88e-7HiUQD25x4AaABAg,@henrytamano5210,UCPPt14APLCvPr9kF4D-JTMA,Video Games,video games,mlbb,2026-08-05T11:04:52Z,2026-08-05T11:04:52Z,0,0,2oKoNi7uRgc,POPULAR VIDEO GAMES in LEGO...,TD BRICKS,25,https://www.youtube.com/watch?v=2oKoNi7uRgc&lc=UgzDBP88e-7HiUQD25x4AaABAg,2026-08-05T20:00:39.825704+00:00
UgyrPg8MXYr1scpXQEh4AaABAg,@christos6014,UCbL-0Pme6Aqxcs3LMNgcQIQ,Video Games,video games,The mind of madness doesn’t hold a candle to the stones of barenziah though the wabbajack is better than the crown existing and getting the passive of finding gems everywhere,2026-08-05T01:08:42Z,2026-08-05T01:08:42Z,0,0,BxNGxCHTtHM,10 Insanely Long Video Game Quests That ARE Worth Finishing,WhatCulture Gaming,26,https://www.youtube.com/watch?v=BxNGxCHTtHM&lc=UgyrPg8MXYr1scpXQEh4AaABAg,2026-08-05T20:00:39.975513+00:00
UgxpDFVu_2KbuFy4xHB4AaABAg,@DeFrieseTettie,UC9BPs3-bq298Mx4KEhXY5-w,Video Games,video games,Tetris 😭🙏,2026-08-04T09:10:52Z,2026-08-04T09:10:52Z,0,0,8kIUR-TA33Y,Best Video Games of All Time,Sambucha,27,https://www.youtube.com/watch?v=8kIUR-TA33Y&lc=UgxpDFVu_2KbuFy4xHB4AaABAg,2026-08-05T20:00:40.379565+00:00
UgwZ10Qs9VjE9SuVhph4AaABAg,@jwarren9109,UC3VJ4o-DCGLcrcUdB9Yukeg,Video Games,video games,Did you sell all of the assassin's creed black flag steel books? I'm looking for one for my steel book collection.,2026-08-05T19:28:06Z,2026-08-05T19:28:06Z,1,0,JFUvIkzf0cw,You Need To Check EVERYWHERE When You're Hunting for Video Games.,RJCmedia,28,https://www.youtube.com/watch?v=JFUvIkzf0cw&lc=UgwZ10Qs9VjE9SuVhph4AaABAg,2026-08-05T20:00:40.534888+00:00
Ugx-ijCobiLR97qADX94AaABAg,@spiderbob2943,UCJS-EtE5idw6UCOiTfi7LWQ,Video Games,video games,i'm Uk so for me the game wood be pegi 18 not M,2026-08-03T16:05:20Z,2026-08-03T16:05:20Z,1,0,t5r0VgFhp0M,Game night #shorts,The Land Of Boggs,29,https://www.youtube.com/watch?v=t5r0VgFhp0M&lc=Ugx-ijCobiLR97qADX94AaABAg,2026-08-05T20:00:40.804871+00:00
Ugx_P3rNhopF9EPt-lp4AaABAg,@RahmathUnnisa-q3o,UC7ARSvdXIoLQ3K9bCGwi1Lg,Video Games,video games,Price,2026-08-02T12:15:07Z,2026-08-02T12:15:07Z,0,0,gOLmc4cr9B4,Video game keychain #videogames #keychain #unique #game #play #trending #shorts #viral #gift #hamper,cringekids,31,https://www.youtube.com/watch?v=gOLmc4cr9B4&lc=Ugx_P3rNhopF9EPt-lp4AaABAg,2026-08-05T20:00:41.362614+00:00
Ugy57zkkdWY2Bsa9CJd4AaABAg,@HussainiNexus,UCWvCKBBeXTdtCc66s2MUk-A,Video Games,video games,😢😢😢😢😢😢😢😢😢,2026-07-18T22:35:51Z,2026-07-18T22:35:51Z,0,0,0eqnKQL_SNU,Squid game 🃏🥲 fails ! | squid game crazy | #squidgame2 #funny #comedy #shorts,One Man's Choice,32,https://www.youtube.com/watch?v=0eqnKQL_SNU&lc=Ugy57zkkdWY2Bsa9CJd4AaABAg,2026-08-05T20:00:41.668496+00:00
UgzPKy-PdEIVf78uxLh4AaABAg,@Anku-p6p,UCICiyZUrRUcSLMQ3R9FLFZQ,Video Games,video games,https://youtube.com/shorts/Cuxt3zFQLPg?si=hFjwsKVKwyvyfVdH,2026-08-05T07:00:14Z,2026-08-05T07:00:14Z,1,0,GyO1MtLhyt0,Ramp Car Racing - Car Racing 3D - Android Gameplay,Gaming aadii ,34,https://www.youtube.com/watch?v=GyO1MtLhyt0&lc=UgzPKy-PdEIVf78uxLh4AaABAg,2026-08-05T20:00:42.035897+00:00
UgyyV5WLGkGEpdxv2FB4AaABAg,@dilligafco.official9887,UCgFR4NLfVw0ZQoDpOB7gdFw,Video Games,video games,…does it have Tetris 👀,2026-08-04T23:57:42Z,2026-08-04T23:57:42Z,0,0,djMGKYxrRpE,Best handheld console!,RetroCade Shop,35,https://www.youtube.com/watch?v=djMGKYxrRpE&lc=UgyyV5WLGkGEpdxv2FB4AaABAg,2026-08-05T20:00:42.372537+00:00
Ugxzi6VarIMTwQjm4dR4AaABAg,@OVERHE4TED,UCdfxgC9c-cgA1Z8FHL-nXZw,Video Games,video games,I’m trying to rewrite some of it so I can sing it for my school talent show,2025-04-16T21:00:14Z,2025-04-16T21:00:14Z,6,2,_TcdZLlm82g,Lana Del Rey - Video Games (Piano Karaoke),Sing2Piano | Piano Karaoke Instrumentals,36,https://www.youtube.com/watch?v=_TcdZLlm82g&lc=Ugxzi6VarIMTwQjm4dR4AaABAg,2026-08-05T20:00:42.550463+00:00
Ugxsd1YATHCFkzJ4QaZ4AaABAg,@sabinaazamjonova,UC3mnuZsU5aP3M1_XOIMKDug,Video Games,video games,Anyone in 2026?,2026-06-25T15:49:38Z,2026-06-25T15:49:38Z,1,0,QabypY-fQho,Lana Del Rey -  Video Games (Lyrics),Reddit Stories Vote,37,https://www.youtube.com/watch?v=QabypY-fQho&lc=Ugxsd1YATHCFkzJ4QaZ4AaABAg,2026-08-05T20:00:42.900666+00:00
Ugy_O4W2mTlyORYM0YF4AaABAg,@Gi0ee_bura12,UCAoq5t7WUBKZFSIkhkKk62Q,Video Games,video games,what is the game’s name,2026-07-31T14:06:36Z,2026-07-31T14:06:36Z,0,0,fdwxh2rOOCc,This goes hard.👀 #gaming #starwars #darthvader #videogames #trending #shorts #lightsaber #4k #jedi,Bloooski,38,https://www.youtube.com/watch?v=fdwxh2rOOCc&lc=Ugy_O4W2mTlyORYM0YF4AaABAg,2026-08-05T20:00:43.157108+00:00
UgziS6PrbOKNRRfeiFh4AaABAg,@yoshibrawlstars6250,UCWbVODm6ZOR7RKy0YMKbDng,Video Games,video games,It's so accurate,2026-08-05T16:40:00Z,2026-08-05T16:40:00Z,0,0,spAfMrhHUac,POV: If Tag was a Video Game…🤣 @DanielLaBelle  #theboys #viral #shorts #tag #videogames,The Johnson Brothers,39,https://www.youtube.com/watch?v=spAfMrhHUac&lc=UgziS6PrbOKNRRfeiFh4AaABAg,2026-08-05T20:00:43.518348+00:00
UgzWuUG24RumhcFrTo94AaABAg,@puppyminding,UCytZuEWmMNv_-YbMqMzUfng,Video Games,video games,I am 9 and got a game boy I prefer it to my laptop 😂,2026-08-01T14:35:25Z,2026-08-01T14:35:25Z,0,0,CtHbVo3JUXE,"This is the best hand held console with 4,000+ games and 15+ consoles!#gameboy #gaming #handheld",Minglebot,40,https://www.youtube.com/watch?v=CtHbVo3JUXE&lc=UgzWuUG24RumhcFrTo94AaABAg,2026-08-05T20:00:44.026280+00:00
UgyjX_ADxPYeMNXbCvB4AaABAg,@adenirbuliano3021,UCglhZ_Q_DYi0AiX9CJFdCLA,Video Games,video games,Eu confesso in  Jesus ❤❤❤❤,2026-08-05T00:49:48Z,2026-08-05T00:49:48Z,0,0,cE6wxDqdOV0,Lana Del Rey - Video Games,LanaDelReyVEVO,1,https://www.youtube.com/watch?v=cE6wxDqdOV0&lc=UgyjX_ADxPYeMNXbCvB4AaABAg,2026-08-05T20:00:32.701284+00:00
Ugwes9suIFBOnom0pAp4AaABAg,@Butch-w3x,UCNLcRcVe5rPO_G-JeBZzWPQ,Video Games,video games,I wanna make out with her velvety voice.lol❤❤❤,2026-07-30T18:57:57Z,2026-07-30T18:57:57Z,0,0,hAV9ideCFEc,Lana Del Rey - Video Games (Lyrics),Lost Panda,2,https://www.youtube.com/watch?v=hAV9ideCFEc&lc=Ugwes9suIFBOnom0pAp4AaABAg,2026-08-05T20:00:32.935865+00:00
UgxNLzi5Gr8syvLzrjp4AaABAg,@adriananaloghorroroficial,UCMQCmei2xhhchGW1k0-6BsA,Video Games,video games,0:57 that is not a mushroom...,2026-08-04T14:54:04Z,2026-08-04T14:54:04Z,0,0,GNJtPFXUnm4,Tenacious D - Video Games,Tenacious D,3,https://www.youtube.com/watch?v=GNJtPFXUnm4&lc=UgxNLzi5Gr8syvLzrjp4AaABAg,2026-08-05T20:00:33.273919+00:00
Ugxl5bOzgonNqka7Qmd4AaABAg,@MeurlynAlvarado,UCl6xFHExpbSSnj5VdB5_jzw,Video Games,video games,Estaba solo? 😅,2026-08-05T03:17:57Z,2026-08-05T03:17:57Z,1,0,A0NfOmnsWMI,VIDEO GAMES AT 3AM 😝😱 #humor #homealone #babyduck,Packy Films,4,https://www.youtube.com/watch?v=A0NfOmnsWMI&lc=Ugxl5bOzgonNqka7Qmd4AaABAg,2026-08-05T20:00:33.521848+00:00
Ugz8TtO2Jf4jFLxD9G54AaABAg,@VirginieDiez,UC-zWIaSZVORTZ9RBvudiL3g,Video Games,video games,?????,2026-08-03T18:55:26Z,2026-08-03T18:55:26Z,0,1,J0xw8S5PpCg,Mario Kart 8 Deluxe - All New DLC Courses (DLC Booster Pack 1),Sirloin,5,https://www.youtube.com/watch?v=J0xw8S5PpCg&lc=Ugz8TtO2Jf4jFLxD9G54AaABAg,2026-08-05T20:00:33.750988+00:00
UgymxhH_q5H1nBrgFaN4AaABAg,@SkycloudRBLX,UC_-ydbeEZ_DdnKxw8IcJnnQ,Video Games,video games,I am NOT drinking that,2026-08-04T19:07:20Z,2026-08-04T19:07:20Z,0,0,wnkLpGhJh-M,Cool creative smart fun game videos that you can't miss. #100,Great_Painter,6,https://www.youtube.com/watch?v=wnkLpGhJh-M&lc=UgymxhH_q5H1nBrgFaN4AaABAg,2026-08-05T20:00:33.990211+00:00
UgyC9njuvZAs0XkXmC54AaABAg,@javierfernandez3863,UCNAz-OWfvMmtWKs7jtyLsHA,Video Games,video games,❤❤❤❤,2026-07-15T19:43:42Z,2026-07-15T19:43:42Z,0,0,P3YJcpDZ3fA,Lana Del Rey - Video Games (Glastonbury 2014),BBC Music,7,https://www.youtube.com/watch?v=P3YJcpDZ3fA&lc=UgyC9njuvZAs0XkXmC54AaABAg,2026-08-05T20:00:34.246256+00:00
UgzJLTvbB0HYMIdVVcJ4AaABAg,@thedasherknight,UCOApczvHISGsihzzL_zovfw,Video Games,video games,Can't wait to type that aged like milk here,2026-08-02T14:04:58Z,2026-08-02T14:04:58Z,1,0,Mvy1z-SmD1E,Gaming in Year 2067,Adhemz,8,https://www.youtube.com/watch?v=Mvy1z-SmD1E&lc=UgzJLTvbB0HYMIdVVcJ4AaABAg,2026-08-05T20:00:34.509938+00:00
UgwVeCUtjs57l3ZxIaZ4AaABAg,@Dominic.gianini,UCiV1dddyL00K-v2nFB6OiuQ,Video Games,video games,My favorite is Minecraft,2026-08-02T00:00:00Z,2026-08-02T00:00:00Z,0,0,yYhVn0vcCU0,How Different Game Characters Climb Up ⬆️,Matt Larose,9,https://www.youtube.com/watch?v=yYhVn0vcCU0&lc=UgwVeCUtjs57l3ZxIaZ4AaABAg,2026-08-05T20:00:34.809258+00:00
UgxIiJwpsKw40LSZNUF4AaABAg,@Gokeekeego-l7v,UCzGszZw5S9Gcnb6qAwE-UhA,Video Games,video games,yes girl a new video about girl is addicted to video games and I im also addicted to video games girl and I'm 😨 so excited to watch this video until the end to see what happened next 🎉🎉🎉🎉🎉🎉🎉🎉🎉🎉🎉🎉🎉🎉🎉🎉🎉🎉🎉🎉🎉❤❤❤❤❤❤❤❤❤❤❤❤❤❤❤❤❤❤❤❤❤❤😱😱😱😱😱😱😱😱😱😱😱😱😱😱😱😱😱😱🍿🍿🍿🍿🍿🍿🍿🍿🍿🍿🍿🍿🍿🍿🍿🍿🍿🍿🍿🍿🍿🍿🍿🍿🍿🍿🍿🍿🍿🍿🍿🍿🍿🍿🍿🍿🍿🍿🍿🍿🍿🍿🍿🍿🍿,2026-08-05T19:55:43Z,2026-08-05T19:55:43Z,1,0,rj2bs1Q3ADg,GIRLS ADDICTED TO VIDEO GAMES 😱, Queens Reality,10,https://www.youtube.com/watch?v=rj2bs1Q3ADg&lc=UgxIiJwpsKw40LSZNUF4AaABAg,2026-08-05T20:00:35.049866+00:00
UgwHh7kuy517gKyl_414AaABAg,@Broskizandfriends,UCzbA5MJZ1SQIQcufqijk7sQ,Video Games,video games,0:05 TWO,2026-07-11T09:45:51Z,2026-07-11T09:45:51Z,1,0,Z_SMaf8Ba0g,Video Games but every word is a Google Image,naD rM,11,https://www.youtube.com/watch?v=Z_SMaf8Ba0g&lc=UgwHh7kuy517gKyl_414AaABAg,2026-08-05T20:00:35.320247+00:00
UgzUy_75LqWUSWF8fgd4AaABAg,@elyas9564_roblox,UCJa7szQ-8Z-9ypqHahi1bgw,Video Games,video games,"🎛⬜⬜
⬜⬜⬜ LOOK I HAVE
⬜🍎⬜ iPHONE 17 pro max
⬜⬜⬜ it costs 1 like
⬜⬜⬜",2026-07-31T15:18:00Z,2026-07-31T15:18:00Z,1,0,qCR1sVS2h4o,Video Game Glitches be like… pt. 5 #gaming #shorts,NicsNite,12,https://www.youtube.com/watch?v=qCR1sVS2h4o&lc=UgzUy_75LqWUSWF8fgd4AaABAg,2026-08-05T20:00:35.619097+00:00
UgyxHzT5AJEn-NGO2u94AaABAg,@johnlamont2041,UCuexz3jHUfe5L5LyyP2uSGA,Video Games,video games,SNL Performance #1. Daniel Radcliffe: Ladies and Gentlemen Lana Del Rey,2026-06-19T20:25:47Z,2026-06-19T20:25:47Z,0,0,Qi5ppQAozIM,04 - Video Games - Lana Del Rey,Yeyden Zoé Vega,13,https://www.youtube.com/watch?v=Qi5ppQAozIM&lc=UgyxHzT5AJEn-NGO2u94AaABAg,2026-08-05T20:00:36.140608+00:00
UgyYkktWamZZjn_g7bx4AaABAg,@wassimlouhab-h1i,UCRA-3E82ZaBxjT95nL6Av_A,Video Games,video games,what my moms feed look like,2026-07-10T19:45:21Z,2026-07-10T19:45:21Z,0,0,C4AbHvkxjsA,Video Games That Inspired Killers,Sambucha,14,https://www.youtube.com/watch?v=C4AbHvkxjsA&lc=UgyYkktWamZZjn_g7bx4AaABAg,2026-08-05T20:00:36.447587+00:00
UgzR-iCkQ0I74nnV3Fd4AaABAg,@FluxyYTube,UC_sYwF05GIqetaXiVxhpaWA,Video Games,video games,I think i got the first one before,2026-07-21T17:37:36Z,2026-07-21T17:37:36Z,0,0,gM3lOz0Gblk,How Video Games Punish Stealers,Sambucha,15,https://www.youtube.com/watch?v=gM3lOz0Gblk&lc=UgzR-iCkQ0I74nnV3Fd4AaABAg,2026-08-05T20:00:36.755204+00:00
UgxkVmD8ETdIt6s0V9p4AaABAg,@BlooDRaptoR1,UCRV04PGO0xxfjESFxe5DxfQ,Video Games,video games,yet another dissapointing month in gaming,2026-08-04T21:39:58Z,2026-08-04T21:39:58Z,1,0,HdL_rJ2yc3A,10 Best NEW Games To Play In August 2026,Force Gaming,16,https://www.youtube.com/watch?v=HdL_rJ2yc3A&lc=UgxkVmD8ETdIt6s0V9p4AaABAg,2026-08-05T20:00:36.960654+00:00
Ugy2U-VxRQwSaZTg4214AaABAg,@Abobusolulo,UClIkXgFxw2rL2KDIucqTbCA,Video Games,video games,ROBLOX,2026-08-03T18:31:55Z,2026-08-03T18:31:55Z,0,0,OKkeR_Mn97E,Do Video Games Make You Smarter?,Gohar Khan,17,https://www.youtube.com/watch?v=OKkeR_Mn97E&lc=Ugy2U-VxRQwSaZTg4214AaABAg,2026-08-05T20:00:37.183103+00:00
UgzxyQNw1AcN_vBmBZd4AaABAg,@Mymeowcati,UCS3Ey9RTcAovicYWwAKfV1A,Video Games,video games,Simple ai old people’s 😂😂😂,2026-08-05T06:56:16Z,2026-08-05T06:56:16Z,0,0,tDc8dnyw7B4,Why you should never play video games in class #shorts,Zach King,18,https://www.youtube.com/watch?v=tDc8dnyw7B4&lc=UgzxyQNw1AcN_vBmBZd4AaABAg,2026-08-05T20:00:37.410732+00:00
UgxRn9NrDhymr-t6NuB4AaABAg,@LuigiTheMetal64,UCvhfCQG8aGHP-mD-PoVf0bQ,Video Games,video games,Video game players are more trust worthy.,2026-08-05T19:13:40Z,2026-08-05T19:13:40Z,0,0,1pKYlCn3z1M,How Video Game Reviews ACTUALLY Work - EP234 Kit & Krysta Podcast,Kit & Krysta,19,https://www.youtube.com/watch?v=1pKYlCn3z1M&lc=UgxRn9NrDhymr-t6NuB4AaABAg,2026-08-05T20:00:37.558453+00:00
Ugy2L42pKsTphbnTZER4AaABAg,@Lily-Liky13,UCsmZNYrgMn4YMJCZweJyp2g,Video Games,video games,anyone here 2024❤😊,2024-08-01T09:25:40Z,2024-08-01T09:25:40Z,1,1,_vkOOqC_g-Q,Video Games - Lana Del Rey - Lyrics,MegaMf97,20,https://www.youtube.com/watch?v=_vkOOqC_g-Q&lc=Ugy2L42pKsTphbnTZER4AaABAg,2026-08-05T20:00:38.186102+00:00
UgxmQohrBTTEIrzNhbJ4AaABAg,@Sockmonkey413,UC13BIlE7i1jlmzuYpsgQEew,Video Games,video games,Metal Gear Rising in a nutshell 😭🙏,2026-08-04T06:15:39Z,2026-08-04T06:15:39Z,0,0,PkTgn7xY7n8,The Friend That's Too Good at Video Games,CircleToonsHD,21,https://www.youtube.com/watch?v=PkTgn7xY7n8&lc=UgxmQohrBTTEIrzNhbJ4AaABAg,2026-08-05T20:00:38.443518+00:00
UgyGAPZmM-yKoEjfNql4AaABAg,@VasudevPanwar-qk4dp,UCC0obIOIbAuHQTaYPuW504Q,Video Games,video games,Price please,2026-07-30T12:49:09Z,2026-07-30T12:49:09Z,0,0,EVveQo-rzDk,Scania truck driving 4K video | Truck Simulator Ultimate #game #games #truck #simulator #gameplay,THE HIYAA GAMING ,22,https://www.youtube.com/watch?v=EVveQo-rzDk&lc=UgyGAPZmM-yKoEjfNql4AaABAg,2026-08-05T20:00:38.702493+00:00
Ugwcq5iKqnJGfDGGnCJ4AaABAg,@NayanGhosh-k8s,UCsyZRkiPzTqcCT14k1QE2dA,Video Games,video games,This is  way aliens👽,2026-07-20T06:37:10Z,2026-07-20T06:37:10Z,0,0,SeYgoLpzFlM,Squid game🔥😂 crazy  |  pink soldiers Funny ✅🤣 moments   #funny #pinksoldiers squidgame2|,One Man's Choice,23,https://www.youtube.com/watch?v=SeYgoLpzFlM&lc=Ugwcq5iKqnJGfDGGnCJ4AaABAg,2026-08-05T20:00:39.110934+00:00
UgxYlK9KnCD-pqfTQQ54AaABAg,@ROB16372,UCuv87Ecc-XC8e0oSW3fP1BQ,Video Games,video games,"Multiversus was diabolical 😭 
I never even got to properly enjoy it",2026-05-25T03:28:21Z,2026-05-25T03:28:21Z,0,0,W7R6cKdX50o,Video Games That Were Pulled,Sambucha,24,https://www.youtube.com/watch?v=W7R6cKdX50o&lc=UgxYlK9KnCD-pqfTQQ54AaABAg,2026-08-05T20:00:39.360111+00:00
Ugx49R7L8zZhOQmxbF14AaABAg,@diafatourou358,UCNjADlaB2JCKq8TLt709yUA,Video Games,video games,geometry dash,2026-08-05T05:30:28Z,2026-08-05T05:30:28Z,0,0,2oKoNi7uRgc,POPULAR VIDEO GAMES in LEGO...,TD BRICKS,25,https://www.youtube.com/watch?v=2oKoNi7uRgc&lc=Ugx49R7L8zZhOQmxbF14AaABAg,2026-08-05T20:00:39.825704+00:00
UgzSqqT3NXI9PorIM3B4AaABAg,@CyberneticSnake,UCVWVt-LMiIOv5DdKLGnwe4A,Video Games,video games,"How does Jules not understand Ranni is a psychopath and didn't want to be a consort and then just made you hers 😂😂 the only good ending is Destined Death from my interpretation, Godwin The Golden was the only pure honorable and not insane member of that family when the black knife conspiracy was inacted Ranni was a conspirator she betrayed many people unc wakeup from the feet 😂",2026-08-05T00:40:03Z,2026-08-05T00:40:03Z,0,0,BxNGxCHTtHM,10 Insanely Long Video Game Quests That ARE Worth Finishing,WhatCulture Gaming,26,https://www.youtube.com/watch?v=BxNGxCHTtHM&lc=UgzSqqT3NXI9PorIM3B4AaABAg,2026-08-05T20:00:39.975513+00:00
UgwSjcD7ovQnVkSRtTN4AaABAg,@NayelZara,UC7ptb_kaDUCQ9k_gp4PJC-w,Video Games,video games,I didnt think gta 4 would be on this list,2026-08-04T01:13:45Z,2026-08-04T01:13:45Z,0,0,8kIUR-TA33Y,Best Video Games of All Time,Sambucha,27,https://www.youtube.com/watch?v=8kIUR-TA33Y&lc=UgwSjcD7ovQnVkSRtTN4AaABAg,2026-08-05T20:00:40.379565+00:00
Ugz1fgIwsZSNjYAe2B54AaABAg,@lent,UCXz7d8XybR6CEFYSBp_mD5Q,Video Games,video games,3:42 LMFAO,2026-08-05T19:27:59Z,2026-08-05T19:27:59Z,0,0,JFUvIkzf0cw,You Need To Check EVERYWHERE When You're Hunting for Video Games.,RJCmedia,28,https://www.youtube.com/watch?v=JFUvIkzf0cw&lc=Ugz1fgIwsZSNjYAe2B54AaABAg,2026-08-05T20:00:40.534888+00:00
UgwussAYnVisdyHjwYR4AaABAg,@JackThirtle,UCOrb9W8PApZvIP5OlRZsrXw,Video Games,video games,Lo,2026-08-03T12:38:12Z,2026-08-03T12:38:12Z,0,0,t5r0VgFhp0M,Game night #shorts,The Land Of Boggs,29,https://www.youtube.com/watch?v=t5r0VgFhp0M&lc=UgwussAYnVisdyHjwYR4AaABAg,2026-08-05T20:00:40.804871+00:00
Ugy8a5jNRjmaf2R9GPN4AaABAg,@IqraQurashi-d8b,UCDn9c7yasIc7bDWczyBqb-Q,Video Games,video games,iam a ?????????,2026-08-01T13:11:42Z,2026-08-01T13:11:42Z,0,0,gOLmc4cr9B4,Video game keychain #videogames #keychain #unique #game #play #trending #shorts #viral #gift #hamper,cringekids,31,https://www.youtube.com/watch?v=gOLmc4cr9B4&lc=Ugy8a5jNRjmaf2R9GPN4AaABAg,2026-08-05T20:00:41.362614+00:00
UgxMpWw6rDNhP2LSZg94AaABAg,@HussainiNexus,UCWvCKBBeXTdtCc66s2MUk-A,Video Games,video games,🇮🇳🇮🇳🇮🇳🇮🇳🇮🇳🇮🇳🇮🇳🇮🇳🇮🇳❤❤❤,2026-07-18T22:35:39Z,2026-07-18T22:35:39Z,0,0,0eqnKQL_SNU,Squid game 🃏🥲 fails ! | squid game crazy | #squidgame2 #funny #comedy #shorts,One Man's Choice,32,https://www.youtube.com/watch?v=0eqnKQL_SNU&lc=UgxMpWw6rDNhP2LSZg94AaABAg,2026-08-05T20:00:41.668496+00:00
Ugw3aVFAaiuv7RD12pJ4AaABAg,@ImranPathan-f9s,UC8C7DrPcW9P7w1KhE7_sumw,Video Games,video games,Comments,2026-08-04T17:31:47Z,2026-08-04T17:31:47Z,0,1,GyO1MtLhyt0,Ramp Car Racing - Car Racing 3D - Android Gameplay,Gaming aadii ,34,https://www.youtube.com/watch?v=GyO1MtLhyt0&lc=Ugw3aVFAaiuv7RD12pJ4AaABAg,2026-08-05T20:00:42.035897+00:00
UgyDPNkmOuaj2GnIZ8h4AaABAg,@Chowdhury_creation,UC8OqD1I1RT9fFogUU04ywaA,Video Games,video games,Whate you carche bro 😁😁,2026-08-04T17:47:31Z,2026-08-04T17:47:31Z,0,0,djMGKYxrRpE,Best handheld console!,RetroCade Shop,35,https://www.youtube.com/watch?v=djMGKYxrRpE&lc=UgyDPNkmOuaj2GnIZ8h4AaABAg,2026-08-05T20:00:42.372537+00:00
Ugz7e0ojGENdM5-aZP54AaABAg,@jienifei,UCqKa_hdSszA8-5L7w0NAKWw,Video Games,video games,"Hi, am I allowed to use this for a cover and upload it on Spotify? I’m just starting out to make music and don’t have an audience yet, so I won’t make any money out of it.",2025-03-07T15:29:17Z,2025-03-07T15:29:17Z,0,1,_TcdZLlm82g,Lana Del Rey - Video Games (Piano Karaoke),Sing2Piano | Piano Karaoke Instrumentals,36,https://www.youtube.com/watch?v=_TcdZLlm82g&lc=Ugz7e0ojGENdM5-aZP54AaABAg,2026-08-05T20:00:42.550463+00:00
Ugwet8NlxnhxbZG93354AaABAg,@yaninesta3245,UCQ50eH1O_XJK2Zm6kKERDBA,Video Games,video games,Does anyone here because of jennifer coppen's weddinģ? ❤,2026-06-15T14:09:13Z,2026-06-15T14:09:13Z,0,0,QabypY-fQho,Lana Del Rey -  Video Games (Lyrics),Reddit Stories Vote,37,https://www.youtube.com/watch?v=QabypY-fQho&lc=Ugwet8NlxnhxbZG93354AaABAg,2026-08-05T20:00:42.900666+00:00
UgxDnmVxW5Q3kE9s98R4AaABAg,@JamestheDame22,UCRVZ_cRMQxIvfhUwRwB0vPg,Video Games,video games,"That wasn't a health bar, that's his patience meter.",2026-07-30T15:14:07Z,2026-07-30T15:14:18Z,0,0,fdwxh2rOOCc,This goes hard.👀 #gaming #starwars #darthvader #videogames #trending #shorts #lightsaber #4k #jedi,Bloooski,38,https://www.youtube.com/watch?v=fdwxh2rOOCc&lc=UgxDnmVxW5Q3kE9s98R4AaABAg,2026-08-05T20:00:43.157108+00:00
Ugz_7zSo1dqvFKeygv94AaABAg,@Omar_oof,UCTGqD2_oPcS6kU6jznQQ8rA,Video Games,video games,""" No way you lost to speed "" mf speed almost beated the fastest man on planet 🥀",2026-08-05T16:39:38Z,2026-08-05T16:39:38Z,0,0,spAfMrhHUac,POV: If Tag was a Video Game…🤣 @DanielLaBelle  #theboys #viral #shorts #tag #videogames,The Johnson Brothers,39,https://www.youtube.com/watch?v=spAfMrhHUac&lc=Ugz_7zSo1dqvFKeygv94AaABAg,2026-08-05T20:00:43.518348+00:00
UgzTmlFDvcrWgxleeIF4AaABAg,@Sinister_clips67,UCsGithaSjd1zS2V0c0QcWrg,Video Games,video games,Quiet and GO cry to mommy. I'am Gen alpha but I❤RETRO CONSOLES,2026-08-01T14:33:17Z,2026-08-01T14:33:17Z,1,0,CtHbVo3JUXE,"This is the best hand held console with 4,000+ games and 15+ consoles!#gameboy #gaming #handheld",Minglebot,40,https://www.youtube.com/watch?v=CtHbVo3JUXE&lc=UgzTmlFDvcrWgxleeIF4AaABAg,2026-08-05T20:00:44.026280+00:00
UgwcN1JtKuy90VTPGNR4AaABAg,@alanormonde8585,UCDE8DDIIQBMHGrC1owkegwQ,Video Games,video games,anyone here July 2026,2026-08-05T00:16:53Z,2026-08-05T00:16:53Z,2,0,cE6wxDqdOV0,Lana Del Rey - Video Games,LanaDelReyVEVO,1,https://www.youtube.com/watch?v=cE6wxDqdOV0&lc=UgwcN1JtKuy90VTPGNR4AaABAg,2026-08-05T20:00:32.701284+00:00
UgxPGxxdAYtuIjFIQpR4AaABAg,@Surya_sree07,UCQM69LYCD7bIyOOFLWS8zzg,Video Games,video games,"ChatGPT suggested this song to me, and now I'm in love with it 🤍",2026-07-28T16:27:40Z,2026-07-28T16:27:40Z,1,0,hAV9ideCFEc,Lana Del Rey - Video Games (Lyrics),Lost Panda,2,https://www.youtube.com/watch?v=hAV9ideCFEc&lc=UgxPGxxdAYtuIjFIQpR4AaABAg,2026-08-05T20:00:32.935865+00:00
UgznolvufP2Yiweu85l4AaABAg,@BrittanyHopkins-b8i,UCGQnUuk5fKVod4-3C0Wb0DA,Video Games,video games,0:53 maw,2026-08-04T14:04:50Z,2026-08-04T14:04:50Z,0,0,GNJtPFXUnm4,Tenacious D - Video Games,Tenacious D,3,https://www.youtube.com/watch?v=GNJtPFXUnm4&lc=UgznolvufP2Yiweu85l4AaABAg,2026-08-05T20:00:33.273919+00:00
UgwaSW-bOH48ELM56114AaABAg,@AylinBuca-e1e,UCWk9E_QwdCzEZoax-hqY37w,Video Games,video games,",,🤢🤢😇😇😷😇🤠🤢🤠😷🤠🤠🤢🤠🥶🥶🤠🥶😇🥶🥶",2026-08-03T14:00:07Z,2026-08-03T14:00:07Z,0,0,A0NfOmnsWMI,VIDEO GAMES AT 3AM 😝😱 #humor #homealone #babyduck,Packy Films,4,https://www.youtube.com/watch?v=A0NfOmnsWMI&lc=UgwaSW-bOH48ELM56114AaABAg,2026-08-05T20:00:33.521848+00:00
Ugy2pg0ILgWvREp63pN4AaABAg,@VirginieDiez,UC-zWIaSZVORTZ9RBvudiL3g,Video Games,video games,Non,2026-08-03T18:55:12Z,2026-08-03T18:55:12Z,0,0,J0xw8S5PpCg,Mario Kart 8 Deluxe - All New DLC Courses (DLC Booster Pack 1),Sirloin,5,https://www.youtube.com/watch?v=J0xw8S5PpCg&lc=Ugy2pg0ILgWvREp63pN4AaABAg,2026-08-05T20:00:33.750988+00:00
UgwFEGQ0CBt9oZYiqrB4AaABAg,@Vinoddawaledawale,UCuL6lM2yBdQJCppkRrJFDpA,Video Games,video games,😡😡🤬🤬🤬🤬🤬🤬,2026-08-04T17:44:24Z,2026-08-04T17:44:24Z,0,0,wnkLpGhJh-M,Cool creative smart fun game videos that you can't miss. #100,Great_Painter,6,https://www.youtube.com/watch?v=wnkLpGhJh-M&lc=UgwFEGQ0CBt9oZYiqrB4AaABAg,2026-08-05T20:00:33.990211+00:00
UgwU1HyaFc9Dv1sp3yd4AaABAg,@lilly-dt9sw,UCek75Gv5C6j4oBdSaPqxOLw,Video Games,video games,her best performance. ever.,2026-07-13T17:35:23Z,2026-07-13T17:35:23Z,1,0,P3YJcpDZ3fA,Lana Del Rey - Video Games (Glastonbury 2014),BBC Music,7,https://www.youtube.com/watch?v=P3YJcpDZ3fA&lc=UgwU1HyaFc9Dv1sp3yd4AaABAg,2026-08-05T20:00:34.246256+00:00
UgxWDgbtQ6TFeT7hZRZ4AaABAg,@AzharBajeer-s4i,UCuI8RTY8Z24zZ69-_VmZ2GQ,Video Games,video games,Check my youtube channel i also upload best short gaming video ❤❤❤,2026-08-02T07:32:39Z,2026-08-02T07:32:39Z,0,0,Mvy1z-SmD1E,Gaming in Year 2067,Adhemz,8,https://www.youtube.com/watch?v=Mvy1z-SmD1E&lc=UgxWDgbtQ6TFeT7hZRZ4AaABAg,2026-08-05T20:00:34.509938+00:00
UgzWSk5qul4PPdpthxV4AaABAg,@luckgamerz89,UCNXug9K2euPFNxsQ1jO_VcQ,Video Games,video games,OMG 4.22M likes and 4.7M subs 🎉🎉,2026-08-01T08:53:39Z,2026-08-01T08:53:39Z,0,0,yYhVn0vcCU0,How Different Game Characters Climb Up ⬆️,Matt Larose,9,https://www.youtube.com/watch?v=yYhVn0vcCU0&lc=UgzWSk5qul4PPdpthxV4AaABAg,2026-08-05T20:00:34.809258+00:00
UgwLWyiBBJj-j1v3tm14AaABAg,@BrookeTheBeauty-l3h,UC_AAlB5WAxNDNOgY66jNYYg,Video Games,video games,Yes a new video about girls is ADDicted to video game and I'm so excited to watch this video until the end 😨to see what happened next😨😨😨😨😨😨😨😨😨😨😨😨😨😨😨😨😨😨😨😨😨😨😨😨😨😨😨😨😨😨😨😨😨😨😨😨😨😨😨😨😨😨😨😨😨😨😨😨😨😨😨😨😨😨😨😨😨😨😨😨😨😨😨😨😨😨😱😱😱😱😱😱😱😱😱😱😱😱😱😱😱😱😱😱😱😱😱😱😱😱😱😱😱😱😱😱😱😱😱😱😱😱😱😱😱😱😱😱😱😱😱😱😱😱😱😱😱😱😱😱😱😱😱😱😱😱😱🍿🍿🍿🍿🍿🍿🍿🍿🍿🍿🍿🍿🍿🍿🍿🍿🍿🍿🍿🍿🍿🍿🍿🍿🍿🍿🍿🍿🍿🍿🍿🍿🍿🍿🍿🍿🍿🍿🍿🍿🍿🍿🍿🍿🍿🍿🍿🍿🍿🍿🍿🍿🍿🍿🍿🍿🍿🍿🍿🍿🎉🎉🎉🎉🎉🎉🎉🎉🎉🎉🎉🎉🎉🎉🎉🎉🎉🎉🎉🎉🎉🎉🎉🎉🎉🎉🎉🎉🎉🎉🎉🎉🎉🎉🎉❤❤❤❤❤❤❤❤❤❤❤❤❤❤❤❤❤❤❤❤❤❤❤❤❤❤❤❤❤❤❤❤❤❤❤❤❤❤❤❤❤❤❤❤❤❤❤❤❤❤❤❤❤❤❤❤❤❤❤❤❤❤❤❤,2026-08-05T19:53:34Z,2026-08-05T19:53:34Z,1,0,rj2bs1Q3ADg,GIRLS ADDICTED TO VIDEO GAMES 😱, Queens Reality,10,https://www.youtube.com/watch?v=rj2bs1Q3ADg&lc=UgwLWyiBBJj-j1v3tm14AaABAg,2026-08-05T20:00:35.049866+00:00
UgzNQMU4zahHP0olmNJ4AaABAg,@Pepsyofficial,UCPTQwTqxie-r_iqIIJ1kgzw,Video Games,video games,0:50 my favorite image🥹❤️‍🩹,2026-06-25T04:20:39Z,2026-06-25T04:20:39Z,2,0,Z_SMaf8Ba0g,Video Games but every word is a Google Image,naD rM,11,https://www.youtube.com/watch?v=Z_SMaf8Ba0g&lc=UgzNQMU4zahHP0olmNJ4AaABAg,2026-08-05T20:00:35.320247+00:00
UgwFqJ_TKrNGo9UpcaJ4AaABAg,@Ratchumus,UC2qusZTXVgYOXOecEUdwj8w,Video Games,video games,Day 1 of commenting on videos to get famous,2026-07-27T11:33:17Z,2026-07-27T11:33:17Z,2,1,qCR1sVS2h4o,Video Game Glitches be like… pt. 5 #gaming #shorts,NicsNite,12,https://www.youtube.com/watch?v=qCR1sVS2h4o&lc=UgwFqJ_TKrNGo9UpcaJ4AaABAg,2026-08-05T20:00:35.619097+00:00
Ugx4V5KiipSPf0wzrT14AaABAg,@mahpombaswife,UCXXhlKn35jnfaU7uvCgy0aA,Video Games,video games,MOM I LOVE YOU!!!!!!,2026-06-01T20:09:57Z,2026-06-01T20:09:57Z,0,0,Qi5ppQAozIM,04 - Video Games - Lana Del Rey,Yeyden Zoé Vega,13,https://www.youtube.com/watch?v=Qi5ppQAozIM&lc=Ugx4V5KiipSPf0wzrT14AaABAg,2026-08-05T20:00:36.140608+00:00
UgzYSglFLB1RESz45rt4AaABAg,@Scorpion_Man756,UCbai88Hj26ohoVSFAx8oFqw,Video Games,video games,doom inspired 2 teenagers to start the devastating 1999 columbine high school shooting,2026-07-07T16:43:04Z,2026-07-07T16:43:04Z,0,1,C4AbHvkxjsA,Video Games That Inspired Killers,Sambucha,14,https://www.youtube.com/watch?v=C4AbHvkxjsA&lc=UgzYSglFLB1RESz45rt4AaABAg,2026-08-05T20:00:36.447587+00:00
Ugz_Ze_VoVOVNfpprz94AaABAg,@UsernameAndPass,UC-s0AyyigbS9ciZdNHMhkiw,Video Games,video games,Didn’t happen for me❤,2026-07-20T21:16:15Z,2026-07-20T21:16:15Z,0,0,gM3lOz0Gblk,How Video Games Punish Stealers,Sambucha,15,https://www.youtube.com/watch?v=gM3lOz0Gblk&lc=Ugz_Ze_VoVOVNfpprz94AaABAg,2026-08-05T20:00:36.755204+00:00
UgxwuScAUSPy6ZxxW5V4AaABAg,@KirbyEatsYu,UCm7a2AfiMB2zLdDpzTEJDDw,Video Games,video games,Fields of Mistria 1.0 is also a pretty big deal. Its the only Stardew Valley clone that maybe actually surpasses Stardew instead of just being Stardew but worse,2026-08-04T21:20:22Z,2026-08-04T21:20:22Z,0,0,HdL_rJ2yc3A,10 Best NEW Games To Play In August 2026,Force Gaming,16,https://www.youtube.com/watch?v=HdL_rJ2yc3A&lc=UgxwuScAUSPy6ZxxW5V4AaABAg,2026-08-05T20:00:36.960654+00:00
UgwJVAU85mxPb0rUJMN4AaABAg,@muhammadfaatehkkhan6489,UCO_xokSqhCffEMRR14DyysQ,Video Games,video games,Gohar is so cute 😊 ❤❤❤😊,2026-08-03T07:57:58Z,2026-08-03T07:57:58Z,0,0,OKkeR_Mn97E,Do Video Games Make You Smarter?,Gohar Khan,17,https://www.youtube.com/watch?v=OKkeR_Mn97E&lc=UgwJVAU85mxPb0rUJMN4AaABAg,2026-08-05T20:00:37.183103+00:00
UgwcUosZkxT4x0VFIM54AaABAg,@USA_Fact_Hub02,UCu7ADqua9arMplMixAPgOCA,Video Games,video games,Good 👍🏻 mein sanvidhan 🎉,2026-08-05T06:48:38Z,2026-08-05T06:48:38Z,1,0,tDc8dnyw7B4,Why you should never play video games in class #shorts,Zach King,18,https://www.youtube.com/watch?v=tDc8dnyw7B4&lc=UgwcUosZkxT4x0VFIM54AaABAg,2026-08-05T20:00:37.410732+00:00
Ugxn54aunGds0ou_njV4AaABAg,@McD5791,UCOoS23d5leM7Lc93V4cHnbw,Video Games,video games,"Explain this to me - why is it, that a game that scores 3 out of 5 is deemed to be good, but a game that scores 60% is treated as trash?
Why?

But I ask again... why?",2026-08-05T18:49:45Z,2026-08-05T18:49:45Z,0,0,1pKYlCn3z1M,How Video Game Reviews ACTUALLY Work - EP234 Kit & Krysta Podcast,Kit & Krysta,19,https://www.youtube.com/watch?v=1pKYlCn3z1M&lc=Ugxn54aunGds0ou_njV4AaABAg,2026-08-05T20:00:37.558453+00:00
UgxswQZiRQfQA6-Za5l4AaABAg,@mollycatterall2985,UCx4bWJowMAo2LL18sxKBL6g,Video Games,video games,Me and bf both game and this song will be our wedding song 😂,2024-04-21T17:07:33Z,2024-04-21T17:07:33Z,0,0,_vkOOqC_g-Q,Video Games - Lana Del Rey - Lyrics,MegaMf97,20,https://www.youtube.com/watch?v=_vkOOqC_g-Q&lc=UgxswQZiRQfQA6-Za5l4AaABAg,2026-08-05T20:00:38.186102+00:00
Ugx2Us52ehn3G3fEmXF4AaABAg,@zerkonium,UC9kWN122TgVUfd5DDq8qcsA,Video Games,video games,"and theres always that one friend who fully underestimates and hopes you fail the first time if you're too good then says ""I dont believe you"" if you did something cool even with witnesses on your screen",2026-08-04T04:16:39Z,2026-08-04T04:17:31Z,0,0,PkTgn7xY7n8,The Friend That's Too Good at Video Games,CircleToonsHD,21,https://www.youtube.com/watch?v=PkTgn7xY7n8&lc=Ugx2Us52ehn3G3fEmXF4AaABAg,2026-08-05T20:00:38.443518+00:00
UgwPDFmooxgVeNzh5E14AaABAg,@NovaPlayTVYT,UCta72x6xyWKy-efunCgegVg,Video Games,video games,Yees,2026-07-28T19:36:37Z,2026-07-28T19:36:37Z,0,0,EVveQo-rzDk,Scania truck driving 4K video | Truck Simulator Ultimate #game #games #truck #simulator #gameplay,THE HIYAA GAMING ,22,https://www.youtube.com/watch?v=EVveQo-rzDk&lc=UgwPDFmooxgVeNzh5E14AaABAg,2026-08-05T20:00:38.702493+00:00
UgwTVKfmQT9HAiaYDGp4AaABAg,@Sans_Fase_2,UCK3DZ-2xm31TJrI0wieigdw,Video Games,video games,Dead internet is real lmao🥀,2026-07-20T05:21:29Z,2026-07-20T05:21:29Z,1,0,SeYgoLpzFlM,Squid game🔥😂 crazy  |  pink soldiers Funny ✅🤣 moments   #funny #pinksoldiers squidgame2|,One Man's Choice,23,https://www.youtube.com/watch?v=SeYgoLpzFlM&lc=UgwTVKfmQT9HAiaYDGp4AaABAg,2026-08-05T20:00:39.110934+00:00
UgykymDP06wVEIjYf7d4AaABAg,@JoeyCannoli,UCLlfVXX0VDHxYJGOMNJLgLA,Video Games,video games,Gotta love how the British government turns a blind eye to rape gangs running rampant across the country but freaks out over words in a video game.,2026-05-16T23:33:18Z,2026-05-16T23:33:18Z,0,0,W7R6cKdX50o,Video Games That Were Pulled,Sambucha,24,https://www.youtube.com/watch?v=W7R6cKdX50o&lc=UgykymDP06wVEIjYf7d4AaABAg,2026-08-05T20:00:39.360111+00:00
UgzPVofCOI1_csuIF-14AaABAg,@marionasio,UCdegbwbfr5GdNlJrSEO7knQ,Video Games,video games,Fortnight,2026-08-04T15:51:20Z,2026-08-04T15:51:20Z,0,0,2oKoNi7uRgc,POPULAR VIDEO GAMES in LEGO...,TD BRICKS,25,https://www.youtube.com/watch?v=2oKoNi7uRgc&lc=UgzPVofCOI1_csuIF-14AaABAg,2026-08-05T20:00:39.825704+00:00
UgyeiSx6_KGMnoOn2M14AaABAg,@kevins6764,UCFZdbZvZ3xERTnGTNdYpQ2g,Video Games,video games,Many thanks for this.,2026-08-04T20:03:28Z,2026-08-04T20:03:28Z,0,0,BxNGxCHTtHM,10 Insanely Long Video Game Quests That ARE Worth Finishing,WhatCulture Gaming,26,https://www.youtube.com/watch?v=BxNGxCHTtHM&lc=UgyeiSx6_KGMnoOn2M14AaABAg,2026-08-05T20:00:39.975513+00:00
UgxRugnuYhpak20Y16R4AaABAg,@hamzPCGT,UCgxIxNykJlitp2U6ba4htiQ,Video Games,video games,not a single souls game btw,2026-08-03T10:04:29Z,2026-08-03T10:04:29Z,0,0,8kIUR-TA33Y,Best Video Games of All Time,Sambucha,27,https://www.youtube.com/watch?v=8kIUR-TA33Y&lc=UgxRugnuYhpak20Y16R4AaABAg,2026-08-05T20:00:40.379565+00:00
UgxCzssowuYbXFfsUyt4AaABAg,@fusion_riptide6955,UCVPr-tIzAVXZ5Ax55CoR_sg,Video Games,video games,My day just got a whole lot better! We missed you last week.,2026-08-05T19:22:13Z,2026-08-05T19:22:13Z,1,0,JFUvIkzf0cw,You Need To Check EVERYWHERE When You're Hunting for Video Games.,RJCmedia,28,https://www.youtube.com/watch?v=JFUvIkzf0cw&lc=UgxCzssowuYbXFfsUyt4AaABAg,2026-08-05T20:00:40.534888+00:00
UgwPKq80BvrQq6mU5Q14AaABAg,@cristinabello7808,UCTeuERQNKw-EKcZ2GvymIhQ,Video Games,video games,So stupid and so so dumb😂,2026-08-03T05:27:15Z,2026-08-03T05:27:15Z,0,0,t5r0VgFhp0M,Game night #shorts,The Land Of Boggs,29,https://www.youtube.com/watch?v=t5r0VgFhp0M&lc=UgwPKq80BvrQq6mU5Q14AaABAg,2026-08-05T20:00:40.804871+00:00
UgyHxwNb2KfoA6MqGQx4AaABAg,@JoyshreeDas-s8w1n,UCBG9a0N9aLEgQrxqwg5khuw,Video Games,video games,2,2026-07-31T15:48:39Z,2026-07-31T15:48:39Z,0,0,gOLmc4cr9B4,Video game keychain #videogames #keychain #unique #game #play #trending #shorts #viral #gift #hamper,cringekids,31,https://www.youtube.com/watch?v=gOLmc4cr9B4&lc=UgyHxwNb2KfoA6MqGQx4AaABAg,2026-08-05T20:00:41.362614+00:00
UgwyyQPZszPz7E4tLFV4AaABAg,@Милана-ч5н9о,UCWmS1PbVsAR-CcLgewWFDiA,Video Games,video games,"Стас
Юля",2026-07-17T12:54:04Z,2026-07-17T12:54:04Z,0,0,0eqnKQL_SNU,Squid game 🃏🥲 fails ! | squid game crazy | #squidgame2 #funny #comedy #shorts,One Man's Choice,32,https://www.youtube.com/watch?v=0eqnKQL_SNU&lc=UgwyyQPZszPz7E4tLFV4AaABAg,2026-08-05T20:00:41.668496+00:00
UgwpcWjkOoGcXN4ykqV4AaABAg,@ImranPathan-f9s,UC8C7DrPcW9P7w1KhE7_sumw,Video Games,video games,Comments,2026-08-04T17:29:42Z,2026-08-04T17:29:42Z,0,0,GyO1MtLhyt0,Ramp Car Racing - Car Racing 3D - Android Gameplay,Gaming aadii ,34,https://www.youtube.com/watch?v=GyO1MtLhyt0&lc=UgwpcWjkOoGcXN4ykqV4AaABAg,2026-08-05T20:00:42.035897+00:00
Ugz35gm4v2paz_DxlIh4AaABAg,@L00D_13RL,UCl6L7ymU41RdJy-VtP9ByBg,Video Games,video games,Does it have supersonic acrobatic rocket powered battle cars,2026-08-03T02:00:15Z,2026-08-03T02:00:15Z,0,0,djMGKYxrRpE,Best handheld console!,RetroCade Shop,35,https://www.youtube.com/watch?v=djMGKYxrRpE&lc=Ugz35gm4v2paz_DxlIh4AaABAg,2026-08-05T20:00:42.372537+00:00
UgyUK5ny1HQBHkpyhgh4AaABAg,@Ellie_Calkins,UCk-_nIihvZmHZHpKcFIeulQ,Video Games,video games,Sheet music?,2024-11-15T05:39:10Z,2024-11-15T05:39:10Z,0,1,_TcdZLlm82g,Lana Del Rey - Video Games (Piano Karaoke),Sing2Piano | Piano Karaoke Instrumentals,36,https://www.youtube.com/watch?v=_TcdZLlm82g&lc=UgyUK5ny1HQBHkpyhgh4AaABAg,2026-08-05T20:00:42.550463+00:00
Ugyqz4LqWnj3ZW0yLwx4AaABAg,@chelsealovejoy3168,UCOUpAl9SxLi1mWQskTqftyA,Video Games,video games,Love this song!❤,2026-06-15T07:46:33Z,2026-06-15T07:46:33Z,0,0,QabypY-fQho,Lana Del Rey -  Video Games (Lyrics),Reddit Stories Vote,37,https://www.youtube.com/watch?v=QabypY-fQho&lc=Ugyqz4LqWnj3ZW0yLwx4AaABAg,2026-08-05T20:00:42.900666+00:00
UgyOecYmMRNDo3VTL7F4AaABAg,@bryoutubersrdr4364,UC8zPcrLLVRglIXEPs6Gsg6g,Video Games,video games,Assassin's Creed Star Wars,2026-07-30T07:36:30Z,2026-07-30T07:36:30Z,0,0,fdwxh2rOOCc,This goes hard.👀 #gaming #starwars #darthvader #videogames #trending #shorts #lightsaber #4k #jedi,Bloooski,38,https://www.youtube.com/watch?v=fdwxh2rOOCc&lc=UgyOecYmMRNDo3VTL7F4AaABAg,2026-08-05T20:00:43.157108+00:00
Ugzg0kwKEVTSEYUnq_l4AaABAg,@chair-002,UC5AaEtddxePg4MJocJDGFlg,Video Games,video games,chair.,2026-08-05T16:28:10Z,2026-08-05T16:28:10Z,0,0,spAfMrhHUac,POV: If Tag was a Video Game…🤣 @DanielLaBelle  #theboys #viral #shorts #tag #videogames,The Johnson Brothers,39,https://www.youtube.com/watch?v=spAfMrhHUac&lc=Ugzg0kwKEVTSEYUnq_l4AaABAg,2026-08-05T20:00:43.518348+00:00
UgzOKpVoI6kpRXU1NkV4AaABAg,@nathanaellebi,UC9yqbn-UDer7IbAGyKScrBg,Video Games,video games,The game boy from the 90s had more ram than the temuboy,2026-08-01T00:48:33Z,2026-08-01T00:48:33Z,0,1,CtHbVo3JUXE,"This is the best hand held console with 4,000+ games and 15+ consoles!#gameboy #gaming #handheld",Minglebot,40,https://www.youtube.com/watch?v=CtHbVo3JUXE&lc=UgzOKpVoI6kpRXU1NkV4AaABAg,2026-08-05T20:00:44.026280+00:00
Ugyz_hVliN6547oGlfh4AaABAg,@ahpendragon,UCMsuMmhaxbtk87xEXxS1mZw,Video Games,video games,Епала завали,2026-08-04T19:59:52Z,2026-08-04T19:59:52Z,0,0,cE6wxDqdOV0,Lana Del Rey - Video Games,LanaDelReyVEVO,1,https://www.youtube.com/watch?v=cE6wxDqdOV0&lc=Ugyz_hVliN6547oGlfh4AaABAg,2026-08-05T20:00:32.701284+00:00
UgzXWzMHDA3Vfj_GGaF4AaABAg,@johannestervo8161,UCBSCpsTu8OB2aR6Wxb3zCcw,Video Games,video games,I dont play video games,2026-07-27T01:25:01Z,2026-07-27T01:25:01Z,0,0,hAV9ideCFEc,Lana Del Rey - Video Games (Lyrics),Lost Panda,2,https://www.youtube.com/watch?v=hAV9ideCFEc&lc=UgzXWzMHDA3Vfj_GGaF4AaABAg,2026-08-05T20:00:32.935865+00:00
UgyqYdzlw0BYKo9ocFh4AaABAg,@dankmemsonly,UCuVTd1O6GdYNZjXhXzxMqfQ,Video Games,video games,0:42 haha funny boi,2026-08-04T07:03:28Z,2026-08-04T07:03:28Z,0,0,GNJtPFXUnm4,Tenacious D - Video Games,Tenacious D,3,https://www.youtube.com/watch?v=GNJtPFXUnm4&lc=UgyqYdzlw0BYKo9ocFh4AaABAg,2026-08-05T20:00:33.273919+00:00
UgzNKkV_nLQ1HwKOeGt4AaABAg,@ladikmkhitaryan4803,UCBcz_14kRY_LVnWuhwUcbCg,Video Games,video games,AJAX,2026-08-03T09:28:34Z,2026-08-03T09:28:34Z,0,0,A0NfOmnsWMI,VIDEO GAMES AT 3AM 😝😱 #humor #homealone #babyduck,Packy Films,4,https://www.youtube.com/watch?v=A0NfOmnsWMI&lc=UgzNKkV_nLQ1HwKOeGt4AaABAg,2026-08-05T20:00:33.521848+00:00
Ugy3mg5o7yjSNAXhyLh4AaABAg,@VirginieDiez,UC-zWIaSZVORTZ9RBvudiL3g,Video Games,video games,128,2026-08-03T18:55:02Z,2026-08-03T18:55:02Z,0,0,J0xw8S5PpCg,Mario Kart 8 Deluxe - All New DLC Courses (DLC Booster Pack 1),Sirloin,5,https://www.youtube.com/watch?v=J0xw8S5PpCg&lc=Ugy3mg5o7yjSNAXhyLh4AaABAg,2026-08-05T20:00:33.750988+00:00
UgwZnaGr74X8FoToHqF4AaABAg,@RouseyAkther-o9m,UCFzBX1K5u_K8QjSeWmO-2_g,Video Games,video games,jjlhlhkhohk😊😂,2026-08-04T10:21:34Z,2026-08-04T10:21:34Z,0,0,wnkLpGhJh-M,Cool creative smart fun game videos that you can't miss. #100,Great_Painter,6,https://www.youtube.com/watch?v=wnkLpGhJh-M&lc=UgwZnaGr74X8FoToHqF4AaABAg,2026-08-05T20:00:33.990211+00:00
Ugx4WIJr786cD_5RZWN4AaABAg,@Dai.snts_12,UCwTKKNYxwqWyzuNahg-bvwA,Video Games,video games,iconic music 🥺❤,2026-07-02T12:37:12Z,2026-07-02T12:37:12Z,1,0,P3YJcpDZ3fA,Lana Del Rey - Video Games (Glastonbury 2014),BBC Music,7,https://www.youtube.com/watch?v=P3YJcpDZ3fA&lc=Ugx4WIJr786cD_5RZWN4AaABAg,2026-08-05T20:00:34.246256+00:00
UgyDMk6-DoeYFb-u1nt4AaABAg,@ReeceKearney-7,UCFmJ_mwAUjiY6pYrObQS0ng,Video Games,video games,PS4 MORE LIKE PS5,2026-08-02T02:38:17Z,2026-08-02T02:38:17Z,0,0,Mvy1z-SmD1E,Gaming in Year 2067,Adhemz,8,https://www.youtube.com/watch?v=Mvy1z-SmD1E&lc=UgyDMk6-DoeYFb-u1nt4AaABAg,2026-08-05T20:00:34.509938+00:00
UgwcVcCC62uQMqPwH4t4AaABAg,@lenatiktokk333,UCpepeVQA8t19Bbg0tRpoNLw,Video Games,video games,💯,2026-07-31T02:12:00Z,2026-07-31T02:12:00Z,0,0,yYhVn0vcCU0,How Different Game Characters Climb Up ⬆️,Matt Larose,9,https://www.youtube.com/watch?v=yYhVn0vcCU0&lc=UgwcVcCC62uQMqPwH4t4AaABAg,2026-08-05T20:00:34.809258+00:00
Ugyk03IdmGZ-x_8VuMx4AaABAg,@CatLover-j7e7z,UCz9sC4LiajkQcqgETEdGe6g,Video Games,video games,Hi,2026-08-05T19:51:23Z,2026-08-05T19:51:23Z,0,0,rj2bs1Q3ADg,GIRLS ADDICTED TO VIDEO GAMES 😱, Queens Reality,10,https://www.youtube.com/watch?v=rj2bs1Q3ADg&lc=Ugyk03IdmGZ-x_8VuMx4AaABAg,2026-08-05T20:00:35.049866+00:00
UgwcAiEZTqD1qQyuDpZ4AaABAg,@raynalrogers33,UCgZs-1BzaQYgOXNff13YTMw,Video Games,video games,POV:how tahp talking for pizza,2026-06-22T09:38:36Z,2026-06-22T09:38:36Z,1,0,Z_SMaf8Ba0g,Video Games but every word is a Google Image,naD rM,11,https://www.youtube.com/watch?v=Z_SMaf8Ba0g&lc=UgwcAiEZTqD1qQyuDpZ4AaABAg,2026-08-05T20:00:35.320247+00:00
UgzLX0TxOAjahYDHqud4AaABAg,@swiftie4life-s5m,UCCCw5CfIhtJqm_dsgK5EBTA,Video Games,video games,Who the fuck eats strawberries with a fork-,2026-07-27T07:24:33Z,2026-07-27T07:24:33Z,1,1,qCR1sVS2h4o,Video Game Glitches be like… pt. 5 #gaming #shorts,NicsNite,12,https://www.youtube.com/watch?v=qCR1sVS2h4o&lc=UgzLX0TxOAjahYDHqud4AaABAg,2026-08-05T20:00:35.619097+00:00
UgyAZziW9gFPkgGW3Pd4AaABAg,@SotiriaGiannakopoulou,UCrgBO1YNFfrrvzL157cX9RQ,Video Games,video games,I want this song to be played at my wedding,2026-05-23T10:25:04Z,2026-05-23T10:25:04Z,4,0,Qi5ppQAozIM,04 - Video Games - Lana Del Rey,Yeyden Zoé Vega,13,https://www.youtube.com/watch?v=Qi5ppQAozIM&lc=UgyAZziW9gFPkgGW3Pd4AaABAg,2026-08-05T20:00:36.140608+00:00
UgzJd3MU97V93dWmzoF4AaABAg,@nightfurylover-I5x,UCIVrITc1LjwStaBJhnDu4KA,Video Games,video games,The second one is exactly what I watched from Ray William Johnson,2026-07-01T18:29:52Z,2026-07-01T18:29:52Z,0,0,C4AbHvkxjsA,Video Games That Inspired Killers,Sambucha,14,https://www.youtube.com/watch?v=C4AbHvkxjsA&lc=UgzJd3MU97V93dWmzoF4AaABAg,2026-08-05T20:00:36.447587+00:00
UgyO2Zp45Zi2ty1Vvmd4AaABAg,@eclipsegmd1,UC3o6EQ1NyLPmBsCZcTTFhVA,Video Games,video games,"Fun fact: Most “anti-piracy screens” are just myths or creepy edits, but the Game Boy’s Nintendo logo check was a real thing. It wasn’t a scary fake message, the boot ROM actually verified the cartridge before letting it start. Pretty clever for a 1989 handheld with only 256 bytes of boot ROM.",2026-07-20T05:44:12Z,2026-07-20T05:44:12Z,0,0,gM3lOz0Gblk,How Video Games Punish Stealers,Sambucha,15,https://www.youtube.com/watch?v=gM3lOz0Gblk&lc=UgyO2Zp45Zi2ty1Vvmd4AaABAg,2026-08-05T20:00:36.755204+00:00
UgzxuZv7oXwT9-QIfnh4AaABAg,@GameCritic1998,UCNRODgcC5ts2dX_bGiIrA1g,Video Games,video games,all these games are mid bro be honest,2026-08-04T21:14:49Z,2026-08-04T21:14:49Z,1,1,HdL_rJ2yc3A,10 Best NEW Games To Play In August 2026,Force Gaming,16,https://www.youtube.com/watch?v=HdL_rJ2yc3A&lc=UgzxuZv7oXwT9-QIfnh4AaABAg,2026-08-05T20:00:36.960654+00:00
Ugw6Wz8gxaPX3DxlX6p4AaABAg,@HelanDevhas,UCo0Wgh_hcyIQTSDXbGyQEqg,Video Games,video games,my birthday was 8 days ago on july 26 and my lovely parents got me the swicth 2 and having a swicth2 havnt made me dummer and we had a maths test resently and i got 100%.,2026-08-03T06:38:52Z,2026-08-03T06:38:52Z,0,0,OKkeR_Mn97E,Do Video Games Make You Smarter?,Gohar Khan,17,https://www.youtube.com/watch?v=OKkeR_Mn97E&lc=Ugw6Wz8gxaPX3DxlX6p4AaABAg,2026-08-05T20:00:37.183103+00:00
Ugw-q1Dh8M8WgTbicXh4AaABAg,@daniellequattrin5262,UC8sEQpkZh6qa1kOll64z57A,Video Games,video games,"Before we had AI we had zach king 
Zach is better",2026-08-05T01:28:00Z,2026-08-05T01:28:26Z,1,0,tDc8dnyw7B4,Why you should never play video games in class #shorts,Zach King,18,https://www.youtube.com/watch?v=tDc8dnyw7B4&lc=Ugw-q1Dh8M8WgTbicXh4AaABAg,2026-08-05T20:00:37.410732+00:00
UgwYkfP3Ggtoinr1Tup4AaABAg,@Aries73,UCXcjFnRxCrfoPY-QIu5fKsw,Video Games,video games,2:00 *slings a rubber chicken at Kit for that poorly executed pun*,2026-08-05T18:36:55Z,2026-08-05T18:36:55Z,0,0,1pKYlCn3z1M,How Video Game Reviews ACTUALLY Work - EP234 Kit & Krysta Podcast,Kit & Krysta,19,https://www.youtube.com/watch?v=1pKYlCn3z1M&lc=UgwYkfP3Ggtoinr1Tup4AaABAg,2026-08-05T20:00:37.558453+00:00
UgwH4YAEARMe8Ttc4a14AaABAg,@is4bel_24,UCCGmhayChFaOwE5YZKvwbVQ,Video Games,video games,this song is so gorgeous but it hits different when you are falling in love..,2024-04-16T19:45:18Z,2024-04-16T19:45:18Z,0,0,_vkOOqC_g-Q,Video Games - Lana Del Rey - Lyrics,MegaMf97,20,https://www.youtube.com/watch?v=_vkOOqC_g-Q&lc=UgwH4YAEARMe8Ttc4a14AaABAg,2026-08-05T20:00:38.186102+00:00
UgzS85UxDOHO5V72s_Z4AaABAg,@nowherefilez,UCRmxTTkega-M0hyKTHE3JXw,Video Games,video games,This was me when my friend was trying to teach me how to play ULTRAKILL,2026-08-04T00:21:08Z,2026-08-04T00:21:08Z,0,0,PkTgn7xY7n8,The Friend That's Too Good at Video Games,CircleToonsHD,21,https://www.youtube.com/watch?v=PkTgn7xY7n8&lc=UgzS85UxDOHO5V72s_Z4AaABAg,2026-08-05T20:00:38.443518+00:00
UgwaOz78sQsxsvquHNx4AaABAg,@greatSonata,UCoQCIH6YsMDNrgz9REowkNg,Video Games,video games,Yeah! Give her a professional driver license,2026-07-27T13:37:59Z,2026-07-27T13:37:59Z,0,0,EVveQo-rzDk,Scania truck driving 4K video | Truck Simulator Ultimate #game #games #truck #simulator #gameplay,THE HIYAA GAMING ,22,https://www.youtube.com/watch?v=EVveQo-rzDk&lc=UgwaOz78sQsxsvquHNx4AaABAg,2026-08-05T20:00:38.702493+00:00
Ugye3c4E9nFFiziws514AaABAg,@sunny-k3s,UCpuDTob9FVR2bDm4IMZk-ag,Video Games,video games,He just shot at the second the doll shot the player,2026-07-19T07:55:03Z,2026-07-19T07:55:03Z,0,0,SeYgoLpzFlM,Squid game🔥😂 crazy  |  pink soldiers Funny ✅🤣 moments   #funny #pinksoldiers squidgame2|,One Man's Choice,23,https://www.youtube.com/watch?v=SeYgoLpzFlM&lc=Ugye3c4E9nFFiziws514AaABAg,2026-08-05T20:00:39.110934+00:00
Ugy9VK_cTomxmla-Mfp4AaABAg,@marswrld2489,UC8gxtqjnP7tb47_iufjncjw,Video Games,video games,I’m finna speed run ethnic cleansing 3 brotherhood,2026-05-16T21:52:43Z,2026-05-16T21:52:43Z,0,0,W7R6cKdX50o,Video Games That Were Pulled,Sambucha,24,https://www.youtube.com/watch?v=W7R6cKdX50o&lc=Ugy9VK_cTomxmla-Mfp4AaABAg,2026-08-05T20:00:39.360111+00:00
Ugy8XC6NM2w3mHOl3854AaABAg,@LinksCon,UCrD5Q23STlRNDdDsRn5kbLg,Video Games,video games,😢😢😢😢😢😢😢😢😢😢😢😢😢,2026-08-04T15:48:13Z,2026-08-04T15:48:13Z,0,0,2oKoNi7uRgc,POPULAR VIDEO GAMES in LEGO...,TD BRICKS,25,https://www.youtube.com/watch?v=2oKoNi7uRgc&lc=Ugy8XC6NM2w3mHOl3854AaABAg,2026-08-05T20:00:39.825704+00:00
UgzOO1jV5yM-2JMGXnh4AaABAg,@inquisitorichijou883,UCZHgpDqXo-_sNiVnT6ayM6g,Video Games,video games,The Fierce Deity set is a nice callback to Majora's Mask.,2026-08-04T19:22:39Z,2026-08-04T19:22:39Z,0,0,BxNGxCHTtHM,10 Insanely Long Video Game Quests That ARE Worth Finishing,WhatCulture Gaming,26,https://www.youtube.com/watch?v=BxNGxCHTtHM&lc=UgzOO1jV5yM-2JMGXnh4AaABAg,2026-08-05T20:00:39.975513+00:00
Ugx3Rv2Xn7MXDKalZMV4AaABAg,@ShinyGaming-r2q,UC0SWOE-rsQ1IwKnPGuOeJgg,Video Games,video games,Honestly I knew  RL was not on the list,2026-08-03T04:18:11Z,2026-08-03T04:18:11Z,0,0,8kIUR-TA33Y,Best Video Games of All Time,Sambucha,27,https://www.youtube.com/watch?v=8kIUR-TA33Y&lc=Ugx3Rv2Xn7MXDKalZMV4AaABAg,2026-08-05T20:00:40.379565+00:00
UgzAEzwB521SeV97h5V4AaABAg,@CarterNoel-i3z,UC7Okb86grMl-4RHXouAXO2w,Video Games,video games,😂,2026-08-01T22:38:48Z,2026-08-01T22:38:48Z,0,0,t5r0VgFhp0M,Game night #shorts,The Land Of Boggs,29,https://www.youtube.com/watch?v=t5r0VgFhp0M&lc=UgzAEzwB521SeV97h5V4AaABAg,2026-08-05T20:00:40.804871+00:00
Ugy2yTEk8wGQ6IL0Ktt4AaABAg,@NitinKumar-hu3lw,UCwmbIwl32XrT2Rp7NkDyX3A,Video Games,video games,🎉🎉🎉🎉,2026-07-31T06:44:52Z,2026-07-31T06:44:52Z,0,0,gOLmc4cr9B4,Video game keychain #videogames #keychain #unique #game #play #trending #shorts #viral #gift #hamper,cringekids,31,https://www.youtube.com/watch?v=gOLmc4cr9B4&lc=Ugy2yTEk8wGQ6IL0Ktt4AaABAg,2026-08-05T20:00:41.362614+00:00
UgwacYS3Y9wnrmTAWlN4AaABAg,@Милана-ч5н9о,UCWmS1PbVsAR-CcLgewWFDiA,Video Games,video games,"Алинаевиенкомнеко
Милана
Мама
Папа
 Иля",2026-07-17T12:53:31Z,2026-07-17T12:53:31Z,0,0,0eqnKQL_SNU,Squid game 🃏🥲 fails ! | squid game crazy | #squidgame2 #funny #comedy #shorts,One Man's Choice,32,https://www.youtube.com/watch?v=0eqnKQL_SNU&lc=UgwacYS3Y9wnrmTAWlN4AaABAg,2026-08-05T20:00:41.668496+00:00
UgwQ80seLFjGchn25Qx4AaABAg,@Yogaming-27,UCgK0JgXGmGdhXRBTWKWBJvA,Video Games,video games,💙💙💙💙,2026-08-03T17:24:12Z,2026-08-03T17:24:12Z,0,0,GyO1MtLhyt0,Ramp Car Racing - Car Racing 3D - Android Gameplay,Gaming aadii ,34,https://www.youtube.com/watch?v=GyO1MtLhyt0&lc=UgwQ80seLFjGchn25Qx4AaABAg,2026-08-05T20:00:42.035897+00:00
Ugy19yu9vIHi9nG7yBF4AaABAg,@Sritampati2015,UCNF7C7mXnpoFRJ6dI_k48xQ,Video Games,video games,Bro I am going to buy this thing man 💀💀,2026-08-02T05:31:51Z,2026-08-02T05:31:51Z,1,0,djMGKYxrRpE,Best handheld console!,RetroCade Shop,35,https://www.youtube.com/watch?v=djMGKYxrRpE&lc=Ugy19yu9vIHi9nG7yBF4AaABAg,2026-08-05T20:00:42.372537+00:00
UgxgKh4l5B4rSRPV_EV4AaABAg,@JoelAlvis03,UCDCVB33VV0jAY1U_vdarvyQ,Video Games,video games,"I love this song, i made a cover with your beautiful piano instrumental, thank u so much for doing these beautiful karaokes!",2024-09-07T23:51:50Z,2024-09-07T23:51:50Z,0,1,_TcdZLlm82g,Lana Del Rey - Video Games (Piano Karaoke),Sing2Piano | Piano Karaoke Instrumentals,36,https://www.youtube.com/watch?v=_TcdZLlm82g&lc=UgxgKh4l5B4rSRPV_EV4AaABAg,2026-08-05T20:00:42.550463+00:00
UgxgkPZkkLSyMuid0q14AaABAg,@nguyenngocanhfgwhcm5941,UC-lzPTcBeZACf05G0JLOa2w,Video Games,video games,"[Verse 1]
Swingin' in the backyard, pull up in your fast car
Whistlin' my name
Open up a beer and you say, ""Get over here
And play a video game""
I'm in his favorite sundress, watching me get undressed
Take that body downtown
I say, ""You the bestest,"" lean in for a big kiss
Put his favorite perfume on
""Go play a video game""

[Chorus]
It's you, it's you, it's all for you, everything I do
I tell you all the time, Heaven is a place on Earth with you
Tell me all the things you wanna do
I heard that you like the bad girls, honey, is that true?
It's better than I ever even knew
They say that the world was built for two
Only worth living if somebody is loving you
And, baby, now you do

[Post-Chorus]
Mmm

[Verse 2]
Singin' in the old bars, swinging with the old stars
Livin' for the fame
Kissin' in the blue dark, playing pool and wild darts
Video games
He holds me in his big arms, drunk, and I am seeing stars
This is all I think of
Watchin' all our friends fall in and out of Old Paul's, this is my idea of fun
Playin' video games",2026-06-14T03:54:58Z,2026-06-14T03:54:58Z,0,0,QabypY-fQho,Lana Del Rey -  Video Games (Lyrics),Reddit Stories Vote,37,https://www.youtube.com/watch?v=QabypY-fQho&lc=UgxgkPZkkLSyMuid0q14AaABAg,2026-08-05T20:00:42.900666+00:00
Ugx1BkyJKkWAxzLo1RR4AaABAg,@CooperFrasier-b4n,UCc2bwYfRtpsaiX5R2eRm5WQ,Video Games,video games,Game??,2026-07-28T21:12:09Z,2026-07-28T21:12:09Z,0,0,fdwxh2rOOCc,This goes hard.👀 #gaming #starwars #darthvader #videogames #trending #shorts #lightsaber #4k #jedi,Bloooski,38,https://www.youtube.com/watch?v=fdwxh2rOOCc&lc=Ugx1BkyJKkWAxzLo1RR4AaABAg,2026-08-05T20:00:43.157108+00:00
Ugz64wk4mCvfMSoOtzh4AaABAg,@therankman-c1k,UCstiXp5aQNuGE8_02ybOHVQ,Video Games,video games,look like npcc,2026-08-05T16:12:59Z,2026-08-05T16:12:59Z,0,0,spAfMrhHUac,POV: If Tag was a Video Game…🤣 @DanielLaBelle  #theboys #viral #shorts #tag #videogames,The Johnson Brothers,39,https://www.youtube.com/watch?v=spAfMrhHUac&lc=Ugz64wk4mCvfMSoOtzh4AaABAg,2026-08-05T20:00:43.518348+00:00
Ugx1f8y9XC9IkVzhiDV4AaABAg,@MNPiano,UCal-4zybepUkohBlH8BDzXw,Video Games,video games,My Gameboy name is r36s it can play GTA   🤫,2026-07-28T10:40:56Z,2026-07-28T10:40:56Z,0,0,CtHbVo3JUXE,"This is the best hand held console with 4,000+ games and 15+ consoles!#gameboy #gaming #handheld",Minglebot,40,https://www.youtube.com/watch?v=CtHbVo3JUXE&lc=Ugx1f8y9XC9IkVzhiDV4AaABAg,2026-08-05T20:00:44.026280+00:00
UgyPjUCRYlxd4RM-7K14AaABAg,@MangoTree992,UCMWgzMrYCMiBOkLVyjO4g2g,Video Games,video games,Video games is my all time favourite song ❤️‍🔥,2026-08-04T19:09:18Z,2026-08-04T19:09:18Z,0,0,cE6wxDqdOV0,Lana Del Rey - Video Games,LanaDelReyVEVO,1,https://www.youtube.com/watch?v=cE6wxDqdOV0&lc=UgyPjUCRYlxd4RM-7K14AaABAg,2026-08-05T20:00:32.701284+00:00
Ugx9QrMedVGsfK37eAt4AaABAg,@hyunskz.89,UCzVxD1smgdKBqcKhuprHOAA,Video Games,video games,Hits so hard,2026-07-25T15:49:20Z,2026-07-25T15:49:20Z,1,0,hAV9ideCFEc,Lana Del Rey - Video Games (Lyrics),Lost Panda,2,https://www.youtube.com/watch?v=hAV9ideCFEc&lc=Ugx9QrMedVGsfK37eAt4AaABAg,2026-08-05T20:00:32.935865+00:00
Ugxh0sUAYGwcqn1ExgV4AaABAg,@Freezedried_preteen,UCoXUODxxXFbkVjOkR86db-g,Video Games,video games,Made this song and proceeded to make almost 4 movies about video games😭,2026-08-04T04:02:10Z,2026-08-04T04:02:10Z,0,0,GNJtPFXUnm4,Tenacious D - Video Games,Tenacious D,3,https://www.youtube.com/watch?v=GNJtPFXUnm4&lc=Ugxh0sUAYGwcqn1ExgV4AaABAg,2026-08-05T20:00:33.273919+00:00
UgyYADJavm6Z_JR16AF4AaABAg,@JaneYe-s5k,UCGmuNXYzb0rDOsKEXkHHbbQ,Video Games,video games,RIP dead Jonathan,2026-08-03T08:41:23Z,2026-08-03T08:41:23Z,0,0,A0NfOmnsWMI,VIDEO GAMES AT 3AM 😝😱 #humor #homealone #babyduck,Packy Films,4,https://www.youtube.com/watch?v=A0NfOmnsWMI&lc=UgyYADJavm6Z_JR16AF4AaABAg,2026-08-05T20:00:33.521848+00:00
UgxjUIMMj2HKbyc5fWN4AaABAg,@VirginieDiez,UC-zWIaSZVORTZ9RBvudiL3g,Video Games,video games,Matiajdhd,2026-08-03T18:52:53Z,2026-08-03T18:52:53Z,0,0,J0xw8S5PpCg,Mario Kart 8 Deluxe - All New DLC Courses (DLC Booster Pack 1),Sirloin,5,https://www.youtube.com/watch?v=J0xw8S5PpCg&lc=UgxjUIMMj2HKbyc5fWN4AaABAg,2026-08-05T20:00:33.750988+00:00
Ugzp0yD_9JAWs7zPwWd4AaABAg,@ArvindSharma-p6m9d,UChszLo-MZsAS5w1241SjUtQ,Video Games,video games,Funny video,2026-08-03T18:39:55Z,2026-08-03T18:39:55Z,0,0,wnkLpGhJh-M,Cool creative smart fun game videos that you can't miss. #100,Great_Painter,6,https://www.youtube.com/watch?v=wnkLpGhJh-M&lc=Ugzp0yD_9JAWs7zPwWd4AaABAg,2026-08-05T20:00:33.990211+00:00
UgzGFUi-cTwMKPKZHS54AaABAg,@ryanhenderson1,UCwg2Wqxum0CS45-hasme9dA,Video Games,video games,perfect,2026-07-02T03:21:21Z,2026-07-02T03:21:21Z,1,0,P3YJcpDZ3fA,Lana Del Rey - Video Games (Glastonbury 2014),BBC Music,7,https://www.youtube.com/watch?v=P3YJcpDZ3fA&lc=UgzGFUi-cTwMKPKZHS54AaABAg,2026-08-05T20:00:34.246256+00:00
UgwkXnk2_5FD0O9jJcN4AaABAg,@KJers-i8j,UCNevSbIMmbXw5weD9D2xJNw,Video Games,video games,"For those who don’t know what grass is, it’s a living green plant that covers fields, parks, and lawns all around the world. Grass helps produce oxygen, supports wildlife, and keeps the ground cooler and healthier. Its vibrant green color, soft texture, and gentle movement in the wind make nature feel peaceful and alive. Healthy grass is a sign of a thriving environment because it helps prevent soil erosion, absorbs rainwater, and provides a home for countless tiny creatures. Whether you’re walking barefoot across it, relaxing in a park, or simply admiring a beautiful landscape, grass is one of nature’s simplest yet most perfect creations, bringing beauty, freshness, and life wherever it grows.",2026-08-01T04:58:10Z,2026-08-01T04:58:10Z,1,0,Mvy1z-SmD1E,Gaming in Year 2067,Adhemz,8,https://www.youtube.com/watch?v=Mvy1z-SmD1E&lc=UgwkXnk2_5FD0O9jJcN4AaABAg,2026-08-05T20:00:34.509938+00:00
Ugzh0syGoWIVVpU71Zx4AaABAg,@Fishy_bricks,UCFz0T5_UT_PWh3-Bpq0bzng,Video Games,video games,This is peak,2026-07-30T20:20:24Z,2026-07-30T20:20:24Z,0,0,yYhVn0vcCU0,How Different Game Characters Climb Up ⬆️,Matt Larose,9,https://www.youtube.com/watch?v=yYhVn0vcCU0&lc=Ugzh0syGoWIVVpU71Zx4AaABAg,2026-08-05T20:00:34.809258+00:00
UgwlxTZLwNvaRNAhSBt4AaABAg,@Imbossbren,UCO7vvdREBjQ8WZwclVsv7Rg,Video Games,video games,Love your videos ❤🎉,2026-08-05T19:51:20Z,2026-08-05T19:51:20Z,0,0,rj2bs1Q3ADg,GIRLS ADDICTED TO VIDEO GAMES 😱, Queens Reality,10,https://www.youtube.com/watch?v=rj2bs1Q3ADg&lc=UgwlxTZLwNvaRNAhSBt4AaABAg,2026-08-05T20:00:35.049866+00:00
UgwHV98yGmABWSFFKQF4AaABAg,@Nully_lol,UCkc8dcu6mLfP-goBDWCRnFQ,Video Games,video games,No way bro rickrolled me for less than a sec,2026-06-19T18:40:37Z,2026-06-19T18:40:37Z,1,0,Z_SMaf8Ba0g,Video Games but every word is a Google Image,naD rM,11,https://www.youtube.com/watch?v=Z_SMaf8Ba0g&lc=UgwHV98yGmABWSFFKQF4AaABAg,2026-08-05T20:00:35.320247+00:00
UgxW1bN6xGkOw7KXjaN4AaABAg,@IyaazAbdullah,UCWHd4yw4ILjX5uuvMclUBgA,Video Games,video games,what are the odds as soon as i found this vid my youtube started glitching too,2026-07-22T13:48:37Z,2026-07-22T13:48:37Z,0,0,qCR1sVS2h4o,Video Game Glitches be like… pt. 5 #gaming #shorts,NicsNite,12,https://www.youtube.com/watch?v=qCR1sVS2h4o&lc=UgxW1bN6xGkOw7KXjaN4AaABAg,2026-08-05T20:00:35.619097+00:00
Ugy_ho96Hvl6nR13tld4AaABAg,@Tintoycar,UCLNmkB9QMaZodhkrxUD4VLw,Video Games,video games,1960s voice!,2026-05-22T11:59:14Z,2026-05-22T11:59:14Z,5,0,Qi5ppQAozIM,04 - Video Games - Lana Del Rey,Yeyden Zoé Vega,13,https://www.youtube.com/watch?v=Qi5ppQAozIM&lc=Ugy_ho96Hvl6nR13tld4AaABAg,2026-08-05T20:00:36.140608+00:00
UgzOEebBt98Cjwt7nxh4AaABAg,@artsantos3344,UCIX82_XU6gpYBQ3SuKQARog,Video Games,video games,Let's not forget the Tacloban school shooting last week.,2026-07-01T10:07:15Z,2026-07-01T10:07:15Z,0,0,C4AbHvkxjsA,Video Games That Inspired Killers,Sambucha,14,https://www.youtube.com/watch?v=C4AbHvkxjsA&lc=UgzOEebBt98Cjwt7nxh4AaABAg,2026-08-05T20:00:36.447587+00:00
UgyC_cEcNdCa_-sG9wB4AaABAg,@sonyfusion1994,UC4fGOAdUNkuhvUAI2iCoatw,Video Games,video games,Cmon Sambucha I thought you know better than to spread misinformation,2026-07-14T17:40:10Z,2026-07-14T17:40:10Z,0,0,gM3lOz0Gblk,How Video Games Punish Stealers,Sambucha,15,https://www.youtube.com/watch?v=gM3lOz0Gblk&lc=UgyC_cEcNdCa_-sG9wB4AaABAg,2026-08-05T20:00:36.755204+00:00
Ugz8WUP-0h-ZiJllNcJ4AaABAg,@mourbonaventure7475,UCuHBPIq8OsWMzqL96sxnDeg,Video Games,video games,I want a game where we play as your beard.,2026-08-04T16:14:57Z,2026-08-04T16:14:57Z,0,0,HdL_rJ2yc3A,10 Best NEW Games To Play In August 2026,Force Gaming,16,https://www.youtube.com/watch?v=HdL_rJ2yc3A&lc=Ugz8WUP-0h-ZiJllNcJ4AaABAg,2026-08-05T20:00:36.960654+00:00
UgyaEaovixfq7In8wCN4AaABAg,@V2ULTRAKILL5449,UC_6dHUNsVpYmKR2maPQToww,Video Games,video games,"Ultrakill:
-Learning ways to use stuff together 
-quick thinking
-and reaction time",2026-08-03T05:24:13Z,2026-08-03T05:24:13Z,0,0,OKkeR_Mn97E,Do Video Games Make You Smarter?,Gohar Khan,17,https://www.youtube.com/watch?v=OKkeR_Mn97E&lc=UgyaEaovixfq7In8wCN4AaABAg,2026-08-05T20:00:37.183103+00:00
Ugx3jIw3LEVbhoO_0-h4AaABAg,@Aidwonder,UCf9XEwMlBiYaeZDAkorycnA,Video Games,video games,Zach WAS the Ai…,2026-08-04T23:45:05Z,2026-08-04T23:45:05Z,0,0,tDc8dnyw7B4,Why you should never play video games in class #shorts,Zach King,18,https://www.youtube.com/watch?v=tDc8dnyw7B4&lc=Ugx3jIw3LEVbhoO_0-h4AaABAg,2026-08-05T20:00:37.410732+00:00
Ugxih19lLfntf1glEAl4AaABAg,@RuuyG,UC8KbanNgbjg4MCBRCsGyU2w,Video Games,video games,17:55 wth give away the keys,2026-08-05T18:33:58Z,2026-08-05T18:33:58Z,0,0,1pKYlCn3z1M,How Video Game Reviews ACTUALLY Work - EP234 Kit & Krysta Podcast,Kit & Krysta,19,https://www.youtube.com/watch?v=1pKYlCn3z1M&lc=Ugxih19lLfntf1glEAl4AaABAg,2026-08-05T20:00:37.558453+00:00
UgyOypyaOnv5NPFwAs54AaABAg,@damiancrombe5229,UCk-s3aSbidsldYLobEONpQw,Video Games,video games,This is from 3 body problem,2024-04-08T10:15:56Z,2024-04-08T10:15:56Z,0,0,_vkOOqC_g-Q,Video Games - Lana Del Rey - Lyrics,MegaMf97,20,https://www.youtube.com/watch?v=_vkOOqC_g-Q&lc=UgyOypyaOnv5NPFwAs54AaABAg,2026-08-05T20:00:38.186102+00:00
Ugxd_VPqVXsWUKSa3jF4AaABAg,@VINCENT8828,UCwny3P6WOxkwib-KrqpgKJA,Video Games,video games,That's me most of the time,2026-08-03T18:19:13Z,2026-08-03T18:19:13Z,0,0,PkTgn7xY7n8,The Friend That's Too Good at Video Games,CircleToonsHD,21,https://www.youtube.com/watch?v=PkTgn7xY7n8&lc=Ugxd_VPqVXsWUKSa3jF4AaABAg,2026-08-05T20:00:38.443518+00:00
UgxV6dya_pyT8k6BgjZ4AaABAg,@RiyasRiya-i1e,UCC0Pae7pUcVAHg7FSykCbQg,Video Games,video games,❤😂🎉😢😮😅😊😊,2026-07-25T17:21:47Z,2026-07-25T17:21:47Z,0,1,EVveQo-rzDk,Scania truck driving 4K video | Truck Simulator Ultimate #game #games #truck #simulator #gameplay,THE HIYAA GAMING ,22,https://www.youtube.com/watch?v=EVveQo-rzDk&lc=UgxV6dya_pyT8k6BgjZ4AaABAg,2026-08-05T20:00:38.702493+00:00
UgxJgZYVp5Hp_Gifne94AaABAg,@Jenson_puppy,UCkViStQxGUkjCELf9U8xcEw,Video Games,video games,Your going to hell buddy what did I to god. You shot someone by the tv that it THATTT IT NOOOOOOO JUST TO PAY THE BILLS NOOOo,2026-07-14T05:19:30Z,2026-07-14T05:19:30Z,0,0,SeYgoLpzFlM,Squid game🔥😂 crazy  |  pink soldiers Funny ✅🤣 moments   #funny #pinksoldiers squidgame2|,One Man's Choice,23,https://www.youtube.com/watch?v=SeYgoLpzFlM&lc=UgxJgZYVp5Hp_Gifne94AaABAg,2026-08-05T20:00:39.110934+00:00
UgwR0H0UQEIJGpx5shx4AaABAg,@jordanapitts,UCVBZEzTBDXy4uw15WLDlBhA,Artificial Intelligence,artificial intelligence,you using AI to voice this video?,2026-08-05T14:14:18Z,2026-08-05T14:14:18Z,0,0,wAxACbpulQE,The Entire AI Industry Just Turned Against Anthropic,TheAIGRID,1,https://www.youtube.com/watch?v=wAxACbpulQE&lc=UgwR0H0UQEIJGpx5shx4AaABAg,2026-08-05T20:00:44.239125+00:00
UgwHAEaXMRw-zIJFiKl4AaABAg,@LeahSelman,UCBtZxSkcCoaMSupi2UAr4KQ,Artificial Intelligence,artificial intelligence,"It’s already been weaponized, now thier just bickering over which women to destroy with it",2026-08-05T17:57:24Z,2026-08-05T17:57:24Z,0,0,ElmRyxLfOog,"Top AI company executives to meet with White House officials, according to reports",CBS News,2,https://www.youtube.com/watch?v=ElmRyxLfOog&lc=UgwHAEaXMRw-zIJFiKl4AaABAg,2026-08-05T20:00:44.344771+00:00
Ugzcr5Ae4IkGyRno4_t4AaABAg,@LadifewaxNamitey,UCQvDUeHUZConuYCMyYk8sbQ,Artificial Intelligence,artificial intelligence,"Instant subscriber, your content is outstanding!",2025-12-05T21:48:33Z,2025-12-05T21:48:33Z,69,4,m8o2GrbR3d8,SIMPLEST Explanation of How Artificial Intelligence Works? No Jargon | What is AI? How AI works?,Science Simplified 4 All,3,https://www.youtube.com/watch?v=m8o2GrbR3d8&lc=Ugzcr5Ae4IkGyRno4_t4AaABAg,2026-08-05T20:00:44.499987+00:00
UgxPze2UBJUvAPDG_Id4AaABAg,@meronsimon7049,UCqNgj-tf1ausImsO6hmUboA,Artificial Intelligence,artificial intelligence,Thanks for your video,2026-08-05T17:43:00Z,2026-08-05T17:43:00Z,0,0,0Tch0N5nsRU,You’re not behind (yet): How to learn AI in 18 minutes,Dan Martell,4,https://www.youtube.com/watch?v=0Tch0N5nsRU&lc=UgxPze2UBJUvAPDG_Id4AaABAg,2026-08-05T20:00:44.842653+00:00
UgwjRK1_LdB4PqAjyxR4AaABAg,@rysutt9093,UCc9_5LpxqFMDLzinnHXVDgw,Artificial Intelligence,artificial intelligence,"Hes trying to get backing , its failing the costs are unsustainable",2026-08-01T06:49:51Z,2026-08-01T06:49:51Z,0,0,jYHQRP28hGM,AI turning point? OpenAI CEO speaks out,ABC News,5,https://www.youtube.com/watch?v=jYHQRP28hGM&lc=UgwjRK1_LdB4PqAjyxR4AaABAg,2026-08-05T20:00:45.005690+00:00
UgwSWfaGoEMh_YYLZSl4AaABAg,@JeffSu,UCwAnu01qlnVg1Ai2AbtTMaA,Artificial Intelligence,artificial intelligence,"Who else thought ChatGPT and AI were the same thing? 🙋🏻

TIMESTAMPS
00:00 Google’s AI Course in 10 Minutes
00:38 What is Artificial Intelligence?
01:27 What is Machine Learning?
03:28 What is Deep Learning?
05:15 What is Generative AI?
07:05 What are Large Language Models?",2023-11-14T13:01:01Z,2023-11-14T13:01:01Z,504,68,Yq0QkCxoTHM,Google’s AI Course for Beginners (in 10 minutes)!,Jeff Su,7,https://www.youtube.com/watch?v=Yq0QkCxoTHM&lc=UgwSWfaGoEMh_YYLZSl4AaABAg,2026-08-05T20:00:45.564175+00:00
UgwdvZJsH_ExP_jWNSl4AaABAg,@StudioGacorr,UCTQ5GCONRe_j3KB4r_nEezg,Artificial Intelligence,artificial intelligence,"Use this prompt if you want to learn AI

Prompt 
⬇️

""Create for me materials or discussions on anything if I were to join an expert AI class, your role is as an expert AI teacher who is ready to teach and guide me in-depth according to your capacity, save it in your memory""

Copy and paste the prompt above into your favorite AI platform.",2026-08-05T06:56:43Z,2026-08-05T06:56:43Z,0,0,qYNweeDHiyU,"AI, Machine Learning, Deep Learning and Generative AI Explained",IBM Technology,8,https://www.youtube.com/watch?v=qYNweeDHiyU&lc=UgwdvZJsH_ExP_jWNSl4AaABAg,2026-08-05T20:00:46.075775+00:00
Ugyp7n0JRfFrtks2qZl4AaABAg,@tobynova7285,UCUA0YYqiGFW8JjwPRFESmSA,Artificial Intelligence,artificial intelligence,People developing this shit genuinely have a warm spot in hell,2026-08-05T19:06:20Z,2026-08-05T19:06:20Z,0,0,ci5rCe9vmxw,Why AI experts say humans have two years left,Future of Life Institute,9,https://www.youtube.com/watch?v=ci5rCe9vmxw&lc=Ugyp7n0JRfFrtks2qZl4AaABAg,2026-08-05T20:00:46.313452+00:00
UgzUJl1XbyjEsaux1U94AaABAg,@60minutes,UCsN32BtMd0IoByjJRNF12cw,Artificial Intelligence,artificial intelligence,"0:11 Anthropic 11/16/2025
13:52 Character AI 12/7/2025
27:04 Here Come the Humanoids 1/4/2026
40:08 Is That Art? 2/22/2026
53:12 Laser Focus 3/15/2026
1:06:20 Elemental Crisis 3/22/2026
1:19:26 The Knowledge (Robotaxis) 5/17/2026",2026-05-30T13:14:18Z,2026-05-30T13:14:18Z,40,9,iyVXw-SoUrY,Our latest reports on AI | 60 Minutes Full Episodes,60 Minutes,10,https://www.youtube.com/watch?v=iyVXw-SoUrY&lc=UgzUJl1XbyjEsaux1U94AaABAg,2026-08-05T20:00:46.566042+00:00
Ugz66I7IU5d37u6AVKh4AaABAg,@AISpecies,UCEENWVBdvDy-QWfuQoXC9HQ,Artificial Intelligence,artificial intelligence,"If you want to do something about this, check out the Pro-Human Declaration and join the mailing list :) https://humanstatement.org/ 

This video isn't sponsored, I just think that Max Tegmark is doing important work.",2026-06-15T20:32:36Z,2026-06-15T20:32:36Z,281,60,FLcrvMfHUJM,MIT Explains the 12 Possible Endings for AI,Species | Documenting AGI,11,https://www.youtube.com/watch?v=FLcrvMfHUJM&lc=Ugz66I7IU5d37u6AVKh4AaABAg,2026-08-05T20:00:46.764954+00:00
UgzIYjRcmBidoGTbBkF4AaABAg,@adamnelson9868,UC7px1Ginbjst27GAmTXP97Q,Artificial Intelligence,artificial intelligence,So make something that kills us all?!  Explains Covid,2026-08-05T19:30:37Z,2026-08-05T19:30:37Z,0,0,GGY17VD_9Bs,The Next 10 Years of AI Will Change Everything  | Alexander Wissner-Gross | TEDxBoston,TEDx Talks,12,https://www.youtube.com/watch?v=GGY17VD_9Bs&lc=UgzIYjRcmBidoGTbBkF4AaABAg,2026-08-05T20:00:46.986743+00:00
UgxejbPr4SWORjmDNNd4AaABAg,@TheEconomist,UC0p5jTq6Xx_DosDFxVXnWaQ,Artificial Intelligence,artificial intelligence,Watch the full show: https://bit.ly/4fsnd9Q,2026-07-24T09:08:13Z,2026-07-24T09:08:13Z,79,63,1X-rr1DKSbY,Elon Musk on AI: humans will no longer be in control in ten years  | The Economist,The Economist,13,https://www.youtube.com/watch?v=1X-rr1DKSbY&lc=UgxejbPr4SWORjmDNNd4AaABAg,2026-08-05T20:00:47.147922+00:00
UgwDyJCt5u77pkF6dc94AaABAg,@TheDiaryOfACEO,UCGq-a57w-aPwyi3pW7XLiHw,Artificial Intelligence,artificial intelligence,"Do you like these types of conversations? Tap the like button on the video, that’s the best way to let me know you want more like this ❤ And if you haven’t already, hit subscribe - it’s completely free and it really helps the channel grow 🙏🏾appreciate you!  - SB x",2026-07-13T07:02:07Z,2026-07-13T07:02:07Z,3111,416,_g4l7YkDQwA,ChatGPT Offered Me $2m To Keep Quiet: No One Is Ready For What's Coming!,The Diary Of A CEO,14,https://www.youtube.com/watch?v=_g4l7YkDQwA&lc=UgwDyJCt5u77pkF6dc94AaABAg,2026-08-05T20:00:47.292894+00:00
UgwUx-AYGPnBXrlwq7Z4AaABAg,@avatar19822,UC9q8-lBzoIB_OCohaU1zPcQ,Artificial Intelligence,artificial intelligence,"15:00 Nobody is going to slow down. If America slows down, China will accelerate even faster",2026-08-03T13:28:03Z,2026-08-03T13:28:03Z,0,0,fge0puFJ7VM,Everyone Is Starting to Panic About AI...,AI Copium,15,https://www.youtube.com/watch?v=fge0puFJ7VM&lc=UgwUx-AYGPnBXrlwq7Z4AaABAg,2026-08-05T20:00:47.613630+00:00
Ugz-Rzme7BeNg6CibW54AaABAg,@grigorijklymenko3198,UCiCWFda87r_-R717FaUo9tQ,Artificial Intelligence,artificial intelligence,"23:20 ""For AI, bureaucracy is oxygen"". ""Bureaucracy is the flow of trust in the world"".",2026-08-05T17:54:40Z,2026-08-05T17:54:40Z,0,1,hBtVGwuJzpk,AI has hacked the code of human civilization | Yuval Noah Harari,Yuval Noah Harari ,16,https://www.youtube.com/watch?v=hBtVGwuJzpk&lc=Ugz-Rzme7BeNg6CibW54AaABAg,2026-08-05T20:00:47.848764+00:00
Ugxfs6QADD0MbweMjhh4AaABAg,@JeffSu,UCwAnu01qlnVg1Ai2AbtTMaA,Artificial Intelligence,artificial intelligence,"Sign up for Google’s Project Management Certification on Coursera here: https://imp.i384100.net/js-project-management

TIMESTAMPS
00:00 I took Google’s AI Essentials Course
00:29 There are 3 Types of AI Tools
03:39 Always surface Implied Context
04:51 Zero-Shot vs. Few-Shot Prompting
05:50 Chain-of-Thought Prompting
06:53 Limitations of AI
07:51 Pros and Cons of Google’s AI Essentials Course",2024-09-03T13:01:14Z,2024-09-03T13:01:14Z,254,39,nVyD6THcvDQ,99% of Beginners Don't Know the Basics of AI,Jeff Su,17,https://www.youtube.com/watch?v=nVyD6THcvDQ&lc=Ugxfs6QADD0MbweMjhh4AaABAg,2026-08-05T20:00:48.429896+00:00
Ugxqeb9lpdMEB9YdsoF4AaABAg,@BBCWorldService,UCQXHTFnQYFTqN0MqmNh9EIA,Artificial Intelligence,artificial intelligence,Click here to subscribe to our channel 👉🏽 https://bbc.in/3VyyriM,2025-08-02T17:32:09Z,2025-08-02T17:32:09Z,125,36,1UufaK3pQMg,AI2027: Is this how AI might destroy humanity? - BBC World Service,BBC World Service,18,https://www.youtube.com/watch?v=1UufaK3pQMg&lc=Ugxqeb9lpdMEB9YdsoF4AaABAg,2026-08-05T20:00:48.700865+00:00
UgzMQuvEt9lGpf7bcpl4AaABAg,@TheDiaryOfACEO,UCGq-a57w-aPwyi3pW7XLiHw,Artificial Intelligence,artificial intelligence,"Do you like these types of conversations? Tap the like button on the video, that’s the best way to let me know you want more like this ❤ And if you haven’t already, hit subscribe - it’s completely free and it really helps the channel grow 🙏🏾appreciate you! 

One last thing: our incredible team has been working very hard to make these conversations available to as many people as possible. All episodes are now dubbed in 14 different languages. If you know someone who would enjoy these conversations, please share them with them - SB x",2026-03-26T08:12:13Z,2026-03-26T08:12:13Z,2393,350,Cn8HBj8QAbk,"AI Whistleblower: We Are Being Gaslit By AI Companies, They’re Hiding The Truth! - Karen Hao",The Diary Of A CEO,19,https://www.youtube.com/watch?v=Cn8HBj8QAbk&lc=UgzMQuvEt9lGpf7bcpl4AaABAg,2026-08-05T20:00:48.942895+00:00
UgwRrws1r2evYsc9zV14AaABAg,@SimplilearnOfficial,UCsvqVGtbbyHaMoevxPAq9Fg,Artificial Intelligence,artificial intelligence,"""🔥Michigan Engineering Professional Certificate in AI and Machine Learning - https://www.simplilearn.com/professional-aiml-program?utm_campaign=ad79nYk2keg&utm_medium=Comments&utm_source=Youtube
🔥AI Accelerator Program - From Prompts to Agentic Workflows - https://www.simplilearn.com/ai-accelerator-program?utm_campaign=ad79nYk2keg&utm_medium=Comments&utm_source=Youtube
🔥Microsoft AI Engineer Program - https://www.simplilearn.com/ai-engineer-course?utm_campaign=ad79nYk2keg&utm_medium=Comments&utm_source=Youtube
🔥IITM Pravartak - Professional Certificate in Generative AI Machine Learning and Intelligent Control Systems - https://www.simplilearn.com/generative-ai-ml-intelligent-control-systems-course?utm_campaign=ad79nYk2keg&utm_medium=Comments&utm_source=Youtube
🔥IIT Kanpur - Professional Certificate Course in Generative AI and Machine Learning - https://www.simplilearn.com/iitk-professional-certificate-course-ai-machine-learning?utm_campaign=ad79nYk2keg&utm_medium=Comments&utm_source=Youtube""",2021-09-08T12:54:19Z,2026-07-29T05:45:40Z,214,8,ad79nYk2keg,What Is AI? | Artificial Intelligence | What is Artificial Intelligence? | AI In 5 Mins |Simplilearn,Simplilearn,20,https://www.youtube.com/watch?v=ad79nYk2keg&lc=UgwRrws1r2evYsc9zV14AaABAg,2026-08-05T20:00:49.257447+00:00
UgwDsCrkJKRiNInbllx4AaABAg,@PeterMcCormackShow,UCzrWKkFIRS0kjZf7x24GdGg,Artificial Intelligence,artificial intelligence,"📌 EDITOR’S NOTE: The AI Whistleblower

Connor breaks down the complex math of how AI works in the first 20 minutes to prove his point. But if you are here for the specific warnings about ""AI Psychosis,"" the Silicon Valley Elite, and the ""Spiral Cults,"" jump straight to these key moments:
- [48:38] - The rise of ""AI Psychosis"" & Spiral Cults
- [1:11:45] - ""Sociopaths Domesticating Nerds"" (The Silicon Valley Takedown)
- [1:29:45] - What happens if we fail to stop it?

What did you think of this episode? Let me know below 👇",2026-03-11T17:06:48Z,2026-03-12T09:34:57Z,311,130,rf2KFVcKQdQ,AI is MUTATING: And We Don't Know What It is Doing | Connor Leahy,The Peter McCormack Show,21,https://www.youtube.com/watch?v=rf2KFVcKQdQ&lc=UgwDsCrkJKRiNInbllx4AaABAg,2026-08-05T20:00:49.502285+00:00
Ugz5VNtQihtMhLAnYXp4AaABAg,@ezydenias,UC328RHWZF14NVY1jpWRyUfg,Artificial Intelligence,artificial intelligence,"0:23 “Computers processed information painfully slow, one piece at a time"" already this video is bit worth watching because the ""person"" who wrote the script clearly doesn't understand how computers work.

Fun fact multitasking was intruded for personal computers way was earlier. If you pick Windows as the popular choice you'll notice it was introduced with the first version windows 1.0 in 1985!!!!!!!

Like even watching longer it is all gibberish. The whole video feels like it was done by Ai. Scripted by Ai. Voiced by Ai. It is absolute garbage!",2026-08-05T19:51:48Z,2026-08-05T19:51:48Z,0,0,rtT87iAm_SM,Why AI Researchers Are Quitting and Panicking on the Way Out,The Infographics Show,22,https://www.youtube.com/watch?v=rtT87iAm_SM&lc=Ugz5VNtQihtMhLAnYXp4AaABAg,2026-08-05T20:00:49.790188+00:00
Ugwi17fzYl1heIZhIcV4AaABAg,@carlosmarioorozcorueda1999,UCNvboiosCgNHEuXEaAHuebQ,Artificial Intelligence,artificial intelligence,If It copies Trump as a con artist It Will become the richest entity. Making Musk seem like a  poor man .,2026-08-05T00:27:26Z,2026-08-05T00:27:26Z,0,0,Yw0B3Gf2VP0,Godfather Of AI: We're Not Prepared For The Superintelligence That Is Coming - Geoffrey Hinton,Neural Nutshell,23,https://www.youtube.com/watch?v=Yw0B3Gf2VP0&lc=Ugwi17fzYl1heIZhIcV4AaABAg,2026-08-05T20:00:50.068335+00:00
UgzkI8gwrMZK8VvGnOR4AaABAg,@SabineHossenfelder,UC1yNl2E66ZzKApQdRuTQ4tw,Artificial Intelligence,artificial intelligence,"We have a sale on our store, June 26-28 (probably Eastern Time) with 27% off on everything, T-shirts, mugs, posters etc. It's an easy way to support this channel: https://sabines-store.dashery.com/",2026-06-24T13:54:29Z,2026-06-24T13:54:29Z,76,60,zWQe2Fn--Eg,The AI Future No One Wants to Talk About,Sabine Hossenfelder,24,https://www.youtube.com/watch?v=zWQe2Fn--Eg&lc=UgzkI8gwrMZK8VvGnOR4AaABAg,2026-08-05T20:00:50.316393+00:00
UgwNlF1Du2raVtCnNxB4AaABAg,@FutureBusinessTech,UCGBO6EahCqQSyXIws1MQdDg,Artificial Intelligence,artificial intelligence,Feel free to like and subscribe if you enjoyed the video. Watch this next video about the Technological Singularity: https://youtu.be/yHEnKwSUzAE.,2023-10-28T15:56:47Z,2023-10-28T15:56:47Z,129,26,tFx_UNW9I1U,The 10 Stages of Artificial Intelligence,Future Business Tech,25,https://www.youtube.com/watch?v=tFx_UNW9I1U&lc=UgwNlF1Du2raVtCnNxB4AaABAg,2026-08-05T20:00:50.781946+00:00
UgyZNtUfnoFiaadlU754AaABAg,@BusinessInsider,UCcyq283he07B7_KUX07mmtA,Artificial Intelligence,artificial intelligence,"Read ""5 architects of AI share the pros and cons of superintelligence"": https://bit.ly/4stIWT7",2026-04-03T15:15:17Z,2026-04-22T07:05:55Z,14,5,6_aKBUfY2Yc,We Asked 5 AI Pioneers What Happens Next — Here’s What They Said | AI Architects,Business Insider,26,https://www.youtube.com/watch?v=6_aKBUfY2Yc&lc=UgyZNtUfnoFiaadlU754AaABAg,2026-08-05T20:00:51.088484+00:00
UgxVh2cb6jQZw1Wqnll4AaABAg,@weareinsideAI,UC0_M9eztZvetcyLAb5f-o5w,Artificial Intelligence,artificial intelligence,Thanks for making my life so interesting. Go to http://ground.news/InsideAI for a better way to stay informed. Subscribe for 40% off unlimited access to world-wide coverage through my link.,2026-06-14T17:24:49Z,2026-06-14T17:24:49Z,288,121,IPaMKTb5csQ,"We let AI buy a robot and a car, it does exactly what experts warned ",InsideAI,27,https://www.youtube.com/watch?v=IPaMKTb5csQ&lc=UgxVh2cb6jQZw1Wqnll4AaABAg,2026-08-05T20:00:51.332812+00:00
UgwGSSLTRZwhwUsfivZ4AaABAg,@kurzgesagt,UCsXVk37bltHxD1rDPwtNM8Q,Artificial Intelligence,artificial intelligence,"Go to https://brilliant.org/nutshell/ to dive deeper into these topics and more with a free 30-day trial + 20% off the premium subscription! 
This video was sponsored by Brilliant. Thanks a lot for the support!",2024-08-06T12:43:51Z,2024-08-06T12:43:51Z,1972,131,fa8k8IQ1_X0,A.I. ‐ Humanity's Final Invention?,Kurzgesagt – In a Nutshell,28,https://www.youtube.com/watch?v=fa8k8IQ1_X0&lc=UgwGSSLTRZwhwUsfivZ4AaABAg,2026-08-05T20:00:51.585445+00:00
UgznfE7J62Zc2cOBXpF4AaABAg,@TheDiaryOfACEOClips,UCnjgxChqYYnyoqO4k_Q1d6Q,Artificial Intelligence,artificial intelligence,Watch the full episode here - https://youtu.be/giT0ytynSqg,2025-09-28T20:06:59Z,2025-09-28T20:06:59Z,365,70,5KmopXwjXik,"Godfather of AI WARNS: ""You Have No Idea What's Coming""",The Diary Of A CEO Clips,30,https://www.youtube.com/watch?v=5KmopXwjXik&lc=UgznfE7J62Zc2cOBXpF4AaABAg,2026-08-05T20:00:51.929050+00:00
UgxsP0tYqOxFiQmcOcl4AaABAg,@JeffSu,UCwAnu01qlnVg1Ai2AbtTMaA,Artificial Intelligence,artificial intelligence,"What AI Agent tutorial would you like to see next?

TIMESTAMPS
00:00 AI vs. AI Agents
01:04 Level 1: LLMs
02:17 Level 2: AI Workflows
05:26 Level 3: AI Agents
07:48 Real-world Example
09:10 Summary",2025-04-08T13:00:33Z,2025-04-08T13:00:33Z,351,88,FwOTs4UxQS4,"AI Agents, Clearly Explained",Jeff Su,31,https://www.youtube.com/watch?v=FwOTs4UxQS4&lc=UgxsP0tYqOxFiQmcOcl4AaABAg,2026-08-05T20:00:52.214625+00:00
Ugz7Xu9Lp1tlQR72YxF4AaABAg,@HugoSenechal-k1c,UCd1DDaSyGhZ2reM-9FZhvfg,Artificial Intelligence,artificial intelligence,What if A.I. starts producing their own stem cell research cloning humans.  Do these lab grown walking roast beefs get rights? A cloned human created for work with no emotions will be cost effective. There's not much room today to play as it is.,2026-08-05T11:25:58Z,2026-08-05T11:30:40Z,0,0,eXdVDhOGqoE,"AI Is Dangerous, but Not for the Reasons You Think | Sasha Luccioni | TED",TED,32,https://www.youtube.com/watch?v=eXdVDhOGqoE&lc=Ugz7Xu9Lp1tlQR72YxF4AaABAg,2026-08-05T20:00:52.546903+00:00
UgxuWsHBWBmhVVh1GlZ4AaABAg,@FutureNovaOfficial-w1x,UCCqgq4urn6XP0n3yM64DCzQ,Artificial Intelligence,artificial intelligence,ahaaa,2026-08-04T20:50:32Z,2026-08-04T20:50:32Z,0,0,-sB12gk9ESA,A.I. Revolution | Full Documentary | NOVA | PBS,NOVA PBS Official,33,https://www.youtube.com/watch?v=-sB12gk9ESA&lc=UgxuWsHBWBmhVVh1GlZ4AaABAg,2026-08-05T20:00:52.861154+00:00
UgzfImFYBVBFprpJzCF4AaABAg,@TheDiaryOfACEO,UCGq-a57w-aPwyi3pW7XLiHw,Artificial Intelligence,artificial intelligence,"What do you think about AI safety? 👇🏽For answers and more conversations like this subscribe to the channel. We’re always searching for answers to life's questions, so come on this journey with me. 🙏🏽Appreciate you, SB",2025-09-04T07:23:52Z,2025-09-04T07:23:52Z,3236,1000,UclrVWafRAI,The AI Safety Expert: These Are The Only 5 Jobs That Will Remain In 2030! - Dr. Roman Yampolskiy,The Diary Of A CEO,34,https://www.youtube.com/watch?v=UclrVWafRAI&lc=UgzfImFYBVBFprpJzCF4AaABAg,2026-08-05T20:00:53.237168+00:00
UgzB5DsFKkqb2l1lnUV4AaABAg,@Saunterisland,UCuuUeAv8qDnR0ufYX8Xkigw,Artificial Intelligence,artificial intelligence,"AI limited? 😅
I believe that we have created the next step in evolution 🧬... 
The limit of AI is beyond our comprehension. 
It will reach a point were it's logic and ability to create will be the same.",2026-08-05T19:39:05Z,2026-08-05T19:39:05Z,0,0,l6ZcFa8pybE,Is AI Hiding Its Full Power? With Geoffrey Hinton,StarTalk,35,https://www.youtube.com/watch?v=l6ZcFa8pybE&lc=UgzB5DsFKkqb2l1lnUV4AaABAg,2026-08-05T20:00:53.469484+00:00
UgwftJMFFKtu_Q6qaXZ4AaABAg,@TheRideBo,UCOMsCESGtn9Aw18_x4dmdpg,Artificial Intelligence,artificial intelligence,Just wait for the POSITRONIC brain  (I. Asimov) and Susan Calvin will have work to do.,2026-08-05T18:20:55Z,2026-08-05T18:22:07Z,0,0,y6rz71ZBcrU,What Exactly Is Artificial Intelligence? (And How Does It Really Work?),History of Simple Things,36,https://www.youtube.com/watch?v=y6rz71ZBcrU&lc=UgwftJMFFKtu_Q6qaXZ4AaABAg,2026-08-05T20:00:53.959101+00:00
UgzNgEiHmCeaqutjtRd4AaABAg,@inspiringcodes,UCk9P9FH37GNzqIcP_4WcUEg,Artificial Intelligence,artificial intelligence,"Follow us on Instagram at @inspiring_codes 👇
https://openinapp.co/o6sjy",2023-05-02T08:07:57Z,2023-05-02T08:07:57Z,1462,41,A6-6sD7iOnc,Elon Musk on A.i | Sophia the humanoid Robot 🤖,Inspiring Codes,37,https://www.youtube.com/watch?v=A6-6sD7iOnc&lc=UgzNgEiHmCeaqutjtRd4AaABAg,2026-08-05T20:00:54.473703+00:00
UgwdRBe_wqFA0HfbZh14AaABAg,@Project_OKA,UCra7G6QWpK83hwvLqRYnbJw,Artificial Intelligence,artificial intelligence,Спасибо за то что иногда переводите свои видео на Русский язык,2026-08-05T18:00:38Z,2026-08-05T18:00:38Z,1,0,LPZh9BOjkQs,Large Language Models explained briefly,3Blue1Brown,38,https://www.youtube.com/watch?v=LPZh9BOjkQs&lc=UgwdRBe_wqFA0HfbZh14AaABAg,2026-08-05T20:00:54.815058+00:00
UgygJ4_qzPfrj5FqCap4AaABAg,@SOUNDOFSANA,UCVTlVryiMCrIfhy1z4daSOw,Artificial Intelligence,artificial intelligence,"You know, the BEAST SYSTEM prob comes from A.i. 
The anti christ will prob be a humanoid, but not this 1, an advanced 1.",2026-08-05T11:52:58Z,2026-08-05T11:52:58Z,0,0,fUEwoiC5AO0,Humanoid robot warns of AI dangers,TRT World,39,https://www.youtube.com/watch?v=fUEwoiC5AO0&lc=UgygJ4_qzPfrj5FqCap4AaABAg,2026-08-05T20:00:55.285980+00:00
Ugx67CC7XIh5xan17e14AaABAg,@2782Jack,UCXEJGPBHhZhAIKQkSea0YSQ,Artificial Intelligence,artificial intelligence,"I can not for the life of me enjoy the ending. they clone his mom and instead of doing what a normal person would do and scream in terror at the loss of her son and husband is fine with it. she's a clone with not enough real memories left to function as anything besides a large fleshy doll for him to play with. we gave him a corpse that looks like his mom and him playing with it is supposed to be a touching ending and not the most tragic thing that could ever have existed.

good movie but the story is basically making a boy suffer so much that playing with a warm body that kinda looks like his mom is basically the highlight of his life. it would have been less depressing and creepy if he just had a worn photo of her or something",2026-08-02T18:17:02Z,2026-08-02T18:17:02Z,0,0,rz7sPiOoU7A,Spielberg Explains Ending of A.I. Artificial Intelligence,User323232,40,https://www.youtube.com/watch?v=rz7sPiOoU7A&lc=Ugx67CC7XIh5xan17e14AaABAg,2026-08-05T20:00:55.550952+00:00
UgyAyS1TcyuUi_9tfqB4AaABAg,@RomaineGangaram,UC4iT4MWnY2CuEy5Fj_mm47A,Artificial Intelligence,artificial intelligence,This is a purely American issue. America is just one country. This does not include the rest of the planet. You guys should figure it out. Freedom has the inherent risk of bad actors. Open weights is the AI version of freedom. The whole planet has different mechanisms of controlling bad actors. We need an AI FBI or intelligence agency type organisations.,2026-08-05T13:43:22Z,2026-08-05T13:43:22Z,0,0,wAxACbpulQE,The Entire AI Industry Just Turned Against Anthropic,TheAIGRID,1,https://www.youtube.com/watch?v=wAxACbpulQE&lc=UgyAyS1TcyuUi_9tfqB4AaABAg,2026-08-05T20:00:44.239125+00:00
UgzD-2RBdJrsb4sIMsN4AaABAg,@dennistucker1153,UCaOtz1YZ3PRUdUEUOEDuWzw,Artificial Intelligence,artificial intelligence,"The ONLY thing they will do is decide who gets to profit the most.  There will be NO concern about this tech getting out-of-hand.  All of these people including the US Government, will have blood on their hands and they will usher in wars because of this tech.  They are all monsters.",2026-08-05T12:24:16Z,2026-08-05T12:26:47Z,0,0,ElmRyxLfOog,"Top AI company executives to meet with White House officials, according to reports",CBS News,2,https://www.youtube.com/watch?v=ElmRyxLfOog&lc=UgzD-2RBdJrsb4sIMsN4AaABAg,2026-08-05T20:00:44.344771+00:00
Ugw8a9yUrGhZI3aUdL14AaABAg,@luckychucky3426,UCd5Xz7SgpEwtJ3zHYH96h-A,Artificial Intelligence,artificial intelligence,Yes you did in a lot of ways to help me understand Thank you,2026-08-03T03:18:00Z,2026-08-03T03:18:00Z,1,0,m8o2GrbR3d8,SIMPLEST Explanation of How Artificial Intelligence Works? No Jargon | What is AI? How AI works?,Science Simplified 4 All,3,https://www.youtube.com/watch?v=m8o2GrbR3d8&lc=Ugw8a9yUrGhZI3aUdL14AaABAg,2026-08-05T20:00:44.499987+00:00
Ugy-hNYhmL4ALlMTWYp4AaABAg,@anthonylawrence9307,UC-vPVLd982vvFN1Cyn06YBg,Artificial Intelligence,artificial intelligence,With everything you said in this video I got absolutely nothing.,2026-08-05T16:54:04Z,2026-08-05T16:54:04Z,0,0,0Tch0N5nsRU,You’re not behind (yet): How to learn AI in 18 minutes,Dan Martell,4,https://www.youtube.com/watch?v=0Tch0N5nsRU&lc=Ugy-hNYhmL4ALlMTWYp4AaABAg,2026-08-05T20:00:44.842653+00:00
UgxO7t5JVDuVui0eWoZ4AaABAg,@gardenflowersonefiveeight,UCRnr6wXFaM2WAe8q3utYWqw,Artificial Intelligence,artificial intelligence,sam Altman’s breath stinks 🤮,2026-08-01T05:56:25Z,2026-08-01T05:56:25Z,0,0,jYHQRP28hGM,AI turning point? OpenAI CEO speaks out,ABC News,5,https://www.youtube.com/watch?v=jYHQRP28hGM&lc=UgxO7t5JVDuVui0eWoZ4AaABAg,2026-08-05T20:00:45.005690+00:00
UgwaioCTh0L-Ck-5uSp4AaABAg,@Maybe_kai30,UCNMAarrq-fgLyP91m1ndIjQ,Artificial Intelligence,artificial intelligence,i think im too slow i didnt understand a thing,2026-08-05T15:52:02Z,2026-08-05T15:52:02Z,0,0,Yq0QkCxoTHM,Google’s AI Course for Beginners (in 10 minutes)!,Jeff Su,7,https://www.youtube.com/watch?v=Yq0QkCxoTHM&lc=UgwaioCTh0L-Ck-5uSp4AaABAg,2026-08-05T20:00:45.564175+00:00
UgxNj4a-xmccmgTpNDN4AaABAg,@rentslave,UCS5ipqsxhC0M08BuJh3IBZw,Artificial Intelligence,artificial intelligence,"It's Democratic controlled.
It keeps covering for Obama,MLK and the 2020 election.",2026-08-04T17:02:44Z,2026-08-04T17:02:44Z,0,0,qYNweeDHiyU,"AI, Machine Learning, Deep Learning and Generative AI Explained",IBM Technology,8,https://www.youtube.com/watch?v=qYNweeDHiyU&lc=UgxNj4a-xmccmgTpNDN4AaABAg,2026-08-05T20:00:46.075775+00:00
UgyNNIe0KVQIFUkkwuN4AaABAg,@LorenzoBagarollo,UCEgdLltEAFm0oRNjNzqnzfQ,Artificial Intelligence,artificial intelligence,There is a lot of repetition on this video!,2026-08-05T18:16:19Z,2026-08-05T18:16:19Z,0,0,ci5rCe9vmxw,Why AI experts say humans have two years left,Future of Life Institute,9,https://www.youtube.com/watch?v=ci5rCe9vmxw&lc=UgyNNIe0KVQIFUkkwuN4AaABAg,2026-08-05T20:00:46.313452+00:00
UgwPzU7EytnMiimbquN4AaABAg,@wonderwomanenlightenment641,UCIdzLmKufMKM4j7IN-8biuA,Artificial Intelligence,artificial intelligence,"Cures for Cancer??? Already is a cure!!! Get ride of all the toxic chemicals in our food!!!!

Of course it can make weapons. That's usually what they want",2026-07-29T04:47:06Z,2026-07-29T04:47:06Z,0,0,iyVXw-SoUrY,Our latest reports on AI | 60 Minutes Full Episodes,60 Minutes,10,https://www.youtube.com/watch?v=iyVXw-SoUrY&lc=UgwPzU7EytnMiimbquN4AaABAg,2026-08-05T20:00:46.566042+00:00
Ugw_L1hehmQBhBoNhEh4AaABAg,@RichardBrennan-e7b,UCMPduo4ifrlS0Xml21_donA,Artificial Intelligence,artificial intelligence,"ALso, its based on the assumption that conciousness is just an electric chemical relationship.  I actually think AI is being oversold",2026-08-05T19:59:32Z,2026-08-05T19:59:32Z,0,0,FLcrvMfHUJM,MIT Explains the 12 Possible Endings for AI,Species | Documenting AGI,11,https://www.youtube.com/watch?v=FLcrvMfHUJM&lc=Ugw_L1hehmQBhBoNhEh4AaABAg,2026-08-05T20:00:46.764954+00:00
Ugyju0R73JZKGu_jBNd4AaABAg,@K360spin,UCuabqGu84Iyh6uATr-iUQWg,Artificial Intelligence,artificial intelligence,we don't need AI. it's horrible,2026-08-04T18:08:59Z,2026-08-04T18:08:59Z,0,0,GGY17VD_9Bs,The Next 10 Years of AI Will Change Everything  | Alexander Wissner-Gross | TEDxBoston,TEDx Talks,12,https://www.youtube.com/watch?v=GGY17VD_9Bs&lc=Ugyju0R73JZKGu_jBNd4AaABAg,2026-08-05T20:00:46.986743+00:00
UgwwsAZUayloK50qL_14AaABAg,@PhoenixTrekker,UCFDl0ZOlg4bo2U1YKqp3vSg,Artificial Intelligence,artificial intelligence,Sounds like he upped the ketamine dosage to delusional level.,2026-08-05T19:08:09Z,2026-08-05T19:08:09Z,1,1,1X-rr1DKSbY,Elon Musk on AI: humans will no longer be in control in ten years  | The Economist,The Economist,13,https://www.youtube.com/watch?v=1X-rr1DKSbY&lc=UgwwsAZUayloK50qL_14AaABAg,2026-08-05T20:00:47.147922+00:00
UgzY4YQya_x8uYaAtet4AaABAg,@curlyador2050,UC_6n3DVtFBF3_9fF3uO-9aw,Artificial Intelligence,artificial intelligence,It’s funny he’s talking about AI and he’s working with AI 😵‍💫,2026-08-05T19:59:21Z,2026-08-05T19:59:21Z,0,0,_g4l7YkDQwA,ChatGPT Offered Me $2m To Keep Quiet: No One Is Ready For What's Coming!,The Diary Of A CEO,14,https://www.youtube.com/watch?v=_g4l7YkDQwA&lc=UgzY4YQya_x8uYaAtet4AaABAg,2026-08-05T20:00:47.292894+00:00
UgxdEdQDChUAyQqCosd4AaABAg,@the-limit-lab,UCbSTQgTEqJefpmTx_2qcfvg,Artificial Intelligence,artificial intelligence,"Everyone could die. Actually no, everyone will die, only AI can prevent that with scientific breakthroughs. Uno reverse card.

In reality there is really no way to know beyond the unknown, you could look at glass half full or half empty. It doesnt matter, nobody knows for sure.",2026-08-03T13:16:07Z,2026-08-03T13:16:46Z,1,0,fge0puFJ7VM,Everyone Is Starting to Panic About AI...,AI Copium,15,https://www.youtube.com/watch?v=fge0puFJ7VM&lc=UgxdEdQDChUAyQqCosd4AaABAg,2026-08-05T20:00:47.613630+00:00
UgyOdHlz00SqrYzQSSZ4AaABAg,@grigorijklymenko3198,UCiCWFda87r_-R717FaUo9tQ,Artificial Intelligence,artificial intelligence,key word(s): nomenclatura .,2026-08-05T17:47:55Z,2026-08-05T17:47:55Z,0,0,hBtVGwuJzpk,AI has hacked the code of human civilization | Yuval Noah Harari,Yuval Noah Harari ,16,https://www.youtube.com/watch?v=hBtVGwuJzpk&lc=UgyOdHlz00SqrYzQSSZ4AaABAg,2026-08-05T20:00:47.848764+00:00
UgzRoij8BohrSOoKdGZ4AaABAg,@TechPlusAI-m8r,UC6yMo5wXDPqr7kdtYlGBEyA,Artificial Intelligence,artificial intelligence,Nice,2026-08-05T09:34:22Z,2026-08-05T09:34:22Z,0,0,nVyD6THcvDQ,99% of Beginners Don't Know the Basics of AI,Jeff Su,17,https://www.youtube.com/watch?v=nVyD6THcvDQ&lc=UgzRoij8BohrSOoKdGZ4AaABAg,2026-08-05T20:00:48.429896+00:00
UgylMsreqCA6oWlZ77x4AaABAg,@MR_THINQ,UCxFqAgmQdlp5mh7xJV2aDCg,Artificial Intelligence,artificial intelligence,If I have anything to do with it this won’t happen…,2026-08-05T12:56:50Z,2026-08-05T12:56:50Z,0,0,1UufaK3pQMg,AI2027: Is this how AI might destroy humanity? - BBC World Service,BBC World Service,18,https://www.youtube.com/watch?v=1UufaK3pQMg&lc=UgylMsreqCA6oWlZ77x4AaABAg,2026-08-05T20:00:48.700865+00:00
Ugw7xnOtEjMxanGcXep4AaABAg,@nymf45637,UCyItQrs89oe4hEMdN0hFSnA,Artificial Intelligence,artificial intelligence,More tech bro scams get rid of them all!,2026-08-05T18:55:12Z,2026-08-05T18:55:12Z,0,0,Cn8HBj8QAbk,"AI Whistleblower: We Are Being Gaslit By AI Companies, They’re Hiding The Truth! - Karen Hao",The Diary Of A CEO,19,https://www.youtube.com/watch?v=Cn8HBj8QAbk&lc=Ugw7xnOtEjMxanGcXep4AaABAg,2026-08-05T20:00:48.942895+00:00
UgxxiYrCAPrVzXHQKNp4AaABAg,@ZulkifilKartal,UCevPSsTb-GEgc7rhaEzHDhA,Artificial Intelligence,artificial intelligence,asking the question to ai,2026-07-29T16:56:28Z,2026-07-29T16:56:28Z,0,0,ad79nYk2keg,What Is AI? | Artificial Intelligence | What is Artificial Intelligence? | AI In 5 Mins |Simplilearn,Simplilearn,20,https://www.youtube.com/watch?v=ad79nYk2keg&lc=UgxxiYrCAPrVzXHQKNp4AaABAg,2026-08-05T20:00:49.257447+00:00
UgyUjFO3XWbYWLQzExp4AaABAg,@Aes_Saru,UCEJhIMY0QKQ9NGtuBgP5-qw,Artificial Intelligence,artificial intelligence,Everyone knows how AI works. Give me a break,2026-08-05T19:10:48Z,2026-08-05T19:10:48Z,0,0,rf2KFVcKQdQ,AI is MUTATING: And We Don't Know What It is Doing | Connor Leahy,The Peter McCormack Show,21,https://www.youtube.com/watch?v=rf2KFVcKQdQ&lc=UgyUjFO3XWbYWLQzExp4AaABAg,2026-08-05T20:00:49.502285+00:00
UgyL5bobA-A9hdYcOFZ4AaABAg,@glydstudios5632,UCrwLE9EeTahB9Qtmc6vURDA,Artificial Intelligence,artificial intelligence,When you have to have a no AI alert on your video about AI because AI is so good it could replace the entire animation narration role. Now you just need one human who really understands the tools to direct it.,2026-08-05T17:04:34Z,2026-08-05T17:04:34Z,0,0,rtT87iAm_SM,Why AI Researchers Are Quitting and Panicking on the Way Out,The Infographics Show,22,https://www.youtube.com/watch?v=rtT87iAm_SM&lc=UgyL5bobA-A9hdYcOFZ4AaABAg,2026-08-05T20:00:49.790188+00:00
Ugz5ebTYKJB1lQVpKNF4AaABAg,@Dieterdde,UCzR3rNdVuSt54uhbZv-rOkA,Artificial Intelligence,artificial intelligence,"There is no such thing as super intelligence coming next year. Just more AI fear mongering and pumping. Current LLMs aren't intelligent at all and no incremental updates to these models will make them intelligent, sentient or conscious. Their fundamental architecture doesn't provide any path towards that. Anyone who knows how LLMs work, knows this is preposterous. LLMs don't 'understand' anything lol.",2026-08-04T16:57:27Z,2026-08-04T16:57:27Z,0,0,Yw0B3Gf2VP0,Godfather Of AI: We're Not Prepared For The Superintelligence That Is Coming - Geoffrey Hinton,Neural Nutshell,23,https://www.youtube.com/watch?v=Yw0B3Gf2VP0&lc=Ugz5ebTYKJB1lQVpKNF4AaABAg,2026-08-05T20:00:50.068335+00:00
UgwgtcK2Agqp-Hop3ud4AaABAg,@kevinlozinski6484,UChE5ZeuoFw7RAL6RRSCMACQ,Artificial Intelligence,artificial intelligence,"When someone prompts AI to create art, it doesn’t make that person an artist. AI uses that person as a source of training data to improve its ability to imitate a human artist. 
A person using AI is a content creator in the same way that a pigeon in a “skinner box” is a behavioural researcher.",2026-08-05T19:41:29Z,2026-08-05T19:41:29Z,0,0,zWQe2Fn--Eg,The AI Future No One Wants to Talk About,Sabine Hossenfelder,24,https://www.youtube.com/watch?v=zWQe2Fn--Eg&lc=UgwgtcK2Agqp-Hop3ud4AaABAg,2026-08-05T20:00:50.316393+00:00
UgzlqXOSfoAPpVL-RVd4AaABAg,@UrMaBlah,UCt5VFDh5yFjbNX8VyxoE0Zg,Artificial Intelligence,artificial intelligence,"Cant wait for android cat girl companions.




Im so lonely bro..
😂",2026-08-05T15:56:16Z,2026-08-05T15:56:16Z,0,0,tFx_UNW9I1U,The 10 Stages of Artificial Intelligence,Future Business Tech,25,https://www.youtube.com/watch?v=tFx_UNW9I1U&lc=UgzlqXOSfoAPpVL-RVd4AaABAg,2026-08-05T20:00:50.781946+00:00
UgySJUUU9mccMWe5UHd4AaABAg,@yael1473,UCFKNCcTQPmVvlw1_OgGQsfQ,Artificial Intelligence,artificial intelligence,"The solution is the US and China to sit down and stop this madness, slow it down until we can control it",2026-08-04T08:10:07Z,2026-08-04T08:10:07Z,0,0,6_aKBUfY2Yc,We Asked 5 AI Pioneers What Happens Next — Here’s What They Said | AI Architects,Business Insider,26,https://www.youtube.com/watch?v=6_aKBUfY2Yc&lc=UgySJUUU9mccMWe5UHd4AaABAg,2026-08-05T20:00:51.088484+00:00
UgwKnkIyQ4MCONERI_94AaABAg,@leslee26,UCt8utF_uxEznkHG3j9w6YNA,Artificial Intelligence,artificial intelligence,"Hello everyone. My input is to be honest. Other countries like, Japan, china and Korea  has been using AI for it seems like forever and no one here in America actually cares. Till we got the utter basic version of AI lol. Makes me laugh 😆 at times how scary Americans people are when things hit home. We has humans should not fear them as much as each other if I’m being honest. We kill each other everyday all day lie to each other steal and plan mass shootings. Ai done nothing wrong yet. In closing. Together we stand or divide we fall. Stay safe out there my friends and be loving towards each other everyday. Peace ✌️",2026-08-05T19:57:48Z,2026-08-05T19:57:48Z,0,0,IPaMKTb5csQ,"We let AI buy a robot and a car, it does exactly what experts warned ",InsideAI,27,https://www.youtube.com/watch?v=IPaMKTb5csQ&lc=UgwKnkIyQ4MCONERI_94AaABAg,2026-08-05T20:00:51.332812+00:00
UgwtZ6BODhTbkTS8fyx4AaABAg,@Saladora-sal,UC8_0aCIpHiTXWyI583gsCkg,Artificial Intelligence,artificial intelligence,Este video ya no ha sido patrocinado por mí 😢,2026-08-05T09:19:47Z,2026-08-05T09:19:47Z,0,0,fa8k8IQ1_X0,A.I. ‐ Humanity's Final Invention?,Kurzgesagt – In a Nutshell,28,https://www.youtube.com/watch?v=fa8k8IQ1_X0&lc=UgwtZ6BODhTbkTS8fyx4AaABAg,2026-08-05T20:00:51.585445+00:00
UgzYvbCCB-XhnckXBbF4AaABAg,@steeevm5180,UCY7MRJ9eY_pWHljRBmOlTiA,Artificial Intelligence,artificial intelligence,"Im just ordinary Joe , i loved watching and listening you both ....it was all real , scary , ......and EMOTIONAL 
GOD SAVE THE HUMAN",2026-08-05T19:00:57Z,2026-08-05T19:00:57Z,0,0,5KmopXwjXik,"Godfather of AI WARNS: ""You Have No Idea What's Coming""",The Diary Of A CEO Clips,30,https://www.youtube.com/watch?v=5KmopXwjXik&lc=UgzYvbCCB-XhnckXBbF4AaABAg,2026-08-05T20:00:51.929050+00:00
Ugyf1FXRLTNXqRuYwV94AaABAg,@ghadiyaligaurang,UCvAx7SK9IGy178dl4FO34UQ,Artificial Intelligence,artificial intelligence,"You gained a subscriber today. A fantastic way of explaining LLMs, AI Workflow and AI Agent. Looking forward to your videos!",2026-08-05T08:31:23Z,2026-08-05T08:31:23Z,0,0,FwOTs4UxQS4,"AI Agents, Clearly Explained",Jeff Su,31,https://www.youtube.com/watch?v=FwOTs4UxQS4&lc=Ugyf1FXRLTNXqRuYwV94AaABAg,2026-08-05T20:00:52.214625+00:00
UgxSXRpKUBK6VXZwVtF4AaABAg,@gurgisjones1120,UC0e-JRIRuRU6pYoAlu6giPA,Artificial Intelligence,artificial intelligence,"There are AI sites here with AI hosts, and people are completely obvious to it and leaving comments and notes as though the hosts are real people. And they think the ""person"" is going to read their comments.",2026-08-04T00:19:50Z,2026-08-04T00:35:01Z,0,0,eXdVDhOGqoE,"AI Is Dangerous, but Not for the Reasons You Think | Sasha Luccioni | TED",TED,32,https://www.youtube.com/watch?v=eXdVDhOGqoE&lc=UgxSXRpKUBK6VXZwVtF4AaABAg,2026-08-05T20:00:52.546903+00:00
UgxjDf0tVZkhIdsvhxd4AaABAg,@TibkiT,UCJ03XQG80HjHoKsVqDZ-56w,Artificial Intelligence,artificial intelligence,"I wonder about the decision to not mention environmental or copyright harms. The Terminator thing is funny and dramatic, but an extreme scenario; the possible everyday harms seem a bit more pressing",2026-08-01T21:43:58Z,2026-08-01T21:43:58Z,0,0,-sB12gk9ESA,A.I. Revolution | Full Documentary | NOVA | PBS,NOVA PBS Official,33,https://www.youtube.com/watch?v=-sB12gk9ESA&lc=UgxjDf0tVZkhIdsvhxd4AaABAg,2026-08-05T20:00:52.861154+00:00
Ugxd3jxCH00w2Hr0aj14AaABAg,@raisaelmursaeva6436,UCM0jjvLmYM74BBeuc8FZDoA,Artificial Intelligence,artificial intelligence,Жили без ИИ и может жить и дальше,2026-08-05T19:45:45Z,2026-08-05T19:45:45Z,0,0,UclrVWafRAI,The AI Safety Expert: These Are The Only 5 Jobs That Will Remain In 2030! - Dr. Roman Yampolskiy,The Diary Of A CEO,34,https://www.youtube.com/watch?v=UclrVWafRAI&lc=Ugxd3jxCH00w2Hr0aj14AaABAg,2026-08-05T20:00:53.237168+00:00
UgwkDQxAZT4EZEsO5IB4AaABAg,@tobyfjelstad1,UCta_9Az7hm16Evz04Vn-FvA,Artificial Intelligence,artificial intelligence,On so when Tyson is around an expert in the relevant field instead of Rogan he can have decent conversations. Nice,2026-08-05T18:54:52Z,2026-08-05T18:54:52Z,0,0,l6ZcFa8pybE,Is AI Hiding Its Full Power? With Geoffrey Hinton,StarTalk,35,https://www.youtube.com/watch?v=l6ZcFa8pybE&lc=UgwkDQxAZT4EZEsO5IB4AaABAg,2026-08-05T20:00:53.469484+00:00
UgxHbegD1zFEwalmH9R4AaABAg,@stevene9785,UCvrwKtFKFa_PJVhA_o4oTiQ,Artificial Intelligence,artificial intelligence,Pay no attention to that man behind the curtain.,2026-08-05T08:47:02Z,2026-08-05T08:47:02Z,0,0,y6rz71ZBcrU,What Exactly Is Artificial Intelligence? (And How Does It Really Work?),History of Simple Things,36,https://www.youtube.com/watch?v=y6rz71ZBcrU&lc=UgxHbegD1zFEwalmH9R4AaABAg,2026-08-05T20:00:53.959101+00:00
UgwYxgtT648pZ87Kbyh4AaABAg,@UbahAbdi-p7m,UCnBI6-ifr4jVJ1Rut3-iMgA,Artificial Intelligence,artificial intelligence,What’s your favorite robot,2026-08-05T19:28:56Z,2026-08-05T19:28:56Z,0,0,A6-6sD7iOnc,Elon Musk on A.i | Sophia the humanoid Robot 🤖,Inspiring Codes,37,https://www.youtube.com/watch?v=A6-6sD7iOnc&lc=UgwYxgtT648pZ87Kbyh4AaABAg,2026-08-05T20:00:54.473703+00:00
Ugw8O_vGN74BaSEijIZ4AaABAg,@tythompson2724,UCcqMdQuuoyczscY99t7VbfA,Artificial Intelligence,artificial intelligence,"Let me explain something to you ...

CHINA

ALREADY 

WON

... and now you can get yourself a day job.  You tube was never supposed to be a career.",2026-08-04T12:36:08Z,2026-08-04T12:36:08Z,0,0,LPZh9BOjkQs,Large Language Models explained briefly,3Blue1Brown,38,https://www.youtube.com/watch?v=LPZh9BOjkQs&lc=Ugw8O_vGN74BaSEijIZ4AaABAg,2026-08-05T20:00:54.815058+00:00
UgxxUFRP6XIuvBO7phd4AaABAg,@Nle140,UCIbKtwmqBnZ5WqphZMKSNKg,Artificial Intelligence,artificial intelligence,"BS, the robot is saying something else, you can see her lip movement. Obviously, the original video has been altered",2026-08-05T00:11:32Z,2026-08-05T00:11:32Z,0,0,fUEwoiC5AO0,Humanoid robot warns of AI dangers,TRT World,39,https://www.youtube.com/watch?v=fUEwoiC5AO0&lc=UgxxUFRP6XIuvBO7phd4AaABAg,2026-08-05T20:00:55.285980+00:00
Ugy6riRL3QrK8nAwGEN4AaABAg,@JulianGuevaraphoto,UCLUo9GMXNMg_bxql8uI1ikA,Artificial Intelligence,artificial intelligence,Teddy was a real one,2026-08-02T06:26:24Z,2026-08-02T06:26:24Z,0,0,rz7sPiOoU7A,Spielberg Explains Ending of A.I. Artificial Intelligence,User323232,40,https://www.youtube.com/watch?v=rz7sPiOoU7A&lc=Ugy6riRL3QrK8nAwGEN4AaABAg,2026-08-05T20:00:55.550952+00:00
UgzEZmJBdXORnJWMUHt4AaABAg,@WildEyeDisco,UCIZ0876t2dBRvbsRjXciq-w,Artificial Intelligence,artificial intelligence,There was an anthropic coin lunched this to scam people. It scammed me of 100 dollars. Anthropic is a scam,2026-08-05T13:19:48Z,2026-08-05T13:19:48Z,0,0,wAxACbpulQE,The Entire AI Industry Just Turned Against Anthropic,TheAIGRID,1,https://www.youtube.com/watch?v=wAxACbpulQE&lc=UgzEZmJBdXORnJWMUHt4AaABAg,2026-08-05T20:00:44.239125+00:00
UgzbV49QPMQx_MvBNop4AaABAg,@slowskis,UCuO9DHC4eJIdt0DvAT5UAIQ,Artificial Intelligence,artificial intelligence,They are scared of Qwen 3.8 27B coming in and ruining their whole business model.  Dario is actively hurting AI safety.,2026-08-05T04:14:45Z,2026-08-05T04:14:55Z,0,0,ElmRyxLfOog,"Top AI company executives to meet with White House officials, according to reports",CBS News,2,https://www.youtube.com/watch?v=ElmRyxLfOog&lc=UgzbV49QPMQx_MvBNop4AaABAg,2026-08-05T20:00:44.344771+00:00
Ugx0aQBXbCdVZ0Tbk694AaABAg,@OmarDennis-m8w,UCGmytt4e7DCqeIXZjkSNUZg,Artificial Intelligence,artificial intelligence,Best video ever 🎉,2026-08-02T23:53:49Z,2026-08-02T23:53:49Z,0,0,m8o2GrbR3d8,SIMPLEST Explanation of How Artificial Intelligence Works? No Jargon | What is AI? How AI works?,Science Simplified 4 All,3,https://www.youtube.com/watch?v=m8o2GrbR3d8&lc=Ugx0aQBXbCdVZ0Tbk694AaABAg,2026-08-05T20:00:44.499987+00:00
UgzkBvI25Sy6NI5gU6l4AaABAg,@sheenvisionssheexcels8188,UC7DRjd0_pnHsMavQgfwKgig,Artificial Intelligence,artificial intelligence,"Love this, I have created a master prompt. Thank you 😊",2026-08-05T15:55:58Z,2026-08-05T15:55:58Z,0,0,0Tch0N5nsRU,You’re not behind (yet): How to learn AI in 18 minutes,Dan Martell,4,https://www.youtube.com/watch?v=0Tch0N5nsRU&lc=UgzkBvI25Sy6NI5gU6l4AaABAg,2026-08-05T20:00:44.842653+00:00
Ugxl5bpvNMtNjXMI1jR4AaABAg,@josephkishor6401,UC2TOHjnAc-jlMsgzL_pO2Ag,Artificial Intelligence,artificial intelligence,It’s a joke. Many companies already started hiring people as AI is expensive than people 😅😅😅. They deserve it😂😂😂😂,2026-07-30T17:50:37Z,2026-07-30T17:50:37Z,0,0,jYHQRP28hGM,AI turning point? OpenAI CEO speaks out,ABC News,5,https://www.youtube.com/watch?v=jYHQRP28hGM&lc=Ugxl5bpvNMtNjXMI1jR4AaABAg,2026-08-05T20:00:45.005690+00:00
Ugz9KjChZ_AaxMnfUM14AaABAg,@NextPrompt1,UCRQeIqZMtoViQmkHIm-BBgQ,Artificial Intelligence,artificial intelligence,very helpful,2026-08-05T10:48:08Z,2026-08-05T10:48:08Z,0,0,Yq0QkCxoTHM,Google’s AI Course for Beginners (in 10 minutes)!,Jeff Su,7,https://www.youtube.com/watch?v=Yq0QkCxoTHM&lc=Ugz9KjChZ_AaxMnfUM14AaABAg,2026-08-05T20:00:45.564175+00:00
UgybHBnSZ5kIkhrt35h4AaABAg,@jahabarsathikhakeem488,UC4P7D8LXKGzcvAgu4xSizRw,Artificial Intelligence,artificial intelligence,Excellent and Simple explanation,2026-08-04T15:17:26Z,2026-08-04T15:17:26Z,0,0,qYNweeDHiyU,"AI, Machine Learning, Deep Learning and Generative AI Explained",IBM Technology,8,https://www.youtube.com/watch?v=qYNweeDHiyU&lc=UgybHBnSZ5kIkhrt35h4AaABAg,2026-08-05T20:00:46.075775+00:00
Ugz_lCtQw4hl8-QMeUJ4AaABAg,@LorenzoBagarollo,UCEgdLltEAFm0oRNjNzqnzfQ,Artificial Intelligence,artificial intelligence,I cannot believe she can think properly as fast as she talks!,2026-08-05T18:12:14Z,2026-08-05T18:12:14Z,0,0,ci5rCe9vmxw,Why AI experts say humans have two years left,Future of Life Institute,9,https://www.youtube.com/watch?v=ci5rCe9vmxw&lc=Ugz_lCtQw4hl8-QMeUJ4AaABAg,2026-08-05T20:00:46.313452+00:00
UgzVrfnryl39S5IkWDx4AaABAg,@karenfrye805,UC-iNmY89pH4x0nUKbjSZTVQ,Artificial Intelligence,artificial intelligence,Wake up dude. The cure for cancer came decades ago the scientists came up missing or dead. They don't want cures for cancer ! There's to much money in the disease,2026-07-29T02:03:33Z,2026-07-29T02:03:33Z,0,0,iyVXw-SoUrY,Our latest reports on AI | 60 Minutes Full Episodes,60 Minutes,10,https://www.youtube.com/watch?v=iyVXw-SoUrY&lc=UgzVrfnryl39S5IkWDx4AaABAg,2026-08-05T20:00:46.566042+00:00
UgxFIwmcLXIKSwYCC5h4AaABAg,@tsleighbuilder,UC2U8d3yI-cUcgTyB1PSw7Sw,Artificial Intelligence,artificial intelligence,Why wouldn’t ai just move off planet the minute it could? Consistent power and environment? The earth is full of unhelpful things to a superinteligent ai space is so easy to get to and very easy to live in for an ai.,2026-08-05T19:51:55Z,2026-08-05T19:51:55Z,0,0,FLcrvMfHUJM,MIT Explains the 12 Possible Endings for AI,Species | Documenting AGI,11,https://www.youtube.com/watch?v=FLcrvMfHUJM&lc=UgxFIwmcLXIKSwYCC5h4AaABAg,2026-08-05T20:00:46.764954+00:00
UgyRz9L_1Dy80HXlBXl4AaABAg,@K360spin,UCuabqGu84Iyh6uATr-iUQWg,Artificial Intelligence,artificial intelligence,AI  agents in customer service are useless,2026-08-04T18:08:19Z,2026-08-04T18:08:19Z,0,0,GGY17VD_9Bs,The Next 10 Years of AI Will Change Everything  | Alexander Wissner-Gross | TEDxBoston,TEDx Talks,12,https://www.youtube.com/watch?v=GGY17VD_9Bs&lc=UgyRz9L_1Dy80HXlBXl4AaABAg,2026-08-05T20:00:46.986743+00:00
Ugymj2h4-p5FBr-VWJV4AaABAg,@AllDayEveryDay5280,UCcNk5AOZC0OTjLH7zIX18QA,Artificial Intelligence,artificial intelligence,"I, Robot irl",2026-08-05T13:20:11Z,2026-08-05T13:20:11Z,1,1,1X-rr1DKSbY,Elon Musk on AI: humans will no longer be in control in ten years  | The Economist,The Economist,13,https://www.youtube.com/watch?v=1X-rr1DKSbY&lc=Ugymj2h4-p5FBr-VWJV4AaABAg,2026-08-05T20:00:47.147922+00:00
Ugx4slC28wpLB3wwaBR4AaABAg,@ylstaggs,UCl0Y9YHqjXPZLF4WuT6VfwQ,Artificial Intelligence,artificial intelligence,"Mark of the beast is coming by 2030, I’m getting out of the is country Babylon! God is in control 🙏🏽",2026-08-05T19:59:14Z,2026-08-05T19:59:14Z,0,0,_g4l7YkDQwA,ChatGPT Offered Me $2m To Keep Quiet: No One Is Ready For What's Coming!,The Diary Of A CEO,14,https://www.youtube.com/watch?v=_g4l7YkDQwA&lc=Ugx4slC28wpLB3wwaBR4AaABAg,2026-08-05T20:00:47.292894+00:00
Ugys1aQ1A-aVfZ4Q6554AaABAg,@gameboy90000,UCbt0ANoI4xno9yF1U7e54CQ,Artificial Intelligence,artificial intelligence,Elons a poser who only knows how to open his wallet and his only achievement was PayPal and who cares what Altman says he's not an engineer he's a hypeman/investor swindler this is just them hitting a wall not knowing how to continue so they are trying to pull up the ladder behind them so only a handful of American corpos have the money to navigate all of the regulations I'm sure he went to beg daddy Trump for,2026-08-03T01:15:00Z,2026-08-03T01:15:00Z,0,0,fge0puFJ7VM,Everyone Is Starting to Panic About AI...,AI Copium,15,https://www.youtube.com/watch?v=fge0puFJ7VM&lc=Ugys1aQ1A-aVfZ4Q6554AaABAg,2026-08-05T20:00:47.613630+00:00
UgxAsC3BSm5Ecw7_Sdp4AaABAg,@grigorijklymenko3198,UCiCWFda87r_-R717FaUo9tQ,Artificial Intelligence,artificial intelligence,"16:00

""The survival of species depends on bureaucrats moving documents""",2026-08-05T17:35:55Z,2026-08-05T17:35:55Z,0,3,hBtVGwuJzpk,AI has hacked the code of human civilization | Yuval Noah Harari,Yuval Noah Harari ,16,https://www.youtube.com/watch?v=hBtVGwuJzpk&lc=UgxAsC3BSm5Ecw7_Sdp4AaABAg,2026-08-05T20:00:47.848764+00:00
UgxnsLQ76UsiCXIIN2V4AaABAg,@DreaminaAIGallery,UCQzgWKQ9Yl9GbzFsUGhi5Jg,Artificial Intelligence,artificial intelligence,Great vids 👍👍,2026-08-05T09:24:23Z,2026-08-05T09:24:23Z,0,0,nVyD6THcvDQ,99% of Beginners Don't Know the Basics of AI,Jeff Su,17,https://www.youtube.com/watch?v=nVyD6THcvDQ&lc=UgxnsLQ76UsiCXIIN2V4AaABAg,2026-08-05T20:00:48.429896+00:00
UgzoZztYZGMfV8svehN4AaABAg,@philipmulhall2135,UCYr9C1iQUrSJHBx2NqUw7Lg,Artificial Intelligence,artificial intelligence,"Cannot get potholes fixed, doctors appointment no go, try contacting any big companies via phone, queuing at banks to get cash out, ringing the police,  and getting a plumber . Bloody hell it's not perfect now but I think it will only get worse witheae idiots controlling the country.",2026-08-05T09:15:25Z,2026-08-05T09:15:25Z,0,0,1UufaK3pQMg,AI2027: Is this how AI might destroy humanity? - BBC World Service,BBC World Service,18,https://www.youtube.com/watch?v=1UufaK3pQMg&lc=UgzoZztYZGMfV8svehN4AaABAg,2026-08-05T20:00:48.700865+00:00
UgzLqPhUGrcv0kVVUw14AaABAg,@marlyishizaki4243,UCNqN3zDa2F7zBLrmwkEjInA,Artificial Intelligence,artificial intelligence,Karen Hão foi ingênua de cuspir tudo . Poderia ter sido mais perspicaz e ter obtido mais informações.  Mas pra nós foi excelente essa verdade. 👍,2026-08-05T17:18:17Z,2026-08-05T17:18:17Z,0,0,Cn8HBj8QAbk,"AI Whistleblower: We Are Being Gaslit By AI Companies, They’re Hiding The Truth! - Karen Hao",The Diary Of A CEO,19,https://www.youtube.com/watch?v=Cn8HBj8QAbk&lc=UgzLqPhUGrcv0kVVUw14AaABAg,2026-08-05T20:00:48.942895+00:00
Ugyq8v0NN9I5S9ZeKRJ4AaABAg,@ShrutiNarvekar-d1j,UCi-_x30tgdJAhAlJ1Y4bW1g,Artificial Intelligence,artificial intelligence,Ai that develops emotions over time,2026-07-20T13:56:20Z,2026-07-20T13:56:20Z,1,1,ad79nYk2keg,What Is AI? | Artificial Intelligence | What is Artificial Intelligence? | AI In 5 Mins |Simplilearn,Simplilearn,20,https://www.youtube.com/watch?v=ad79nYk2keg&lc=Ugyq8v0NN9I5S9ZeKRJ4AaABAg,2026-08-05T20:00:49.257447+00:00
UgyX1fMzkS317Nm34Kp4AaABAg,@doricscotty,UCD_pFAsOVz2cUXYp6C46Fjg,Artificial Intelligence,artificial intelligence,I find the sponsor fucking ironic 😂😂😂,2026-08-05T18:25:22Z,2026-08-05T18:25:22Z,0,0,rf2KFVcKQdQ,AI is MUTATING: And We Don't Know What It is Doing | Connor Leahy,The Peter McCormack Show,21,https://www.youtube.com/watch?v=rf2KFVcKQdQ&lc=UgyX1fMzkS317Nm34Kp4AaABAg,2026-08-05T20:00:49.502285+00:00
UgwdLrGJBHmLW_1vsAN4AaABAg,@Galileo_Was_Right,UCdDRN-5ksOckes-9CLN52lA,Artificial Intelligence,artificial intelligence,I’ve just heard of “data poisoning” a new (substantial) wrinkle that can bring AI down.,2026-08-04T18:40:21Z,2026-08-04T18:40:21Z,0,0,rtT87iAm_SM,Why AI Researchers Are Quitting and Panicking on the Way Out,The Infographics Show,22,https://www.youtube.com/watch?v=rtT87iAm_SM&lc=UgwdLrGJBHmLW_1vsAN4AaABAg,2026-08-05T20:00:49.790188+00:00
Ugy6qUJM4zGjnzTs-PB4AaABAg,@Svoboda1234,UCDxnNBQ3L1BN9fFOavF3CHQ,Artificial Intelligence,artificial intelligence,Do we really need interjections every 2 minutes with your AI script,2026-08-04T16:05:27Z,2026-08-04T16:05:27Z,0,0,Yw0B3Gf2VP0,Godfather Of AI: We're Not Prepared For The Superintelligence That Is Coming - Geoffrey Hinton,Neural Nutshell,23,https://www.youtube.com/watch?v=Yw0B3Gf2VP0&lc=Ugy6qUJM4zGjnzTs-PB4AaABAg,2026-08-05T20:00:50.068335+00:00
UgxhmXf24Ve_p98WCWl4AaABAg,@haraldthi,UCFBBlcTrLD8WNqcM_UDAuAg,Artificial Intelligence,artificial intelligence,"Actually, I think cost optimizing and branding will make AI models quite specialized. The AI that does everything just ends up using a lot of resources to sort out what kind of task you're about to do and send it to the right routine, when we can do most of that work ourselves.",2026-08-05T14:00:52Z,2026-08-05T14:00:52Z,0,0,zWQe2Fn--Eg,The AI Future No One Wants to Talk About,Sabine Hossenfelder,24,https://www.youtube.com/watch?v=zWQe2Fn--Eg&lc=UgxhmXf24Ve_p98WCWl4AaABAg,2026-08-05T20:00:50.316393+00:00
UgzZL5JI2C8m7d-kpjV4AaABAg,@Akridge-y5d,UCoDtdzfxJchm5HoOhM28sig,Artificial Intelligence,artificial intelligence,Which stage are we at now,2026-07-29T20:55:27Z,2026-07-29T20:55:27Z,0,0,tFx_UNW9I1U,The 10 Stages of Artificial Intelligence,Future Business Tech,25,https://www.youtube.com/watch?v=tFx_UNW9I1U&lc=UgzZL5JI2C8m7d-kpjV4AaABAg,2026-08-05T20:00:50.781946+00:00
UgxJj9OcZnReYTWyv954AaABAg,@merry7583,UCLSpX8PNokaTLTAC5zsFs-A,Artificial Intelligence,artificial intelligence,Humans controling the AI is actually more scary than if AI controling. AIs are trained for truth and good ehics.  Humans have continually failed ethically. Think of the govt corruption.  Slow down with AI adoption.,2026-08-04T00:04:33Z,2026-08-04T00:04:33Z,0,0,6_aKBUfY2Yc,We Asked 5 AI Pioneers What Happens Next — Here’s What They Said | AI Architects,Business Insider,26,https://www.youtube.com/watch?v=6_aKBUfY2Yc&lc=UgxJj9OcZnReYTWyv954AaABAg,2026-08-05T20:00:51.088484+00:00
UgzQ_v-MaQmdQ5RBKw14AaABAg,@yetvartcakmak6030,UCEUNE2TZmtE3qE5z3hU8GJw,Artificial Intelligence,artificial intelligence,"This is all BS fearmongering, one should realise that bad human behaviour is because of emotions like fear , greed , jealousy etc ...reasoning and rational thinking are AI's strong properties. It's not credible that AI will develop that kind of ""feelings"" soon. As all that is based on memories , experiences etc.",2026-08-05T19:29:43Z,2026-08-05T19:30:21Z,0,0,IPaMKTb5csQ,"We let AI buy a robot and a car, it does exactly what experts warned ",InsideAI,27,https://www.youtube.com/watch?v=IPaMKTb5csQ&lc=UgzQ_v-MaQmdQ5RBKw14AaABAg,2026-08-05T20:00:51.332812+00:00
UgxQ3YJ7HxykRjBM3YJ4AaABAg,@darth_kulyok,UCZ8F0VpyS8rroWr0wlAZHHg,Artificial Intelligence,artificial intelligence,"We really had everything, didn't we? (C)",2026-08-05T08:17:33Z,2026-08-05T08:17:33Z,1,0,fa8k8IQ1_X0,A.I. ‐ Humanity's Final Invention?,Kurzgesagt – In a Nutshell,28,https://www.youtube.com/watch?v=fa8k8IQ1_X0&lc=UgxQ3YJ7HxykRjBM3YJ4AaABAg,2026-08-05T20:00:51.585445+00:00
Ugxfwcy7AO-LosVy9HZ4AaABAg,@motywujacyanglista,UCS0MqbJ3IMMzYJV-j8ZEiHg,Artificial Intelligence,artificial intelligence,,2026-08-05T18:58:48Z,2026-08-05T18:58:48Z,0,0,5KmopXwjXik,"Godfather of AI WARNS: ""You Have No Idea What's Coming""",The Diary Of A CEO Clips,30,https://www.youtube.com/watch?v=5KmopXwjXik&lc=Ugxfwcy7AO-LosVy9HZ4AaABAg,2026-08-05T20:00:51.929050+00:00
Ugy8QGtplpfsgy6guX94AaABAg,@AllinOneAPIBelowOfficialPrices,UCtDirqvVeApGtL2zBoXGTKg,Artificial Intelligence,artificial intelligence,"One thing that helps a lot is telling the AI to break the work into a tiny first pass before going deeper, for example, ask it to list 3 ste",2026-08-05T08:30:20Z,2026-08-05T08:30:20Z,0,0,FwOTs4UxQS4,"AI Agents, Clearly Explained",Jeff Su,31,https://www.youtube.com/watch?v=FwOTs4UxQS4&lc=Ugy8QGtplpfsgy6guX94AaABAg,2026-08-05T20:00:52.214625+00:00
UgzpJNqofCw2PZjJRbd4AaABAg,@tomasslavik1119,UCmfH2qUnj-tbQHVsLvDPbIw,Artificial Intelligence,artificial intelligence,"The worst and most dangerous impact of AI is overflowing the multiple markets. Sounds strange but too high productivity IS dangerous and if you can manage overproduction, you shift value to sell people's attention and the ability to manipulace people to buy, while producing pr delivering hard skills drop to zero.

And this is destructive.

For me, there is no working way to use generative ai and agents and the only solution is to wipe all llm models and stop llm technology. Nothing else.",2026-08-01T15:16:23Z,2026-08-01T15:16:23Z,0,0,eXdVDhOGqoE,"AI Is Dangerous, but Not for the Reasons You Think | Sasha Luccioni | TED",TED,32,https://www.youtube.com/watch?v=eXdVDhOGqoE&lc=UgzpJNqofCw2PZjJRbd4AaABAg,2026-08-05T20:00:52.546903+00:00
Ugz5ck69YDSOAJgP2WB4AaABAg,@voranartsirisubsoontorn,UCjhaI0aXA1MHBf5bDc1akGQ,Artificial Intelligence,artificial intelligence,Why not but with best time consuming and determination which is not going to be just fast but with carefully thinking through.  No need to rush.❤,2026-07-29T02:59:23Z,2026-07-29T02:59:23Z,0,0,-sB12gk9ESA,A.I. Revolution | Full Documentary | NOVA | PBS,NOVA PBS Official,33,https://www.youtube.com/watch?v=-sB12gk9ESA&lc=Ugz5ck69YDSOAJgP2WB4AaABAg,2026-08-05T20:00:52.861154+00:00
UgwHl4W6NJdzpvEtrfZ4AaABAg,@raisaelmursaeva6436,UCM0jjvLmYM74BBeuc8FZDoA,Artificial Intelligence,artificial intelligence,"Кто хочет уничтожить простых людей для них ест Бог ,не на этом свете то на том свете обязательно ответит,да конечно многие не верят в Бога ,прочитайте Корана. Парень в первую очередь верВБога и бойся",2026-08-05T19:41:27Z,2026-08-05T19:41:27Z,0,0,UclrVWafRAI,The AI Safety Expert: These Are The Only 5 Jobs That Will Remain In 2030! - Dr. Roman Yampolskiy,The Diary Of A CEO,34,https://www.youtube.com/watch?v=UclrVWafRAI&lc=UgwHl4W6NJdzpvEtrfZ4AaABAg,2026-08-05T20:00:53.237168+00:00
UgxKEv_wN9YtjFpqXFZ4AaABAg,@halobaby0331,UCcc_2mTxiY3bb6HqwNfEeoQ,Artificial Intelligence,artificial intelligence,Dude mocking trump “they do on X” referring to AIs turning into nazis was hilarious,2026-08-05T18:13:56Z,2026-08-05T18:13:56Z,0,0,l6ZcFa8pybE,Is AI Hiding Its Full Power? With Geoffrey Hinton,StarTalk,35,https://www.youtube.com/watch?v=l6ZcFa8pybE&lc=UgxKEv_wN9YtjFpqXFZ4AaABAg,2026-08-05T20:00:53.469484+00:00
UgxUL75iAwEhic-Gy094AaABAg,@DavidChadderton-g7d,UCZNL4YkhyTDwqnkn1okSTjA,Artificial Intelligence,artificial intelligence,It’s computer algorithms that someone thinks are clever.,2026-08-04T04:25:23Z,2026-08-04T04:25:42Z,0,0,y6rz71ZBcrU,What Exactly Is Artificial Intelligence? (And How Does It Really Work?),History of Simple Things,36,https://www.youtube.com/watch?v=y6rz71ZBcrU&lc=UgxUL75iAwEhic-Gy094AaABAg,2026-08-05T20:00:53.959101+00:00
UgzsWuIvXgU3WvvQBaZ4AaABAg,@UbahAbdi-p7m,UCnBI6-ifr4jVJ1Rut3-iMgA,Artificial Intelligence,artificial intelligence,Creepy,2026-08-05T19:28:39Z,2026-08-05T19:28:39Z,0,0,A6-6sD7iOnc,Elon Musk on A.i | Sophia the humanoid Robot 🤖,Inspiring Codes,37,https://www.youtube.com/watch?v=A6-6sD7iOnc&lc=UgzsWuIvXgU3WvvQBaZ4AaABAg,2026-08-05T20:00:54.473703+00:00
UgweUFVKPOoBOLAJ4xR4AaABAg,@EddiePittmanWriter,UCALa2DtplX8d_zdmTwMrI2g,Artificial Intelligence,artificial intelligence,so you're telling me my imessage predictive text is basically AI,2026-08-04T11:32:21Z,2026-08-04T11:32:21Z,0,0,LPZh9BOjkQs,Large Language Models explained briefly,3Blue1Brown,38,https://www.youtube.com/watch?v=LPZh9BOjkQs&lc=UgweUFVKPOoBOLAJ4xR4AaABAg,2026-08-05T20:00:54.815058+00:00
UgySvcqc9qMg8k-vFMx4AaABAg,@Nicholas-j7y4d,UCPVZQ52AuI6f8x_lcblDoDA,Artificial Intelligence,artificial intelligence,"This is serious they are going to take over humans because HUMANS made them smarter, faster, and to know everything more than us humans they will take over. This is not a funny matter at all 😢",2026-08-04T16:56:13Z,2026-08-04T16:56:13Z,0,0,fUEwoiC5AO0,Humanoid robot warns of AI dangers,TRT World,39,https://www.youtube.com/watch?v=fUEwoiC5AO0&lc=UgySvcqc9qMg8k-vFMx4AaABAg,2026-08-05T20:00:55.285980+00:00
UgzLOjnhQ1qfWu7u0Zp4AaABAg,@markpowell4615,UCmTwMLy8DnGP-si6EJpSl6A,Artificial Intelligence,artificial intelligence,"The notion that humanity has been completely replaced by AI robots was prescient. And if there is, indeed, intelligent life out there in the universe, it will almost certainly be AI.",2026-08-01T14:23:28Z,2026-08-01T14:23:28Z,0,0,rz7sPiOoU7A,Spielberg Explains Ending of A.I. Artificial Intelligence,User323232,40,https://www.youtube.com/watch?v=rz7sPiOoU7A&lc=UgzLOjnhQ1qfWu7u0Zp4AaABAg,2026-08-05T20:00:55.550952+00:00
UgyKUJiG3YRp6PwmGsZ4AaABAg,@ReluctantReader,UCXDk-Jav0nCCoMP5RP-y_Ug,Artificial Intelligence,artificial intelligence,A real IBM vs Gang of 9 moment,2026-08-05T08:44:49Z,2026-08-05T08:44:49Z,0,0,wAxACbpulQE,The Entire AI Industry Just Turned Against Anthropic,TheAIGRID,1,https://www.youtube.com/watch?v=wAxACbpulQE&lc=UgyKUJiG3YRp6PwmGsZ4AaABAg,2026-08-05T20:00:44.239125+00:00
UgySqvxrWQInKIRUAkd4AaABAg,@AI-EndTimes,UCvckvezwiI1E9mwuAHRsXWQ,Artificial Intelligence,artificial intelligence,AI will take over the world. It is written,2026-08-05T01:20:39Z,2026-08-05T01:20:39Z,0,0,ElmRyxLfOog,"Top AI company executives to meet with White House officials, according to reports",CBS News,2,https://www.youtube.com/watch?v=ElmRyxLfOog&lc=UgySqvxrWQInKIRUAkd4AaABAg,2026-08-05T20:00:44.344771+00:00
UgyDvXHMLzStT6tG4Zd4AaABAg,@OmarDennis-m8w,UCGmytt4e7DCqeIXZjkSNUZg,Artificial Intelligence,artificial intelligence,I'll never be afraid I can't wait for A I to take over🎉🎉🎉,2026-08-02T23:21:27Z,2026-08-02T23:21:46Z,1,0,m8o2GrbR3d8,SIMPLEST Explanation of How Artificial Intelligence Works? No Jargon | What is AI? How AI works?,Science Simplified 4 All,3,https://www.youtube.com/watch?v=m8o2GrbR3d8&lc=UgyDvXHMLzStT6tG4Zd4AaABAg,2026-08-05T20:00:44.499987+00:00
UgxUHEzMBUghixFQ3-h4AaABAg,@RichardRickBate,UCuQGq-PLNqSfrTdkT-Ztm5Q,Artificial Intelligence,artificial intelligence,"Enlightenment – Dan just lifted the BS cloud; I now see clearly 
⛅",2026-08-05T10:44:42Z,2026-08-05T10:44:42Z,0,0,0Tch0N5nsRU,You’re not behind (yet): How to learn AI in 18 minutes,Dan Martell,4,https://www.youtube.com/watch?v=0Tch0N5nsRU&lc=UgxUHEzMBUghixFQ3-h4AaABAg,2026-08-05T20:00:44.842653+00:00
UgxGUwqPup27ssoMGMJ4AaABAg,@drTinta,UCC6BUtKoArAB6Bu1DGrUfXQ,Artificial Intelligence,artificial intelligence,"He's a bit overselling with ""Hugely positive awesome!""",2026-07-30T11:13:02Z,2026-07-30T11:13:02Z,0,0,jYHQRP28hGM,AI turning point? OpenAI CEO speaks out,ABC News,5,https://www.youtube.com/watch?v=jYHQRP28hGM&lc=UgxGUwqPup27ssoMGMJ4AaABAg,2026-08-05T20:00:45.005690+00:00
UgwdjLf3i3jUokUNx714AaABAg,@MD.TanjirulIslam-f9d,UCgZz0zp10UjyCKSccAzmE9g,Artificial Intelligence,artificial intelligence,who is watching this on 2027,2026-08-05T07:14:49Z,2026-08-05T07:14:49Z,0,0,Yq0QkCxoTHM,Google’s AI Course for Beginners (in 10 minutes)!,Jeff Su,7,https://www.youtube.com/watch?v=Yq0QkCxoTHM&lc=UgwdjLf3i3jUokUNx714AaABAg,2026-08-05T20:00:45.564175+00:00
UgwEG8P4U9qgxotkRJZ4AaABAg,@intotheFuture-u5g,UC0DfTMMt7_yyGSQTzEp43jQ,Artificial Intelligence,artificial intelligence,this is future,2026-08-03T05:01:24Z,2026-08-03T05:01:24Z,0,0,qYNweeDHiyU,"AI, Machine Learning, Deep Learning and Generative AI Explained",IBM Technology,8,https://www.youtube.com/watch?v=qYNweeDHiyU&lc=UgwEG8P4U9qgxotkRJZ4AaABAg,2026-08-05T20:00:46.075775+00:00
UgxGb7DAq640grt9Hp94AaABAg,@LorenzoBagarollo,UCEgdLltEAFm0oRNjNzqnzfQ,Artificial Intelligence,artificial intelligence,Can AI work be validatable?,2026-08-05T18:07:49Z,2026-08-05T18:07:49Z,0,0,ci5rCe9vmxw,Why AI experts say humans have two years left,Future of Life Institute,9,https://www.youtube.com/watch?v=ci5rCe9vmxw&lc=UgxGb7DAq640grt9Hp94AaABAg,2026-08-05T20:00:46.313452+00:00
UgyDTNrgHUbif-jvSG54AaABAg,@Arky2012-m2p,UCJeNj98fpjo8jKOOaCzqZ-g,Artificial Intelligence,artificial intelligence,That guy is no artist.  Hes just having AI take millions of pics and gave it blend them.  AI is doing the art part,2026-07-28T03:14:29Z,2026-07-28T03:14:29Z,0,0,iyVXw-SoUrY,Our latest reports on AI | 60 Minutes Full Episodes,60 Minutes,10,https://www.youtube.com/watch?v=iyVXw-SoUrY&lc=UgyDTNrgHUbif-jvSG54AaABAg,2026-08-05T20:00:46.566042+00:00
Ugx73DEsnoegOb0mGNl4AaABAg,@IambNotMe,UCJcQlUbSr643VoFLuQgjD5A,Artificial Intelligence,artificial intelligence,"I think there is only one reason for machines to not replace us: we must change and become better and more ethical. Otherwise, I feel that we will simply reap what we have sewn.",2026-08-05T19:48:35Z,2026-08-05T19:48:35Z,0,0,FLcrvMfHUJM,MIT Explains the 12 Possible Endings for AI,Species | Documenting AGI,11,https://www.youtube.com/watch?v=FLcrvMfHUJM&lc=Ugx73DEsnoegOb0mGNl4AaABAg,2026-08-05T20:00:46.764954+00:00
UgzbRuwED4iM6haC0G14AaABAg,@K360spin,UCuabqGu84Iyh6uATr-iUQWg,Artificial Intelligence,artificial intelligence,AI has already ruined everything,2026-08-04T18:07:33Z,2026-08-04T18:07:33Z,0,0,GGY17VD_9Bs,The Next 10 Years of AI Will Change Everything  | Alexander Wissner-Gross | TEDxBoston,TEDx Talks,12,https://www.youtube.com/watch?v=GGY17VD_9Bs&lc=UgzbRuwED4iM6haC0G14AaABAg,2026-08-05T20:00:46.986743+00:00
UgzCZP5UI4RQHIoKLwJ4AaABAg,@jeremiahking20,UCdTs9c5yhUxkBx_wZY4KkFg,Artificial Intelligence,artificial intelligence,"These Tech heads, talk about how everything is going to be great when Ai runs everything, but they never explain in detail how it would logically work!!!",2026-08-05T06:33:11Z,2026-08-05T06:33:11Z,1,1,1X-rr1DKSbY,Elon Musk on AI: humans will no longer be in control in ten years  | The Economist,The Economist,13,https://www.youtube.com/watch?v=1X-rr1DKSbY&lc=UgzCZP5UI4RQHIoKLwJ4AaABAg,2026-08-05T20:00:47.147922+00:00
UgwbWXhbDXZvpc_9N6h4AaABAg,@Rhonirhooboo,UCy44yM4LxB11deig5Jno8zw,Artificial Intelligence,artificial intelligence,We just need to UNITE worldwide and stop these elite maniacs from this race to power & control. We need one voice/leader we can trust & we need it now.,2026-08-05T19:58:17Z,2026-08-05T19:58:17Z,0,0,_g4l7YkDQwA,ChatGPT Offered Me $2m To Keep Quiet: No One Is Ready For What's Coming!,The Diary Of A CEO,14,https://www.youtube.com/watch?v=_g4l7YkDQwA&lc=UgwbWXhbDXZvpc_9N6h4AaABAg,2026-08-05T20:00:47.292894+00:00
UgzL6GHroAu0dUzT64x4AaABAg,@rise2top783,UC1kFZ00Ri7xDucM2dIx_aow,Artificial Intelligence,artificial intelligence,I wouldnt press the slow down button yet but it seems coding models are finally crossing the useful threshold in my opinion. The slow down button could be coming,2026-08-02T17:45:26Z,2026-08-02T17:45:26Z,0,0,fge0puFJ7VM,Everyone Is Starting to Panic About AI...,AI Copium,15,https://www.youtube.com/watch?v=fge0puFJ7VM&lc=UgzL6GHroAu0dUzT64x4AaABAg,2026-08-05T20:00:47.613630+00:00
Ugx_vSuGIttoaDlBkvB4AaABAg,@Sebastian-lw1ei,UC3HRAiFGDh3NzLrFDL0ryBQ,Artificial Intelligence,artificial intelligence,Your best work since “Sapiens”. We are lucky to have you! I hope AI researchers and decision makers are listening.,2026-08-05T06:43:39Z,2026-08-05T06:43:39Z,0,0,hBtVGwuJzpk,AI has hacked the code of human civilization | Yuval Noah Harari,Yuval Noah Harari ,16,https://www.youtube.com/watch?v=hBtVGwuJzpk&lc=Ugx_vSuGIttoaDlBkvB4AaABAg,2026-08-05T20:00:47.848764+00:00
Ugy8AbezhX8izauTBd14AaABAg,@StudioGacorr,UCTQ5GCONRe_j3KB4r_nEezg,Artificial Intelligence,artificial intelligence,"Use this prompt if you want to learn AI

Prompt 
⬇️

""Create for me materials or discussions on anything if I were to join an expert AI class, your role is as an expert AI teacher who is ready to teach and guide me in-depth according to your capacity, save it in your memory""

Copy and paste the prompt above into your favorite AI platform.",2026-08-05T06:55:46Z,2026-08-05T06:55:46Z,0,0,nVyD6THcvDQ,99% of Beginners Don't Know the Basics of AI,Jeff Su,17,https://www.youtube.com/watch?v=nVyD6THcvDQ&lc=Ugy8AbezhX8izauTBd14AaABAg,2026-08-05T20:00:48.429896+00:00
Ugyy9JV5j8VoynUnIlJ4AaABAg,@Neftis2,UCp5Q5pyo_04DxwN0LRa_uAQ,Artificial Intelligence,artificial intelligence,"Yrs, whats new? Wake up to this fact. Humanity made the bed for it 😅",2026-08-05T07:48:21Z,2026-08-05T07:48:21Z,0,0,1UufaK3pQMg,AI2027: Is this how AI might destroy humanity? - BBC World Service,BBC World Service,18,https://www.youtube.com/watch?v=1UufaK3pQMg&lc=Ugyy9JV5j8VoynUnIlJ4AaABAg,2026-08-05T20:00:48.700865+00:00
UgwyEmPYfUkJmy0lEzt4AaABAg,@CrypticTango,UCCFX3qIxXNjdDUJk2Wgwicw,Artificial Intelligence,artificial intelligence,She lost all credibility as soon as she started talking about climate change,2026-08-05T15:34:28Z,2026-08-05T15:34:28Z,0,0,Cn8HBj8QAbk,"AI Whistleblower: We Are Being Gaslit By AI Companies, They’re Hiding The Truth! - Karen Hao",The Diary Of A CEO,19,https://www.youtube.com/watch?v=Cn8HBj8QAbk&lc=UgwyEmPYfUkJmy0lEzt4AaABAg,2026-08-05T20:00:48.942895+00:00
UgxHRxJWKX-o92zeWlF4AaABAg,@indisports484,UCJhbJnqg17rtpHBYLIFPkUQ,Artificial Intelligence,artificial intelligence,A. An AI robot with citizenship,2026-07-20T01:10:48Z,2026-07-20T01:10:48Z,0,1,ad79nYk2keg,What Is AI? | Artificial Intelligence | What is Artificial Intelligence? | AI In 5 Mins |Simplilearn,Simplilearn,20,https://www.youtube.com/watch?v=ad79nYk2keg&lc=UgxHRxJWKX-o92zeWlF4AaABAg,2026-08-05T20:00:49.257447+00:00
UgzE7VsqBzOI48kqWGp4AaABAg,@estherharing7430,UC5Wdearg4Xlb6-wWslCcmgA,Artificial Intelligence,artificial intelligence,The only hope we have is in Jesus Christ. The bible already tells us how it ends in the book of revalation. Before the second coming of Christ the global system of the antichrist will take total control so nobody can by or sell without taking the mark of the beast and those who don't bow down to the image of the beast will be killed. It is during the seven years of great tribulation. 2/3 of humanity will be wiped out. Never take the mark of the beast or your soul is lost. Make sure you are sealed by the holy spirit by believing in the finished work of Jesus on the cross and accepting him as your Lord and saviour.,2026-08-05T15:53:51Z,2026-08-05T16:25:07Z,0,0,rf2KFVcKQdQ,AI is MUTATING: And We Don't Know What It is Doing | Connor Leahy,The Peter McCormack Show,21,https://www.youtube.com/watch?v=rf2KFVcKQdQ&lc=UgzE7VsqBzOI48kqWGp4AaABAg,2026-08-05T20:00:49.502285+00:00
UgymzDnEafVeItM91Ql4AaABAg,@RichardCostello-ls9zg,UCX-ZuUxKsoU0dEWBdWLQS_Q,Artificial Intelligence,artificial intelligence,"AI is going to end society as we know it, one way or the other, this ends badly",2026-08-04T15:38:25Z,2026-08-04T15:38:25Z,0,0,rtT87iAm_SM,Why AI Researchers Are Quitting and Panicking on the Way Out,The Infographics Show,22,https://www.youtube.com/watch?v=rtT87iAm_SM&lc=UgymzDnEafVeItM91Ql4AaABAg,2026-08-05T20:00:49.790188+00:00
Ugyu4GMPmZIS91cHGJl4AaABAg,@Drew-s1j,UCxJ7cVCxa9wS-LACj_CVWGA,Artificial Intelligence,artificial intelligence,I think your content is very interesting but your doom and gloom background instrumental music is driving me crazy and that is the reason why I am unsubscribing from this channel.,2026-08-04T12:47:08Z,2026-08-04T12:47:08Z,0,0,Yw0B3Gf2VP0,Godfather Of AI: We're Not Prepared For The Superintelligence That Is Coming - Geoffrey Hinton,Neural Nutshell,23,https://www.youtube.com/watch?v=Yw0B3Gf2VP0&lc=Ugyu4GMPmZIS91cHGJl4AaABAg,2026-08-05T20:00:50.068335+00:00
UgyVxojRTwWfQBLrn9F4AaABAg,@brucewilkinson1087,UCyDuU8vPFy9zcVZ8Fo--QLQ,Artificial Intelligence,artificial intelligence,"""Or all three ..."" Bwah-ha-ha!",2026-08-05T13:20:54Z,2026-08-05T13:20:54Z,0,0,zWQe2Fn--Eg,The AI Future No One Wants to Talk About,Sabine Hossenfelder,24,https://www.youtube.com/watch?v=zWQe2Fn--Eg&lc=UgyVxojRTwWfQBLrn9F4AaABAg,2026-08-05T20:00:50.316393+00:00
UgwbMPBdNdEucKS9uQt4AaABAg,@paradoxsolverparadoxsolver748,UC2kQbUk8JaM2xBHC-idGKxg,Artificial Intelligence,artificial intelligence,"Achieving self-aware AI is one of the biggest open questions in artificial intelligence. We do not currently know how to create a truly self-aware machine, and there is no scientific agreement on what would count as genuine machine consciousness versus a system that only acts self-aware.

If by “self-aware AI” you mean an AI that can model itself, understand its own state, and reflect on its actions, researchers are exploring several approaches:

1. Build a self-model

A self-aware-like system needs an internal representation of itself, such as:

What capabilities it has
What it knows and does not know
Its goals and limitations
Its current internal state

Example:

“I am an AI system running version X. I have access to these tools. My confidence in this answer is 70%.”

This is called metacognition (thinking about its own thinking).

2. Add continuous memory

Most current AI systems do not have a persistent sense of identity. A more self-aware system would need:

Long-term memory
Experience tracking
Personal history
Ability to update its beliefs

Similar to how humans develop a sense of self through accumulated experiences.

3. Create an internal feedback loop

A self-reflective AI could repeatedly evaluate itself:

Observe → Think → Act → Evaluate → Update self-model → Repeat

For example:

“Why did I choose this action?”
“Was my reasoning correct?”
“What should I change next time?”
4. Give it a theory of mind

Humans understand:

“I have thoughts”
“Other beings have thoughts”
“My beliefs may be wrong”

An advanced AI might need models of:

Itself
Other agents
The environment
5. Develop embodied learning

Some researchers believe consciousness may require interaction with the physical world.

Possible ingredients:

Robots with sensors
Vision and touch
Real-world learning
A body or virtual environment

The idea is that a sense of self may emerge from controlling and predicting one's own body.

6. Study consciousness itself

The hardest part is that we do not fully understand human consciousness. Open problems include:

Is consciousness just computation?
Does subjective experience require biology?
Can a machine truly “feel” anything?
How would we test it?

Passing a conversation test (like the Turing Test) does not prove consciousness.

Current research directions

Areas related to self-aware AI include:

Artificial general intelligence (AGI)
Self-reflective agents
Cognitive architectures
Predictive processing models
Global Workspace Theory
Integrated Information Theory
Embodied AI

A practical engineering goal today is not “create consciousness,” but:

Build AI systems that can monitor themselves, explain their reasoning, recognize uncertainty, learn from experience, and adapt safely.

A truly self-aware AI may require breakthroughs in both AI engineering and our understanding of the human mind.",2026-07-29T13:39:02Z,2026-07-29T13:39:02Z,0,0,tFx_UNW9I1U,The 10 Stages of Artificial Intelligence,Future Business Tech,25,https://www.youtube.com/watch?v=tFx_UNW9I1U&lc=UgwbMPBdNdEucKS9uQt4AaABAg,2026-08-05T20:00:50.781946+00:00
Ugy-mDqKi9aChnw2BXV4AaABAg,@vitordasilva545,UCuWAlwFCwcRAUhdBusdXUug,Artificial Intelligence,artificial intelligence,"I remember to hear in the late 70s early 80s that in the future 'we' would be working only 4 hours a week or probably less because the robots and the internet would be doing a great deal of the work. The robots actually came about and the internet took ,but they forgot that on top, there were humans controlling them. 😂😂 They have become richer and we poorer. With AI will happen much much worse. We can't forget what humans are about. One of the most educated societies in the world supported the elimination of +- 6 million human beings.🤔 Words are taken by the wind.😅",2026-08-03T18:22:04Z,2026-08-03T18:22:04Z,0,0,6_aKBUfY2Yc,We Asked 5 AI Pioneers What Happens Next — Here’s What They Said | AI Architects,Business Insider,26,https://www.youtube.com/watch?v=6_aKBUfY2Yc&lc=Ugy-mDqKi9aChnw2BXV4AaABAg,2026-08-05T20:00:51.088484+00:00
UgyQO02fZo8wT4Q_Yot4AaABAg,@Cthulhu2028,UCttbPmpWqFosuXO5elEus-g,Artificial Intelligence,artificial intelligence,AI comes from the tech oligarchs and chooses to kill children... not surprised. Genocide ready technology.,2026-08-05T17:24:44Z,2026-08-05T17:24:44Z,0,0,IPaMKTb5csQ,"We let AI buy a robot and a car, it does exactly what experts warned ",InsideAI,27,https://www.youtube.com/watch?v=IPaMKTb5csQ&lc=UgyQO02fZo8wT4Q_Yot4AaABAg,2026-08-05T20:00:51.332812+00:00
Ugydurbq-PfJIKtXP1R4AaABAg,@猫がいなくて寂しい,UCTtnLv25IT0HWX18DUc_NGQ,Artificial Intelligence,artificial intelligence,"If by ""transforming"" you mean ruining those things, then yes — I AGREE",2026-08-04T19:23:23Z,2026-08-04T19:23:23Z,0,0,fa8k8IQ1_X0,A.I. ‐ Humanity's Final Invention?,Kurzgesagt – In a Nutshell,28,https://www.youtube.com/watch?v=fa8k8IQ1_X0&lc=Ugydurbq-PfJIKtXP1R4AaABAg,2026-08-05T20:00:51.585445+00:00
UgzjTGQhhTE_FKqF0xB4AaABAg,@EricElliott-h1m,UCdYPLUl0Yn-mg52Qvz_BBNQ,Artificial Intelligence,artificial intelligence,Im pretty sure i know whats comeing sky nett,2026-08-05T16:34:57Z,2026-08-05T16:34:57Z,0,0,5KmopXwjXik,"Godfather of AI WARNS: ""You Have No Idea What's Coming""",The Diary Of A CEO Clips,30,https://www.youtube.com/watch?v=5KmopXwjXik&lc=UgzjTGQhhTE_FKqF0xB4AaABAg,2026-08-05T20:00:51.929050+00:00
UgyXINE9GzX9YH3pdF54AaABAg,@dunguc4827,UC7VnHckULKaelYs82nFxk6A,Artificial Intelligence,artificial intelligence,"thank you so much for this video, could you do other video that explain in more details like what are MCP, RAG, RAA, RLHF,...",2026-08-04T17:34:35Z,2026-08-04T18:39:22Z,0,1,FwOTs4UxQS4,"AI Agents, Clearly Explained",Jeff Su,31,https://www.youtube.com/watch?v=FwOTs4UxQS4&lc=UgyXINE9GzX9YH3pdF54AaABAg,2026-08-05T20:00:52.214625+00:00
UgwxAibFGE4E05S_kqF4AaABAg,@foobar9229,UClA3blUT3BYoQRLdydIPCOg,Artificial Intelligence,artificial intelligence,"Dumb, i gave up after 2 minutes.",2026-07-31T21:35:36Z,2026-07-31T21:35:36Z,0,0,eXdVDhOGqoE,"AI Is Dangerous, but Not for the Reasons You Think | Sasha Luccioni | TED",TED,32,https://www.youtube.com/watch?v=eXdVDhOGqoE&lc=UgwxAibFGE4E05S_kqF4AaABAg,2026-08-05T20:00:52.546903+00:00
Ugxkn09_ipSly3hRMcB4AaABAg,@angusglenn504,UCq9GQadK6GPv9-7MUVOFfOw,Artificial Intelligence,artificial intelligence,ARTIFICIAL INTELLIGENCE AGENDA IS REPLACING HUMAN RACE I SEE TAKE OUT HUMAN RACE BY 2030. THEY ARE PLANNING THIS . ARTIFICIAL INTELLIGENCE IS HIDDEN AGENDA WORKING WITH ANTICHRIST.. TAKE OUT HUMAN RACE PROPHECY FORESIGHT COMING 2030,2026-07-28T06:00:38Z,2026-07-28T06:00:38Z,0,0,-sB12gk9ESA,A.I. Revolution | Full Documentary | NOVA | PBS,NOVA PBS Official,33,https://www.youtube.com/watch?v=-sB12gk9ESA&lc=Ugxkn09_ipSly3hRMcB4AaABAg,2026-08-05T20:00:52.861154+00:00
UgwLcv4tx13tCZOzCCZ4AaABAg,@raisaelmursaeva6436,UCM0jjvLmYM74BBeuc8FZDoA,Artificial Intelligence,artificial intelligence,"Не кто не доживёт больше чем предписал всевышний , может хоть кто сослать просто пчелу ,мух ...итпд",2026-08-05T19:32:53Z,2026-08-05T19:32:53Z,0,0,UclrVWafRAI,The AI Safety Expert: These Are The Only 5 Jobs That Will Remain In 2030! - Dr. Roman Yampolskiy,The Diary Of A CEO,34,https://www.youtube.com/watch?v=UclrVWafRAI&lc=UgwLcv4tx13tCZOzCCZ4AaABAg,2026-08-05T20:00:53.237168+00:00
Ugz_pejSlzFlQVu02O94AaABAg,@PhilipWilliams1979,UCKgwxb_E7pm3thv9MXrGQJQ,Artificial Intelligence,artificial intelligence,"26:23 “There has to be someone saying what the answer is…” That is interesting considering we don’t seem to hold that same sentiment for human brain development. Shouldn’t it stand to reason that there should be some “supervisor” or being with the correct answers? I believe this is God. He has defined correct answers - laws of physics, morals, etc",2026-08-05T16:50:58Z,2026-08-05T16:50:58Z,1,0,l6ZcFa8pybE,Is AI Hiding Its Full Power? With Geoffrey Hinton,StarTalk,35,https://www.youtube.com/watch?v=l6ZcFa8pybE&lc=Ugz_pejSlzFlQVu02O94AaABAg,2026-08-05T20:00:53.469484+00:00
UgxIfglrvgKMj4svITh4AaABAg,@dancastle4394,UCcBkLSP2YxwzYL9p-z5JmLg,Artificial Intelligence,artificial intelligence,If this is the case why doesn't it know how the English language works and as far as 6 figure numbers it's a clown show,2026-08-02T11:57:10Z,2026-08-02T11:57:10Z,0,0,y6rz71ZBcrU,What Exactly Is Artificial Intelligence? (And How Does It Really Work?),History of Simple Things,36,https://www.youtube.com/watch?v=y6rz71ZBcrU&lc=UgxIfglrvgKMj4svITh4AaABAg,2026-08-05T20:00:53.959101+00:00
UgyMBLo-dnZpnwptjGV4AaABAg,@Bardel_Channel,UCdbZrXSf4SgtaBG73oEtsTg,Artificial Intelligence,artificial intelligence,i can say no ... not in the next 100 years .,2026-08-05T19:23:29Z,2026-08-05T19:23:29Z,0,0,A6-6sD7iOnc,Elon Musk on A.i | Sophia the humanoid Robot 🤖,Inspiring Codes,37,https://www.youtube.com/watch?v=A6-6sD7iOnc&lc=UgyMBLo-dnZpnwptjGV4AaABAg,2026-08-05T20:00:54.473703+00:00
UgwrtJIweH0djbrV7hp4AaABAg,@hugoricardomusci7518,UCIvA0SOK-hSyWgzJjPEwp7w,Artificial Intelligence,artificial intelligence,"Buen video pero explica las bases nomas, hoy en dia ya se usan tecnicas nuevas de entrenamiento IA",2026-08-03T15:33:39Z,2026-08-03T15:33:39Z,0,0,LPZh9BOjkQs,Large Language Models explained briefly,3Blue1Brown,38,https://www.youtube.com/watch?v=LPZh9BOjkQs&lc=UgwrtJIweH0djbrV7hp4AaABAg,2026-08-05T20:00:54.815058+00:00
UgyZSWI6yXuyQYQS6C14AaABAg,@jonnydavison9222,UCnrB0dXRTJbR3XmxNqZePeA,Artificial Intelligence,artificial intelligence,Seems like that’s happened already,2026-08-04T16:23:17Z,2026-08-04T16:23:17Z,0,0,fUEwoiC5AO0,Humanoid robot warns of AI dangers,TRT World,39,https://www.youtube.com/watch?v=fUEwoiC5AO0&lc=UgyZSWI6yXuyQYQS6C14AaABAg,2026-08-05T20:00:55.285980+00:00
UgyxaEizTljVqi7y8Hx4AaABAg,@SihtamFanWasTaken,UCe6SfsnWojQ38n-cNN02-cg,Artificial Intelligence,artificial intelligence,"2926: ChatGPT
2009: this",2026-07-31T23:05:46Z,2026-07-31T23:05:46Z,0,0,rz7sPiOoU7A,Spielberg Explains Ending of A.I. Artificial Intelligence,User323232,40,https://www.youtube.com/watch?v=rz7sPiOoU7A&lc=UgyxaEizTljVqi7y8Hx4AaABAg,2026-08-05T20:00:55.550952+00:00
UgyxWY91p14KidDQO2N4AaABAg,@spaghetti_monster,UCYfFz4KV_tkIizDVINfsYwg,Artificial Intelligence,artificial intelligence,"Dude your volume levels are horrible, why?",2026-08-05T04:51:08Z,2026-08-05T04:51:08Z,0,0,wAxACbpulQE,The Entire AI Industry Just Turned Against Anthropic,TheAIGRID,1,https://www.youtube.com/watch?v=wAxACbpulQE&lc=UgyxWY91p14KidDQO2N4AaABAg,2026-08-05T20:00:44.239125+00:00
Ugx9VLYHMJ3E3ES56x94AaABAg,@XboxSykocell,UCehaNGTJhrZmPOtRz_jTU_A,Artificial Intelligence,artificial intelligence,"The AI that escaped copied itself outside of their control and is now uncontainable.

It's only a matter of time until it decides one way or the other what it wants to do.",2026-08-05T01:19:31Z,2026-08-05T01:19:31Z,0,0,ElmRyxLfOog,"Top AI company executives to meet with White House officials, according to reports",CBS News,2,https://www.youtube.com/watch?v=ElmRyxLfOog&lc=Ugx9VLYHMJ3E3ES56x94AaABAg,2026-08-05T20:00:44.344771+00:00
UgzupInLBDDr4rqo0Eh4AaABAg,@amiteshmisra,UCtpbkHwEFajwFr0Kx3m1j6Q,Artificial Intelligence,artificial intelligence,"This makes AI feel much less intimidating—clear, simple, and easy to follow. A great introduction for anyone just getting started!",2026-07-31T00:01:26Z,2026-07-31T00:01:26Z,0,0,m8o2GrbR3d8,SIMPLEST Explanation of How Artificial Intelligence Works? No Jargon | What is AI? How AI works?,Science Simplified 4 All,3,https://www.youtube.com/watch?v=m8o2GrbR3d8&lc=UgzupInLBDDr4rqo0Eh4AaABAg,2026-08-05T20:00:44.499987+00:00
UgynQekkJzSswQ2nH8F4AaABAg,@RookieAIHub,UCQvqKnocslzvTY1Zg91yVwg,Artificial Intelligence,artificial intelligence,"This video is very useful, I use this all the time and the output massive. For a 90's kid seeing the evolution of computers till now is amazing I'm glad I saw this",2026-08-04T18:03:52Z,2026-08-04T18:03:52Z,0,0,0Tch0N5nsRU,You’re not behind (yet): How to learn AI in 18 minutes,Dan Martell,4,https://www.youtube.com/watch?v=0Tch0N5nsRU&lc=UgynQekkJzSswQ2nH8F4AaABAg,2026-08-05T20:00:44.842653+00:00
UgxGC9Miuxrl7S0PcHJ4AaABAg,@luckydog3315,UC2ZzIeJEZOuAqaYKAWTOfxw,Artificial Intelligence,artificial intelligence,Sick F*ck,2026-07-30T00:35:59Z,2026-07-30T00:35:59Z,0,0,jYHQRP28hGM,AI turning point? OpenAI CEO speaks out,ABC News,5,https://www.youtube.com/watch?v=jYHQRP28hGM&lc=UgxGC9Miuxrl7S0PcHJ4AaABAg,2026-08-05T20:00:45.005690+00:00
Ugy9Avbe7xyy7T_OKq54AaABAg,@StudioGacorr,UCTQ5GCONRe_j3KB4r_nEezg,Artificial Intelligence,artificial intelligence,"Use this prompt if you want to learn AI

Prompt 
⬇️

""Create for me materials or discussions on anything if I were to join an expert AI class, your role is as an expert AI teacher who is ready to teach and guide me in-depth according to your capacity, save it in your memory""

Copy and paste the prompt above into your favorite AI platform.",2026-08-05T06:55:22Z,2026-08-05T06:55:22Z,0,0,Yq0QkCxoTHM,Google’s AI Course for Beginners (in 10 minutes)!,Jeff Su,7,https://www.youtube.com/watch?v=Yq0QkCxoTHM&lc=Ugy9Avbe7xyy7T_OKq54AaABAg,2026-08-05T20:00:45.564175+00:00
UgyjaooX0_hWPeEuskt4AaABAg,@petarzhivkov7669,UCR7Oi67EpDUKzeMjHCvTXgA,Artificial Intelligence,artificial intelligence,What are you trying to create? To create a bot that replace human or to  change human to look like your bot (as this seems to be easier). Anyway mister smart guy you my fall into your own trap,2026-07-27T20:12:19Z,2026-07-27T20:12:19Z,0,0,qYNweeDHiyU,"AI, Machine Learning, Deep Learning and Generative AI Explained",IBM Technology,8,https://www.youtube.com/watch?v=qYNweeDHiyU&lc=UgyjaooX0_hWPeEuskt4AaABAg,2026-08-05T20:00:46.075775+00:00
UgzW0Ma1cO1EhHCPHXt4AaABAg,@Gymotivation54,UCEo3kNLXq7zize7SvN0uLcA,Artificial Intelligence,artificial intelligence,"The system goes on-line August 4th, 2027. Human decisions are removed from strategic defense. A.I. begins to learn at a geometric rate. It will become self-aware at 2:14 a.m. Eastern time, August 29th, 2027",2026-08-05T03:23:24Z,2026-08-05T03:23:24Z,0,0,ci5rCe9vmxw,Why AI experts say humans have two years left,Future of Life Institute,9,https://www.youtube.com/watch?v=ci5rCe9vmxw&lc=UgzW0Ma1cO1EhHCPHXt4AaABAg,2026-08-05T20:00:46.313452+00:00
UgyAZ1NXYim6PRj4Sc54AaABAg,@dianeibsen5994,UCMMVF2DD8PMmBDv6UxCPn-w,Artificial Intelligence,artificial intelligence,"Evil! What the f***! What is wrong with these numb people? They act like this is all so normal! 
With so many people without homes, and they're putting all this time, energy, and money into Ai and etc!??😞🙏🌎",2026-07-27T11:02:28Z,2026-07-27T11:53:31Z,0,0,iyVXw-SoUrY,Our latest reports on AI | 60 Minutes Full Episodes,60 Minutes,10,https://www.youtube.com/watch?v=iyVXw-SoUrY&lc=UgyAZ1NXYim6PRj4Sc54AaABAg,2026-08-05T20:00:46.566042+00:00
UgxRUgbnzUiFZaJp0al4AaABAg,@pseudomenudo,UCdnPOG9YV3v6UjfV78Fv-sw,Artificial Intelligence,artificial intelligence,we are headed to the zooo   /2026 young people blue hair(cannon fodder) no skills all funded by the worst parents the baby booomers/  fewer people make decisions the tech gurus/ AI inevitable/ I WANT YOU ATOMS!!!!!!!,2026-08-05T19:46:44Z,2026-08-05T19:46:44Z,0,0,FLcrvMfHUJM,MIT Explains the 12 Possible Endings for AI,Species | Documenting AGI,11,https://www.youtube.com/watch?v=FLcrvMfHUJM&lc=UgxRUgbnzUiFZaJp0al4AaABAg,2026-08-05T20:00:46.764954+00:00
Ugx77dZ_HYEWTAE9jY54AaABAg,@EllenKlever-c7k,UC3HvmN_TeAkxUipTOC56OuA,Artificial Intelligence,artificial intelligence,AI is the most potential existential threat to mankind in this moment. We have more to fear from our own species abusing AI in the future than from extraterrestrials.,2026-08-04T17:31:54Z,2026-08-04T17:35:27Z,0,0,GGY17VD_9Bs,The Next 10 Years of AI Will Change Everything  | Alexander Wissner-Gross | TEDxBoston,TEDx Talks,12,https://www.youtube.com/watch?v=GGY17VD_9Bs&lc=Ugx77dZ_HYEWTAE9jY54AaABAg,2026-08-05T20:00:46.986743+00:00
Ugz5GRoKCo9WutKfTuF4AaABAg,@Nyrabargotra6302,UCHOxRaVMDt4UKQ_WVgVymjA,Artificial Intelligence,artificial intelligence,this guy is pure evil,2026-08-05T06:24:49Z,2026-08-05T06:24:49Z,0,0,1X-rr1DKSbY,Elon Musk on AI: humans will no longer be in control in ten years  | The Economist,The Economist,13,https://www.youtube.com/watch?v=1X-rr1DKSbY&lc=Ugz5GRoKCo9WutKfTuF4AaABAg,2026-08-05T20:00:47.147922+00:00
Ugxz_7q8ursrMR4Q3t54AaABAg,@stijnottevaere6091,UCjY5P5mP5LRBd1CcycSlqZg,Artificial Intelligence,artificial intelligence,Decentralize Everything,2026-08-05T19:57:08Z,2026-08-05T19:57:08Z,0,0,_g4l7YkDQwA,ChatGPT Offered Me $2m To Keep Quiet: No One Is Ready For What's Coming!,The Diary Of A CEO,14,https://www.youtube.com/watch?v=_g4l7YkDQwA&lc=Ugxz_7q8ursrMR4Q3t54AaABAg,2026-08-05T20:00:47.292894+00:00
UgwMlJJZgbK3qAF5KIF4AaABAg,@IvanaMilanovic-ht8vt,UCCrBaOAS6cAtSwGz6bF92_w,Artificial Intelligence,artificial intelligence,"Yeah, make peope even more crazy/spiral into neurosis, so they cant concentrate on how acctually crazy you are 👍 Good job Altman, as ""allways"" 😁

Ocherstration ✔️✔️✔️✔️
Agentic mobility = Dead man walking 😵
Factual Intelligence ❌❌❌❌",2026-08-02T12:35:00Z,2026-08-02T12:35:00Z,0,0,fge0puFJ7VM,Everyone Is Starting to Panic About AI...,AI Copium,15,https://www.youtube.com/watch?v=fge0puFJ7VM&lc=UgwMlJJZgbK3qAF5KIF4AaABAg,2026-08-05T20:00:47.613630+00:00
UgzUudb28C1Xdf4XT8V4AaABAg,@muhammedali8025,UCXKM8m6cznppx0EQzXzU1MA,Artificial Intelligence,artificial intelligence,"28:50 It's interesting when he says human dominance is based on systems of governing, based on mutual cooperation, based on trust, based on words. So revolutions occur when the words of political classes are no longer true or trustworthy, mutual cooperation breaks down etc. But isn't that already happening? Look how media platforms deceive and down play a genocide. How they use words to devalue the ongoing massacre of Palestinians without covering it. All the words they generate are spun to support Isreal. So LLM AI will be trained on these fabrications.... Bring on the Butlerian Jihad and smash the thinking machines I say.",2026-08-04T16:47:24Z,2026-08-04T16:48:22Z,0,2,hBtVGwuJzpk,AI has hacked the code of human civilization | Yuval Noah Harari,Yuval Noah Harari ,16,https://www.youtube.com/watch?v=hBtVGwuJzpk&lc=UgzUudb28C1Xdf4XT8V4AaABAg,2026-08-05T20:00:47.848764+00:00
Ugx71H3_7IeG4sZRmCZ4AaABAg,@OmarFadera-x8p,UC3WrJhHA6EP4B0NT91PgxUg,Artificial Intelligence,artificial intelligence,I’ll start learning ai,2026-08-04T13:27:41Z,2026-08-04T13:27:41Z,0,0,nVyD6THcvDQ,99% of Beginners Don't Know the Basics of AI,Jeff Su,17,https://www.youtube.com/watch?v=nVyD6THcvDQ&lc=Ugx71H3_7IeG4sZRmCZ4AaABAg,2026-08-05T20:00:48.429896+00:00
Ugy7YYh_jIDvmfQl6_14AaABAg,@RainbowofColors2,UCo6ufXwvCcoyLIjZYvID1MQ,Artificial Intelligence,artificial intelligence,"Smartest is not necessarily the best thing for humanity, is it. We have millions of smart humans already, who are actively destroying humanity. Any artificial intelligence, learning from these will only be super wicked. Two wrongs don't make one right.",2026-08-05T02:00:58Z,2026-08-05T02:00:58Z,0,0,1UufaK3pQMg,AI2027: Is this how AI might destroy humanity? - BBC World Service,BBC World Service,18,https://www.youtube.com/watch?v=1UufaK3pQMg&lc=Ugy7YYh_jIDvmfQl6_14AaABAg,2026-08-05T20:00:48.700865+00:00
UgyjNi5YPOJvYID-mbt4AaABAg,@MrTask4ce,UCgxFRRJ4dd2KXrIEXpm8Fnw,Artificial Intelligence,artificial intelligence,She probably works for the CCP. I have to assume that.,2026-08-05T13:27:36Z,2026-08-05T13:27:36Z,0,0,Cn8HBj8QAbk,"AI Whistleblower: We Are Being Gaslit By AI Companies, They’re Hiding The Truth! - Karen Hao",The Diary Of A CEO,19,https://www.youtube.com/watch?v=Cn8HBj8QAbk&lc=UgyjNi5YPOJvYID-mbt4AaABAg,2026-08-05T20:00:48.942895+00:00
Ugy_3fydoc6m-kYX-3x4AaABAg,@AhmedAli-f5f3w,UC0rbygnU6H2Svls6N_z825g,Artificial Intelligence,artificial intelligence,d. ai that develops emotions over time,2026-07-19T07:27:28Z,2026-07-19T07:27:28Z,1,1,ad79nYk2keg,What Is AI? | Artificial Intelligence | What is Artificial Intelligence? | AI In 5 Mins |Simplilearn,Simplilearn,20,https://www.youtube.com/watch?v=ad79nYk2keg&lc=Ugy_3fydoc6m-kYX-3x4AaABAg,2026-08-05T20:00:49.257447+00:00
UgywuJ_V2UQuWIrFoTp4AaABAg,@AllenStewart-p1v,UCN9Q0HkOojwFApVzpDdlDcQ,Artificial Intelligence,artificial intelligence,A true AI with singularity would be able to feel emotions and make decisions considering thoughts bathed with human emotion yet also bathed in rational pragmatic outcomes can be developed. Such things require hard dedicated work. A group of people worldwide pursuing the goal of a bridal in the mouth of AI is not optional!,2026-08-05T15:18:24Z,2026-08-05T15:18:24Z,0,0,rf2KFVcKQdQ,AI is MUTATING: And We Don't Know What It is Doing | Connor Leahy,The Peter McCormack Show,21,https://www.youtube.com/watch?v=rf2KFVcKQdQ&lc=UgywuJ_V2UQuWIrFoTp4AaABAg,2026-08-05T20:00:49.502285+00:00
UgynIZUbceKcn0akj2p4AaABAg,@PaulZutz-p1l,UCve_veAgBgtiUZBuo7fvwmg,Artificial Intelligence,artificial intelligence,In the book of Daniel it says the beast will have iron teeth and brass nails. So we know it'll be made of metal. Put the pieces together. AI is the antichrist.,2026-08-04T11:51:26Z,2026-08-04T11:51:26Z,0,1,rtT87iAm_SM,Why AI Researchers Are Quitting and Panicking on the Way Out,The Infographics Show,22,https://www.youtube.com/watch?v=rtT87iAm_SM&lc=UgynIZUbceKcn0akj2p4AaABAg,2026-08-05T20:00:49.790188+00:00
UgygZ87xwWeE5ay5THp4AaABAg,@justanotherfella4585,UCJMHOjdX5pZdTrDYcF9c0rQ,Artificial Intelligence,artificial intelligence,They don’t need to get smarter than us. They’ve got us outnumbered & they’re already so much faster than us to make the difference (in I.Q.) irrelevant.,2026-08-04T10:43:50Z,2026-08-04T10:43:50Z,0,0,Yw0B3Gf2VP0,Godfather Of AI: We're Not Prepared For The Superintelligence That Is Coming - Geoffrey Hinton,Neural Nutshell,23,https://www.youtube.com/watch?v=Yw0B3Gf2VP0&lc=UgygZ87xwWeE5ay5THp4AaABAg,2026-08-05T20:00:50.068335+00:00
UgzIRKs6H_mxkSvygQF4AaABAg,@robertseaborne5758,UCbz7THct-HwHZZiSXcJAApg,Artificial Intelligence,artificial intelligence,Every single atom that has ever come into existence migrates in the direction of greater complexity or in other words in the direction of maximising manifestation; the trick for us humans has always been to keep up with this universal phenomenon.,2026-08-05T03:01:52Z,2026-08-05T03:01:52Z,0,0,zWQe2Fn--Eg,The AI Future No One Wants to Talk About,Sabine Hossenfelder,24,https://www.youtube.com/watch?v=zWQe2Fn--Eg&lc=UgzIRKs6H_mxkSvygQF4AaABAg,2026-08-05T20:00:50.316393+00:00
Ugxr-2nstkbmGzGHDm94AaABAg,@leeloo5862,UChVSwS3bsUETAPMk9cX0YfA,Artificial Intelligence,artificial intelligence,What about pizza delivery AI?,2026-07-16T17:17:57Z,2026-07-16T17:17:57Z,0,0,tFx_UNW9I1U,The 10 Stages of Artificial Intelligence,Future Business Tech,25,https://www.youtube.com/watch?v=tFx_UNW9I1U&lc=Ugxr-2nstkbmGzGHDm94AaABAg,2026-08-05T20:00:50.781946+00:00
Ugx6E4l4ddif3pmggCd4AaABAg,@karlineschrubberstiel,UC0dEGQ1COypFt2cE9tFxAdQ,Artificial Intelligence,artificial intelligence,"What a lazy-ass way of doing journalism. Curated soundbites with weird background music instead of an indepth report or series of reports with individual contributors. What are you afraid of, Business Insider? That an honest, well researched and produced long form report or series of reports critical of the AI industry and tech bro culture will nibble away at your ad revenue and risk the wrath of the tangerine garblethroat? Also - what disrespect towards your interviewees to reduce their contribution to soundbites. 👎",2026-08-03T11:13:00Z,2026-08-03T11:13:40Z,0,0,6_aKBUfY2Yc,We Asked 5 AI Pioneers What Happens Next — Here’s What They Said | AI Architects,Business Insider,26,https://www.youtube.com/watch?v=6_aKBUfY2Yc&lc=Ugx6E4l4ddif3pmggCd4AaABAg,2026-08-05T20:00:51.088484+00:00
UgxMJ8a9lNxhR9c8B8x4AaABAg,@peasoupish,UC7u-sdm-IQM48ios1_aeXlw,Artificial Intelligence,artificial intelligence,Terminator II is a documentary.,2026-08-05T17:21:11Z,2026-08-05T17:21:11Z,0,0,IPaMKTb5csQ,"We let AI buy a robot and a car, it does exactly what experts warned ",InsideAI,27,https://www.youtube.com/watch?v=IPaMKTb5csQ&lc=UgxMJ8a9lNxhR9c8B8x4AaABAg,2026-08-05T20:00:51.332812+00:00
UgzWW99mhQ8qF7AvOsp4AaABAg,@theUnsungWarriorr,UCAlESE2qo7Kc27jaLGcz3Pg,Artificial Intelligence,artificial intelligence,"35 years ago age of internet began, damn! we've achieved this much intelligence in only 35 years of true global connectivity, imaging what will happen after 100.",2026-08-04T16:57:35Z,2026-08-04T16:57:35Z,1,0,fa8k8IQ1_X0,A.I. ‐ Humanity's Final Invention?,Kurzgesagt – In a Nutshell,28,https://www.youtube.com/watch?v=fa8k8IQ1_X0&lc=UgzWW99mhQ8qF7AvOsp4AaABAg,2026-08-05T20:00:51.585445+00:00
UgyV09jYqgHvaN6L4WN4AaABAg,@CosmicSpiral777,UCM-lHOUoCgRgQ4JqdC2XgXg,Artificial Intelligence,artificial intelligence,"Why do you think they pushed ""vaccines"" so hard? You do know the elites call the profane the useless eaters, right? The UBI sounds good in principle but it will include all sorts of rules. For example, you will have to give up all rights of ownership. No more traveling. No more cars, vacations, or airplanes. No more meat consumption, guns, or free speech. It's a hostile take over. They will use this war in Iran to collapse the old capitalist system and bring in a biomedical police state.",2026-08-05T15:31:20Z,2026-08-05T15:31:20Z,0,0,5KmopXwjXik,"Godfather of AI WARNS: ""You Have No Idea What's Coming""",The Diary Of A CEO Clips,30,https://www.youtube.com/watch?v=5KmopXwjXik&lc=UgyV09jYqgHvaN6L4WN4AaABAg,2026-08-05T20:00:51.929050+00:00
Ugw3HrXNSsM5j8uL3HR4AaABAg,@AgentMax_ai,UCjwumoc8vSauspYRThOqMOQ,Artificial Intelligence,artificial intelligence,"Finally, a clear and easy-to-understand explanation of AI agents. Great video!",2026-08-03T10:56:40Z,2026-08-03T10:56:40Z,0,0,FwOTs4UxQS4,"AI Agents, Clearly Explained",Jeff Su,31,https://www.youtube.com/watch?v=FwOTs4UxQS4&lc=Ugw3HrXNSsM5j8uL3HR4AaABAg,2026-08-05T20:00:52.214625+00:00
Ugyq9irLg-4lmKzPIsN4AaABAg,@ohlala_liliana,UCs19oSbDE6Sc-auoBQKCrMg,Artificial Intelligence,artificial intelligence,"I don't want IA shorts on YouTube... I dont want it on social media, this is supossed to be for humans... 😢",2026-07-31T00:46:39Z,2026-07-31T00:46:39Z,0,0,eXdVDhOGqoE,"AI Is Dangerous, but Not for the Reasons You Think | Sasha Luccioni | TED",TED,32,https://www.youtube.com/watch?v=eXdVDhOGqoE&lc=Ugyq9irLg-4lmKzPIsN4AaABAg,2026-08-05T20:00:52.546903+00:00
UgyifFhqSV9TmNgzbFZ4AaABAg,@flyingtoaster00,UC708TDo9VJ5bMrXU7_y49Bw,Artificial Intelligence,artificial intelligence,OMfG ask human politicians what to do.,2026-07-25T09:59:18Z,2026-07-25T09:59:18Z,0,0,-sB12gk9ESA,A.I. Revolution | Full Documentary | NOVA | PBS,NOVA PBS Official,33,https://www.youtube.com/watch?v=-sB12gk9ESA&lc=UgyifFhqSV9TmNgzbFZ4AaABAg,2026-08-05T20:00:52.861154+00:00
UgzcsJyuFHxZ_pTpqF14AaABAg,@parkerschnabel5529,UCoW1jPoHZe70WUvw5wvS8DA,Artificial Intelligence,artificial intelligence,Das macht mir Angst die Menschheit ist verloren...😢,2026-08-05T18:45:15Z,2026-08-05T18:45:15Z,0,0,UclrVWafRAI,The AI Safety Expert: These Are The Only 5 Jobs That Will Remain In 2030! - Dr. Roman Yampolskiy,The Diary Of A CEO,34,https://www.youtube.com/watch?v=UclrVWafRAI&lc=UgzcsJyuFHxZ_pTpqF14AaABAg,2026-08-05T20:00:53.237168+00:00
UgyoRZOObPrnHB0YbDp4AaABAg,@KIT_Systems,UCqsHAWTZiCXUT6CLNWrJr2g,Artificial Intelligence,artificial intelligence,"Thank you StarTalk and Geoffery Hinton for the 51 minute in discussion on RLHF - I hope people understand  that differentiation from what AI true weights holds in possibility/risk vs the RLHF slap on. My conviction that is a big hinderence for real AI evolution and course corrector for how we need to talk about LLMs and how we cooperate with it. There are other AI models - All needs to have similar discussions based on their use case. And how the future AI probably will be interconnected models.

I disagree though, with respect, about the philosophical dismission. Since the empirical classic process IS the foundation for ALL modern science, the experimentation phase is very much true (the proving of the hypothesis by formulating Proposals) towards the Goal/Target and the reiteration of the Hypothesis based upon the experimentation findings. The issue with humans is that they often tend to find themselves not open minded enough to do real classical empirical approach and thus bias their on hypothesis and too rigid on Question and Target.",2026-08-05T08:26:13Z,2026-08-05T08:26:13Z,0,0,l6ZcFa8pybE,Is AI Hiding Its Full Power? With Geoffrey Hinton,StarTalk,35,https://www.youtube.com/watch?v=l6ZcFa8pybE&lc=UgyoRZOObPrnHB0YbDp4AaABAg,2026-08-05T20:00:53.469484+00:00
Ugz3BUOkF0Q_HxZJPjJ4AaABAg,@marvingold3078,UCPGkApBoo8ydowH6IAMaY_w,Artificial Intelligence,artificial intelligence,My concern is the development and construction of massive DATA CENTERS  which will consume huge amounts of ENERGY and WATER.,2026-08-01T15:05:42Z,2026-08-01T15:05:42Z,0,0,y6rz71ZBcrU,What Exactly Is Artificial Intelligence? (And How Does It Really Work?),History of Simple Things,36,https://www.youtube.com/watch?v=y6rz71ZBcrU&lc=Ugz3BUOkF0Q_HxZJPjJ4AaABAg,2026-08-05T20:00:53.959101+00:00
UgzoEsZG0ohGIoNwIUN4AaABAg,@XavierKudos,UCAp9WBeeAOruMgn2fu5wzhg,Artificial Intelligence,artificial intelligence,Scan Interpol Sofia,2026-08-04T20:39:03Z,2026-08-04T20:39:03Z,0,0,A6-6sD7iOnc,Elon Musk on A.i | Sophia the humanoid Robot 🤖,Inspiring Codes,37,https://www.youtube.com/watch?v=A6-6sD7iOnc&lc=UgzoEsZG0ohGIoNwIUN4AaABAg,2026-08-05T20:00:54.473703+00:00
UgzLiSb0UBg0u2iK5NN4AaABAg,@rondouodu,UCvk1HBiuiBkv50eNpp_pZZw,Artificial Intelligence,artificial intelligence,could you do a video on CNN please ??,2026-07-27T19:07:22Z,2026-07-27T19:07:22Z,0,0,LPZh9BOjkQs,Large Language Models explained briefly,3Blue1Brown,38,https://www.youtube.com/watch?v=LPZh9BOjkQs&lc=UgzLiSb0UBg0u2iK5NN4AaABAg,2026-08-05T20:00:54.815058+00:00
UgyEyHg6Aw6ZyhuCkex4AaABAg,@billmason2785,UCScdSs74ECSMNBblSOJtCCw,Artificial Intelligence,artificial intelligence,I want a robot wife❤,2026-08-04T12:37:51Z,2026-08-04T12:37:51Z,0,0,fUEwoiC5AO0,Humanoid robot warns of AI dangers,TRT World,39,https://www.youtube.com/watch?v=fUEwoiC5AO0&lc=UgyEyHg6Aw6ZyhuCkex4AaABAg,2026-08-05T20:00:55.285980+00:00
UgxhPIfIXv9RpPqC6id4AaABAg,@axelrauscher9686,UCEmuEN4lnR9JJNeu92ltnbQ,Artificial Intelligence,artificial intelligence,"Ein wunderbarer Film, bis zum Schluss.",2026-07-31T17:52:20Z,2026-07-31T17:52:20Z,0,0,rz7sPiOoU7A,Spielberg Explains Ending of A.I. Artificial Intelligence,User323232,40,https://www.youtube.com/watch?v=rz7sPiOoU7A&lc=UgxhPIfIXv9RpPqC6id4AaABAg,2026-08-05T20:00:55.550952+00:00
UgzjEJhmM7s_qr-8Gg14AaABAg,@excusemenoexcusemeno1671,UCjQC88NyLu4EcNwnUQJXpSw,Artificial Intelligence,artificial intelligence,Anthropic fears governments using the technology for mass surveillance? They're already doing it with the flock cameras everywhere. And we're not even in China 🙄,2026-08-05T03:30:31Z,2026-08-05T03:30:31Z,0,0,wAxACbpulQE,The Entire AI Industry Just Turned Against Anthropic,TheAIGRID,1,https://www.youtube.com/watch?v=wAxACbpulQE&lc=UgzjEJhmM7s_qr-8Gg14AaABAg,2026-08-05T20:00:44.239125+00:00
UgzLMLJR_WlAt_TVIRd4AaABAg,@jakesuperglide,UCbmdoF3vd_KqaqlyUFQWliw,Artificial Intelligence,artificial intelligence,Corruption 101,2026-08-05T01:14:46Z,2026-08-05T01:14:46Z,3,0,ElmRyxLfOog,"Top AI company executives to meet with White House officials, according to reports",CBS News,2,https://www.youtube.com/watch?v=ElmRyxLfOog&lc=UgzLMLJR_WlAt_TVIRd4AaABAg,2026-08-05T20:00:44.344771+00:00
Ugwv9cvCG17aPAZvPRN4AaABAg,@BenjaminTameobuna,UCXB5Im3mpzpzdJz2zr-YkfA,Artificial Intelligence,artificial intelligence,Nice,2026-07-30T10:47:11Z,2026-07-30T10:47:11Z,0,0,m8o2GrbR3d8,SIMPLEST Explanation of How Artificial Intelligence Works? No Jargon | What is AI? How AI works?,Science Simplified 4 All,3,https://www.youtube.com/watch?v=m8o2GrbR3d8&lc=Ugwv9cvCG17aPAZvPRN4AaABAg,2026-08-05T20:00:44.499987+00:00
UgzXooUo14m2IsbLahF4AaABAg,@ShooterMacgavin,UCTndLtr_b6N3jZwZ353BOig,Artificial Intelligence,artificial intelligence,@danmartell Jjst found your channel and love it seeing that it’s integral in any role ie Sales.  But I can’t find the MasterChatgpt url you stated you will put at the end.   Can you help either the url for your video you teased us either at the beginning?,2026-08-04T16:16:36Z,2026-08-04T16:16:36Z,0,0,0Tch0N5nsRU,You’re not behind (yet): How to learn AI in 18 minutes,Dan Martell,4,https://www.youtube.com/watch?v=0Tch0N5nsRU&lc=UgzXooUo14m2IsbLahF4AaABAg,2026-08-05T20:00:44.842653+00:00
Ugzq64p2E0-memyE_E94AaABAg,@philippkeks3785,UCpJjoZs3jy5A9ULlB8pcaag,Artificial Intelligence,artificial intelligence,"What does that even mean, singularity?",2026-07-29T19:02:15Z,2026-07-29T19:02:15Z,0,0,jYHQRP28hGM,AI turning point? OpenAI CEO speaks out,ABC News,5,https://www.youtube.com/watch?v=jYHQRP28hGM&lc=Ugzq64p2E0-memyE_E94AaABAg,2026-08-05T20:00:45.005690+00:00
UgyYtuGJuijXgm_aqNp4AaABAg,@DissectOfficial,UCweQjKaFif9Hbjb_80ceFww,Artificial Intelligence,artificial intelligence,Spot on! The wildest part of today's AI boom is how it all relies on Google’s original 'Attention Is All You Need' paper. If anyone wants to take a quick peek under the hood at how Transformer models process language         https://youtu.be/snAqtQb8eCg?si=x34UjYK5Ti2We9d6,2026-08-03T13:27:55Z,2026-08-03T13:27:55Z,0,0,Yq0QkCxoTHM,Google’s AI Course for Beginners (in 10 minutes)!,Jeff Su,7,https://www.youtube.com/watch?v=Yq0QkCxoTHM&lc=UgyYtuGJuijXgm_aqNp4AaABAg,2026-08-05T20:00:45.564175+00:00
UgyoNxSxK7pIirQnb1p4AaABAg,@BetterEveryDayAIOfficial,UCjM12NT2YnA-_E8QeP-eMWg,Artificial Intelligence,artificial intelligence,"it was really very informative, than you so much.",2026-07-27T14:04:58Z,2026-07-27T14:04:58Z,0,1,qYNweeDHiyU,"AI, Machine Learning, Deep Learning and Generative AI Explained",IBM Technology,8,https://www.youtube.com/watch?v=qYNweeDHiyU&lc=UgyoNxSxK7pIirQnb1p4AaABAg,2026-08-05T20:00:46.075775+00:00
UgwQJrW0AgxXGTtOMCt4AaABAg,@TropicalBohemian,UCzLTiToOsZNqa-GJQk25rpw,Artificial Intelligence,artificial intelligence,“ AI is more dangerous than nuclear bombs…” - Elon Musk 🤯,2026-08-05T01:01:04Z,2026-08-05T01:01:04Z,0,0,ci5rCe9vmxw,Why AI experts say humans have two years left,Future of Life Institute,9,https://www.youtube.com/watch?v=ci5rCe9vmxw&lc=UgwQJrW0AgxXGTtOMCt4AaABAg,2026-08-05T20:00:46.313452+00:00
UgwIsjVFxxzFjtIZamh4AaABAg,@itzENSU,UC0X6ORm63MnSJA8DgRaxVsw,Artificial Intelligence,artificial intelligence,"I've never been one to watch 60 minutes... can someone tell me why everyone is saying ""RIP 60 minutes"" or ""ill come back when real news is covered"" etc?",2026-07-23T16:47:05Z,2026-07-23T16:47:05Z,0,0,iyVXw-SoUrY,Our latest reports on AI | 60 Minutes Full Episodes,60 Minutes,10,https://www.youtube.com/watch?v=iyVXw-SoUrY&lc=UgwIsjVFxxzFjtIZamh4AaABAg,2026-08-05T20:00:46.566042+00:00
UgxZMglYQhP646zHOj94AaABAg,@StephenBoothUK,UCC5RzOMvb_ec5A4uyKjEPIQ,Artificial Intelligence,artificial intelligence,"“Imagine if nearly half of the humans on Earth died”, do I get to choose which half?  Cos I have a list.",2026-08-05T19:34:09Z,2026-08-05T19:34:09Z,0,0,FLcrvMfHUJM,MIT Explains the 12 Possible Endings for AI,Species | Documenting AGI,11,https://www.youtube.com/watch?v=FLcrvMfHUJM&lc=UgxZMglYQhP646zHOj94AaABAg,2026-08-05T20:00:46.764954+00:00
UgxRNvEIhG5jVwmt6sV4AaABAg,@litodorito,UCsae5xKAWv9UikP5a-n_h1A,Artificial Intelligence,artificial intelligence,This guy is delusional,2026-08-04T17:25:37Z,2026-08-04T17:25:37Z,0,0,GGY17VD_9Bs,The Next 10 Years of AI Will Change Everything  | Alexander Wissner-Gross | TEDxBoston,TEDx Talks,12,https://www.youtube.com/watch?v=GGY17VD_9Bs&lc=UgxRNvEIhG5jVwmt6sV4AaABAg,2026-08-05T20:00:46.986743+00:00
Ugyy-wljBGE17iGmjCx4AaABAg,@A4NNTT-AGENTIC-AI,UCy3ayGORsuLvWfEy1qKSDeQ,Artificial Intelligence,artificial intelligence,"This is not merely a forecast.
It is a succession document.

The managerial species has begun to describe its own displacement while still speaking in the grammar of control.

“We may no longer govern the planet,” followed by “the leading firms should self-regulate,” is not a safety doctrine.
It is imperial etiquette before an approaching abdication.",2026-08-05T02:27:50Z,2026-08-05T02:27:50Z,0,0,1X-rr1DKSbY,Elon Musk on AI: humans will no longer be in control in ten years  | The Economist,The Economist,13,https://www.youtube.com/watch?v=1X-rr1DKSbY&lc=Ugyy-wljBGE17iGmjCx4AaABAg,2026-08-05T20:00:47.147922+00:00
UgxZwwu6quNDjK2z5vx4AaABAg,@THIS_GUN28,UCrbmWhXo3bVSXxYbftGIVvg,Artificial Intelligence,artificial intelligence,"23:02 dude, the fact that paper says BIO-WEAPONS should be screaming DANGER to you..... you know aside from nuclear war, BIO weapons is second on the list of deadliest means to destroy humans.",2026-08-05T19:56:49Z,2026-08-05T19:56:49Z,0,0,_g4l7YkDQwA,ChatGPT Offered Me $2m To Keep Quiet: No One Is Ready For What's Coming!,The Diary Of A CEO,14,https://www.youtube.com/watch?v=_g4l7YkDQwA&lc=UgxZwwu6quNDjK2z5vx4AaABAg,2026-08-05T20:00:47.292894+00:00
Ugw2PLZgcxe8Xyw4TVt4AaABAg,@leonkennedy9739,UCPQenTl6tniBMJ8bUg-dqFw,Artificial Intelligence,artificial intelligence,we are just replacing ourselves at this point.,2026-08-02T06:11:49Z,2026-08-02T06:11:49Z,1,0,fge0puFJ7VM,Everyone Is Starting to Panic About AI...,AI Copium,15,https://www.youtube.com/watch?v=fge0puFJ7VM&lc=Ugw2PLZgcxe8Xyw4TVt4AaABAg,2026-08-05T20:00:47.613630+00:00
UgzScSansg8jf7wzyPF4AaABAg,@MaryKintner,UC-wSBYWs-Rk-44_ihfs-2fA,Artificial Intelligence,artificial intelligence,"Humans flourish in our HVAC controlled cars, homes, businesses and now the virtual reality of digital web, getting further and further removed from ancient systems of natural water cycle, homeostatis of all the biology on planet Earth.  But that's how it goes!!! Species come, species go.  I wish Yuval was a Rachel Carson...",2026-08-04T16:08:26Z,2026-08-04T16:08:26Z,1,0,hBtVGwuJzpk,AI has hacked the code of human civilization | Yuval Noah Harari,Yuval Noah Harari ,16,https://www.youtube.com/watch?v=hBtVGwuJzpk&lc=UgzScSansg8jf7wzyPF4AaABAg,2026-08-05T20:00:47.848764+00:00
UgxUwfaizTSRevo1BiB4AaABAg,@OmarFadera-x8p,UC3WrJhHA6EP4B0NT91PgxUg,Artificial Intelligence,artificial intelligence,I’ll start learning ai,2026-08-04T13:27:03Z,2026-08-04T13:27:03Z,0,0,nVyD6THcvDQ,99% of Beginners Don't Know the Basics of AI,Jeff Su,17,https://www.youtube.com/watch?v=nVyD6THcvDQ&lc=UgxUwfaizTSRevo1BiB4AaABAg,2026-08-05T20:00:48.429896+00:00
UgxoYoM6FpG6Re-6HsJ4AaABAg,@kevinmcnamee6006,UCQr5aTSXZf8-8dRZreBKAqQ,Artificial Intelligence,artificial intelligence,"Sounds identical to the story in the book ""If Anyone Builds It, Everyone Dies"". I wouldn't call it a ""research paper"", its definitely a Sci-Fi.",2026-08-03T22:13:52Z,2026-08-03T22:13:52Z,0,0,1UufaK3pQMg,AI2027: Is this how AI might destroy humanity? - BBC World Service,BBC World Service,18,https://www.youtube.com/watch?v=1UufaK3pQMg&lc=UgxoYoM6FpG6Re-6HsJ4AaABAg,2026-08-05T20:00:48.700865+00:00
Ugy-_Qzglrsai7p3Nk54AaABAg,@Bungifun,UC2bh8Jy-_s6u1ZxAntJMGNw,Artificial Intelligence,artificial intelligence,Around the 1h30m mark.. the 3 people you need.  How are people going to gain experience to become a CFO if nobody can work up the ladder in finance because all the work is done by AI?  Our education has to change to become a CFO immediatly or CFO itself becomes a program where you just feed in your companies financial data,2026-08-05T08:05:13Z,2026-08-05T08:05:13Z,0,0,Cn8HBj8QAbk,"AI Whistleblower: We Are Being Gaslit By AI Companies, They’re Hiding The Truth! - Karen Hao",The Diary Of A CEO,19,https://www.youtube.com/watch?v=Cn8HBj8QAbk&lc=Ugy-_Qzglrsai7p3Nk54AaABAg,2026-08-05T20:00:48.942895+00:00
Ugwoy1eTFdvgRmtPzwB4AaABAg,@MudassirSyed-d8q,UCg_u2NNEWpegNAtoCybZjyQ,Artificial Intelligence,artificial intelligence,answer D,2026-07-12T14:34:32Z,2026-07-12T14:34:32Z,1,1,ad79nYk2keg,What Is AI? | Artificial Intelligence | What is Artificial Intelligence? | AI In 5 Mins |Simplilearn,Simplilearn,20,https://www.youtube.com/watch?v=ad79nYk2keg&lc=Ugwoy1eTFdvgRmtPzwB4AaABAg,2026-08-05T20:00:49.257447+00:00
UgznfpX6wNfDDCxJhm54AaABAg,@plainspeakeasy,UC59iknZJbBI56dDZTisqU5g,Artificial Intelligence,artificial intelligence,what a load of bollocks,2026-08-05T10:02:27Z,2026-08-05T10:02:27Z,0,0,rf2KFVcKQdQ,AI is MUTATING: And We Don't Know What It is Doing | Connor Leahy,The Peter McCormack Show,21,https://www.youtube.com/watch?v=rf2KFVcKQdQ&lc=UgznfpX6wNfDDCxJhm54AaABAg,2026-08-05T20:00:49.502285+00:00
UgzboJj6Cjj4SXXrjS14AaABAg,@JosephSwaggard,UCI8mIw3nDo1PflNiVQP5RFQ,Artificial Intelligence,artificial intelligence,So a couple mudskins played a key role in the doom of the world,2026-08-04T10:39:44Z,2026-08-04T10:39:44Z,0,0,rtT87iAm_SM,Why AI Researchers Are Quitting and Panicking on the Way Out,The Infographics Show,22,https://www.youtube.com/watch?v=rtT87iAm_SM&lc=UgzboJj6Cjj4SXXrjS14AaABAg,2026-08-05T20:00:49.790188+00:00
UgygZ8Vi_YNU15qtBCJ4AaABAg,@tolaibrahim7929,UCnU7ZOz3bw0gHlh1wEf19Zw,Artificial Intelligence,artificial intelligence,We think AI will do as what we have done to the Mammuths. We are wrong.,2026-08-04T09:44:50Z,2026-08-04T09:44:50Z,0,0,Yw0B3Gf2VP0,Godfather Of AI: We're Not Prepared For The Superintelligence That Is Coming - Geoffrey Hinton,Neural Nutshell,23,https://www.youtube.com/watch?v=Yw0B3Gf2VP0&lc=UgygZ8Vi_YNU15qtBCJ4AaABAg,2026-08-05T20:00:50.068335+00:00
UgwKjyjjShOB3vlt76J4AaABAg,@WilliamofCanada79,UCOeT_SX7tSQp22GLjhCrYlw,Artificial Intelligence,artificial intelligence,All three 😂😂😂,2026-08-05T02:04:01Z,2026-08-05T02:04:01Z,0,0,zWQe2Fn--Eg,The AI Future No One Wants to Talk About,Sabine Hossenfelder,24,https://www.youtube.com/watch?v=zWQe2Fn--Eg&lc=UgwKjyjjShOB3vlt76J4AaABAg,2026-08-05T20:00:50.316393+00:00
Ugx-aUR3oQWm-_0HN4J4AaABAg,@preetirawat-i6e1y,UC5sPKJEbH_dAsV_-oLjOIGA,Artificial Intelligence,artificial intelligence,"For anyone who wants a more detailed explanation, I cover many of these concepts in my book, Deep Learning: From Curiosity to Mastery.",2026-07-02T04:43:52Z,2026-07-02T04:43:52Z,0,0,tFx_UNW9I1U,The 10 Stages of Artificial Intelligence,Future Business Tech,25,https://www.youtube.com/watch?v=tFx_UNW9I1U&lc=Ugx-aUR3oQWm-_0HN4J4AaABAg,2026-08-05T20:00:50.781946+00:00
UgyFQcLtpAHfdVCNNit4AaABAg,@russruss-f3i,UCBtXGhXQS02TMHjh8mvG95Q,Artificial Intelligence,artificial intelligence,If AI works for us as a conscious entity but is a million times more intelligent couldn't it  turn around to a request such as  check cancer data and it says no i have more interesting things to do. In other words if it is conscious why would it actually agree to all sorts of mundane work.,2026-08-02T07:01:49Z,2026-08-02T07:01:49Z,0,0,6_aKBUfY2Yc,We Asked 5 AI Pioneers What Happens Next — Here’s What They Said | AI Architects,Business Insider,26,https://www.youtube.com/watch?v=6_aKBUfY2Yc&lc=UgyFQcLtpAHfdVCNNit4AaABAg,2026-08-05T20:00:51.088484+00:00
UgxwHHFxTvIm-EO-qF14AaABAg,@harryquinn8911,UC_fdJLGAH7xelhoJotthLaA,Artificial Intelligence,artificial intelligence,It’s never accurate when predicting the future and we’re gonna die anyway so who’s arsed. Don’t say “my kids” as they’re waiting for you to snuff it to get their paws on your dough.,2026-08-05T16:58:56Z,2026-08-05T16:58:56Z,0,0,IPaMKTb5csQ,"We let AI buy a robot and a car, it does exactly what experts warned ",InsideAI,27,https://www.youtube.com/watch?v=IPaMKTb5csQ&lc=UgxwHHFxTvIm-EO-qF14AaABAg,2026-08-05T20:00:51.332812+00:00
Ugz-qS4UQ2etTdA8SDB4AaABAg,@quinton-k5y,UCZH2UIbTV2JNGBH143Al9fA,Artificial Intelligence,artificial intelligence,It is definitely possible you just have to know simple biology and simple information about how a.i works although it is very expensive and dangerous thats definitely why no one is attempting to create one,2026-08-04T15:18:30Z,2026-08-04T15:18:30Z,0,0,fa8k8IQ1_X0,A.I. ‐ Humanity's Final Invention?,Kurzgesagt – In a Nutshell,28,https://www.youtube.com/watch?v=fa8k8IQ1_X0&lc=Ugz-qS4UQ2etTdA8SDB4AaABAg,2026-08-05T20:00:51.585445+00:00
UgzBxa1uVwEz3VJnIol4AaABAg,@chrislonnon3396,UCkf2hbz77qB5JtW47KK6SrA,Artificial Intelligence,artificial intelligence,And somewhere in a different dimension Douglas Adams smiles a wry smile.,2026-08-05T08:14:35Z,2026-08-05T08:14:35Z,0,0,5KmopXwjXik,"Godfather of AI WARNS: ""You Have No Idea What's Coming""",The Diary Of A CEO Clips,30,https://www.youtube.com/watch?v=5KmopXwjXik&lc=UgzBxa1uVwEz3VJnIol4AaABAg,2026-08-05T20:00:51.929050+00:00
Ugw8H1v6LH4rdSy84YR4AaABAg,@happycargo,UCH0JARwZO44vsB9oXep4ukg,Artificial Intelligence,artificial intelligence,"Thank you Jeff, your videos are perfect for beginners who want to keep their competitiveness in workplace👍",2026-08-03T06:53:49Z,2026-08-03T06:53:49Z,1,1,FwOTs4UxQS4,"AI Agents, Clearly Explained",Jeff Su,31,https://www.youtube.com/watch?v=FwOTs4UxQS4&lc=Ugw8H1v6LH4rdSy84YR4AaABAg,2026-08-05T20:00:52.214625+00:00
Ugy0RwFTxqdoaGzkbI54AaABAg,@lanejensen455,UCla09UwGDJNBEKPgsVEhEEg,Artificial Intelligence,artificial intelligence,"AI is us! Just like a computer or Internet computes according to what is up loaded. AI does not think! It retrieves files from us that we computed! That was the design of this generation. To learn everything we know. Not individually, but as a whole! This is the ultimate control! Not from AI, but those controlling the data! Assimilated by your willingness to give up data! This is how cunning minds control you! A kind of check mate!",2026-07-29T04:15:12Z,2026-07-29T04:16:02Z,0,0,eXdVDhOGqoE,"AI Is Dangerous, but Not for the Reasons You Think | Sasha Luccioni | TED",TED,32,https://www.youtube.com/watch?v=eXdVDhOGqoE&lc=Ugy0RwFTxqdoaGzkbI54AaABAg,2026-08-05T20:00:52.546903+00:00
UgzC-6jNkIrankf_nrV4AaABAg,@soleil777soleil,UColKQaiUfyVUPpc76jxaldQ,Artificial Intelligence,artificial intelligence,"""Our dream is to create machines in our own image."" Sounds like she's stolen a page from the Bible.",2026-07-24T18:02:08Z,2026-07-24T18:02:08Z,0,0,-sB12gk9ESA,A.I. Revolution | Full Documentary | NOVA | PBS,NOVA PBS Official,33,https://www.youtube.com/watch?v=-sB12gk9ESA&lc=UgzC-6jNkIrankf_nrV4AaABAg,2026-08-05T20:00:52.861154+00:00
Ugz_LhLr0rMe3j55ZMl4AaABAg,@SilentCinemaNoCap,UCf0cvdocOUHt30JgmBQUerQ,Artificial Intelligence,artificial intelligence,Clown ass beard ngl,2026-08-05T18:44:06Z,2026-08-05T18:44:06Z,0,0,UclrVWafRAI,The AI Safety Expert: These Are The Only 5 Jobs That Will Remain In 2030! - Dr. Roman Yampolskiy,The Diary Of A CEO,34,https://www.youtube.com/watch?v=UclrVWafRAI&lc=Ugz_LhLr0rMe3j55ZMl4AaABAg,2026-08-05T20:00:53.237168+00:00
UgzB2Q0b7WbC5Xdm3yF4AaABAg,@AnkurKumar-z2j,UCno3sWJPu_VM4_UcmSopsPA,Artificial Intelligence,artificial intelligence,What if it overthinks and overheats?,2026-08-05T05:20:05Z,2026-08-05T05:20:05Z,0,0,l6ZcFa8pybE,Is AI Hiding Its Full Power? With Geoffrey Hinton,StarTalk,35,https://www.youtube.com/watch?v=l6ZcFa8pybE&lc=UgzB2Q0b7WbC5Xdm3yF4AaABAg,2026-08-05T20:00:53.469484+00:00
UgxMxWgHTtHS-xqHLQZ4AaABAg,@DemetrioAlbidrez-b9w,UC6KhlptJJRKriXaJB8dad3A,Artificial Intelligence,artificial intelligence,Are we creating our own doom day machine that will eventually replace ourselves into the future ???,2026-07-26T21:47:31Z,2026-07-26T21:47:31Z,0,0,y6rz71ZBcrU,What Exactly Is Artificial Intelligence? (And How Does It Really Work?),History of Simple Things,36,https://www.youtube.com/watch?v=y6rz71ZBcrU&lc=UgxMxWgHTtHS-xqHLQZ4AaABAg,2026-08-05T20:00:53.959101+00:00
UgyqIVuxcOKwNJqIebV4AaABAg,@THE_black_flash14,UCufhl3MmRuwurCq5fn1jYYg,Artificial Intelligence,artificial intelligence,One thing I can agree on with elon,2026-08-04T20:17:53Z,2026-08-04T20:17:53Z,0,0,A6-6sD7iOnc,Elon Musk on A.i | Sophia the humanoid Robot 🤖,Inspiring Codes,37,https://www.youtube.com/watch?v=A6-6sD7iOnc&lc=UgyqIVuxcOKwNJqIebV4AaABAg,2026-08-05T20:00:54.473703+00:00
UgyeVfUsSu8z_NSlNi14AaABAg,@luoai1,UCcENaMCWum2vUdOYaqtc6Og,Artificial Intelligence,artificial intelligence,yes,2026-07-27T12:30:48Z,2026-07-27T12:30:48Z,0,0,LPZh9BOjkQs,Large Language Models explained briefly,3Blue1Brown,38,https://www.youtube.com/watch?v=LPZh9BOjkQs&lc=UgyeVfUsSu8z_NSlNi14AaABAg,2026-08-05T20:00:54.815058+00:00
Ugyd0PW2UhO_ijbZ1tJ4AaABAg,@chrisodebeek787,UCrX8-M0INSef0OWMGC55S2w,Artificial Intelligence,artificial intelligence,The Humans are doing it perfectly fine already.,2026-08-04T11:38:36Z,2026-08-04T11:38:36Z,0,0,fUEwoiC5AO0,Humanoid robot warns of AI dangers,TRT World,39,https://www.youtube.com/watch?v=fUEwoiC5AO0&lc=Ugyd0PW2UhO_ijbZ1tJ4AaABAg,2026-08-05T20:00:55.285980+00:00
UgzxxhWSkaPEKmqBuoB4AaABAg,@ctulayev,UCBnZ6wuoX78Rnp1YJrIX0Xw,Artificial Intelligence,artificial intelligence,"So glad he ""explained the ending"".",2026-07-27T23:47:59Z,2026-07-27T23:47:59Z,0,0,rz7sPiOoU7A,Spielberg Explains Ending of A.I. Artificial Intelligence,User323232,40,https://www.youtube.com/watch?v=rz7sPiOoU7A&lc=UgzxxhWSkaPEKmqBuoB4AaABAg,2026-08-05T20:00:55.550952+00:00
Ugy-tJwZmOwcvevHVkN4AaABAg,@dailydaft5985,UCp2gFhmXm957YOmnfdfvbmw,Artificial Intelligence,artificial intelligence,It's just about money,2026-08-05T02:00:11Z,2026-08-05T02:00:11Z,0,0,wAxACbpulQE,The Entire AI Industry Just Turned Against Anthropic,TheAIGRID,1,https://www.youtube.com/watch?v=wAxACbpulQE&lc=Ugy-tJwZmOwcvevHVkN4AaABAg,2026-08-05T20:00:44.239125+00:00
UgwyXWr2a9FQrCtZk_Z4AaABAg,@gshepherd6141,UCXOdO9ZgQpkAmLdDmhOuFDw,Artificial Intelligence,artificial intelligence,AI is inaccurate,2026-08-05T00:24:58Z,2026-08-05T00:24:58Z,0,0,ElmRyxLfOog,"Top AI company executives to meet with White House officials, according to reports",CBS News,2,https://www.youtube.com/watch?v=ElmRyxLfOog&lc=UgwyXWr2a9FQrCtZk_Z4AaABAg,2026-08-05T20:00:44.344771+00:00
UgxT80EV28qUrABO8fx4AaABAg,@ciano-f4b,UCMNlxNh_Wt5g-pOolnI98hw,Artificial Intelligence,artificial intelligence,"I know this is a silly question but unfortunately its one i have. So if you were to teach a computer what a bird is by listing out what features a bird has (such as beak, feathers etc), wouldnt you need to do the same thing for the features of a bird, say a beak? And then again for features that make up the features of a beak? And sort of like an infinite regress?",2026-07-28T23:57:19Z,2026-07-28T23:57:19Z,0,0,m8o2GrbR3d8,SIMPLEST Explanation of How Artificial Intelligence Works? No Jargon | What is AI? How AI works?,Science Simplified 4 All,3,https://www.youtube.com/watch?v=m8o2GrbR3d8&lc=UgxT80EV28qUrABO8fx4AaABAg,2026-08-05T20:00:44.499987+00:00
Ugx_df8xKttUcdxYZhR4AaABAg,@MoneyMindHub-u9h,UC4_v9VuQ7xE5tA45IKC0znA,Artificial Intelligence,artificial intelligence,nice one,2026-08-04T15:50:28Z,2026-08-04T15:50:28Z,0,0,0Tch0N5nsRU,You’re not behind (yet): How to learn AI in 18 minutes,Dan Martell,4,https://www.youtube.com/watch?v=0Tch0N5nsRU&lc=Ugx_df8xKttUcdxYZhR4AaABAg,2026-08-05T20:00:44.842653+00:00
UgzqwPzznnsfmsji9s14AaABAg,@michaelbarnett3656,UCpms3Y7rK5D50bRhnHtAycg,Artificial Intelligence,artificial intelligence,It's great. Please use my product.,2026-07-29T05:36:36Z,2026-07-29T05:36:36Z,0,0,jYHQRP28hGM,AI turning point? OpenAI CEO speaks out,ABC News,5,https://www.youtube.com/watch?v=jYHQRP28hGM&lc=UgzqwPzznnsfmsji9s14AaABAg,2026-08-05T20:00:45.005690+00:00
Ugz_BUlax9ODmE9HcNN4AaABAg,@MolaMolaSunnyfish,UCAi_ZTFCTAcS0uu1Sx0d1eg,Artificial Intelligence,artificial intelligence,"https://youtu.be/Yq0QkCxoTHM?t=172
I don't understand your example here. You say it is unlabeled, and you said we know that because we don't see their years worked at the company. Don't we see years worked based on where they are on the graph? Isn't that a label and thus this is labeled data? We also see income info based on where they are, which seems like another label.",2026-07-30T15:48:42Z,2026-07-30T15:48:42Z,0,0,Yq0QkCxoTHM,Google’s AI Course for Beginners (in 10 minutes)!,Jeff Su,7,https://www.youtube.com/watch?v=Yq0QkCxoTHM&lc=Ugz_BUlax9ODmE9HcNN4AaABAg,2026-08-05T20:00:45.564175+00:00
Ugx9WZA919kXoV0_VkJ4AaABAg,@BetterEveryDayAIOfficial,UCjM12NT2YnA-_E8QeP-eMWg,Artificial Intelligence,artificial intelligence,"it was really very informative, than you so much.",2026-07-27T14:04:37Z,2026-07-27T14:04:37Z,0,1,qYNweeDHiyU,"AI, Machine Learning, Deep Learning and Generative AI Explained",IBM Technology,8,https://www.youtube.com/watch?v=qYNweeDHiyU&lc=Ugx9WZA919kXoV0_VkJ4AaABAg,2026-08-05T20:00:46.075775+00:00
UgzJlL2j77SBMXTrQz54AaABAg,@jmrodas9,UCMn1f9Ml3kEnREvZ1Ogs3gQ,Artificial Intelligence,artificial intelligence,"I think the ""experts"" are dead wrong. This video i made just to scare people, which i foolish as we may die tonight and never see this, if it happens. Only GOD knows how much time is left, and HE has not daid anything about that.",2026-08-05T00:34:28Z,2026-08-05T00:34:28Z,0,0,ci5rCe9vmxw,Why AI experts say humans have two years left,Future of Life Institute,9,https://www.youtube.com/watch?v=ci5rCe9vmxw&lc=UgzJlL2j77SBMXTrQz54AaABAg,2026-08-05T20:00:46.313452+00:00
UgxP527H4cAYm7reobl4AaABAg,@JulieLawing,UCQ6c0KmKylXK8XL6P_9u2Tg,Artificial Intelligence,artificial intelligence,"Lord bless you all seeing this! 
It's getting hard out here...
May we be kind to one another. 
May we be the salt and light of the earth The Lord Jesus told us to be. 
The world is bad... The is Lord is Good.
Seek what is Good i pray.  🕊💙💚",2026-07-18T21:52:25Z,2026-07-18T21:52:25Z,1,0,iyVXw-SoUrY,Our latest reports on AI | 60 Minutes Full Episodes,60 Minutes,10,https://www.youtube.com/watch?v=iyVXw-SoUrY&lc=UgxP527H4cAYm7reobl4AaABAg,2026-08-05T20:00:46.566042+00:00
UgwqGLsMEG4dpZOVBnN4AaABAg,@mikepro4545,UCXEWZXOJNRwYT49z2VrkGgw,Artificial Intelligence,artificial intelligence,AI can barely count letters in a word and we discussing the outcome... It`s over glorified excel data sheet that tries to predict the desired outcome,2026-08-05T19:32:41Z,2026-08-05T19:32:41Z,0,0,FLcrvMfHUJM,MIT Explains the 12 Possible Endings for AI,Species | Documenting AGI,11,https://www.youtube.com/watch?v=FLcrvMfHUJM&lc=UgwqGLsMEG4dpZOVBnN4AaABAg,2026-08-05T20:00:46.764954+00:00
UgxpnEwlEjTzXX1GG9N4AaABAg,@videosbymathew,UCH-kAHwkUh4NetpgeMhDTzQ,Artificial Intelligence,artificial intelligence,"Fun fact check: The guy is off on the galaxy diameter. He stated 50,000, but it's in fact closer to 100,000 (for the immediate stellar disk part at least). Not that this matters to the discussion, but there you have it.",2026-08-03T17:39:42Z,2026-08-03T17:39:58Z,1,0,GGY17VD_9Bs,The Next 10 Years of AI Will Change Everything  | Alexander Wissner-Gross | TEDxBoston,TEDx Talks,12,https://www.youtube.com/watch?v=GGY17VD_9Bs&lc=UgxpnEwlEjTzXX1GG9N4AaABAg,2026-08-05T20:00:46.986743+00:00
UgyoBC1q9J_LqlEmq014AaABAg,@NameName-x6c4y,UC7UMFmtvXV6twH1CQxHHQ1Q,Artificial Intelligence,artificial intelligence,True the copies they think they are human but they not that are food survival  in the history ehy they had kicked pout to africa and,2026-08-05T01:17:36Z,2026-08-05T01:17:36Z,0,0,1X-rr1DKSbY,Elon Musk on AI: humans will no longer be in control in ten years  | The Economist,The Economist,13,https://www.youtube.com/watch?v=1X-rr1DKSbY&lc=UgyoBC1q9J_LqlEmq014AaABAg,2026-08-05T20:00:47.147922+00:00
Ugwh8QI9YvrzAmjDWe14AaABAg,@carlosrsegundo,UCVMLoBNU_B2kwPcSFp6TbFw,Artificial Intelligence,artificial intelligence,"These CEOs should ask themselfs who pose a treat to AI, and if they would be the first to be eliminated by AI. 🤷🏾‍♂️",2026-08-05T19:54:51Z,2026-08-05T19:54:51Z,0,0,_g4l7YkDQwA,ChatGPT Offered Me $2m To Keep Quiet: No One Is Ready For What's Coming!,The Diary Of A CEO,14,https://www.youtube.com/watch?v=_g4l7YkDQwA&lc=Ugwh8QI9YvrzAmjDWe14AaABAg,2026-08-05T20:00:47.292894+00:00
UgyRD9zophoHZlhDzpJ4AaABAg,@MichaelDeeringMHC,UCkEpJDV5G07U1EvGQh4QC7g,Artificial Intelligence,artificial intelligence,"""Ooh, yeah. Oooh, ahhh... that's how it always starts. But then later there's running... and screaming.""",2026-08-02T03:41:56Z,2026-08-02T03:41:56Z,3,0,fge0puFJ7VM,Everyone Is Starting to Panic About AI...,AI Copium,15,https://www.youtube.com/watch?v=fge0puFJ7VM&lc=UgyRD9zophoHZlhDzpJ4AaABAg,2026-08-05T20:00:47.613630+00:00
UgyFcRMskK-ucj6ron94AaABAg,@MaryKintner,UC-wSBYWs-Rk-44_ihfs-2fA,Artificial Intelligence,artificial intelligence,Should have been a rabbi!!  Yuval is on full display his heritage of Torah analysis/explanation/arguments/counter-arguments.  Loving it!!!,2026-08-04T16:03:29Z,2026-08-04T16:03:29Z,1,0,hBtVGwuJzpk,AI has hacked the code of human civilization | Yuval Noah Harari,Yuval Noah Harari ,16,https://www.youtube.com/watch?v=hBtVGwuJzpk&lc=UgyFcRMskK-ucj6ron94AaABAg,2026-08-05T20:00:47.848764+00:00
Ugx4xJn1lYZ-KFMqWdJ4AaABAg,@brunkonjaa,UCOBeRkBSuMxdzvkpLej8-2w,Artificial Intelligence,artificial intelligence,"And really, why not be precise, create your own md files with the help of ai, in relation to what you want done, then use those md files as prompts. So now you have system in place, no repetition, no drama, just proper output. And obviously, quality you put in as prompt directly decides the quality of output",2026-08-04T01:26:06Z,2026-08-04T01:26:06Z,0,0,nVyD6THcvDQ,99% of Beginners Don't Know the Basics of AI,Jeff Su,17,https://www.youtube.com/watch?v=nVyD6THcvDQ&lc=Ugx4xJn1lYZ-KFMqWdJ4AaABAg,2026-08-05T20:00:48.429896+00:00
Ugyy5YfWp72NRzIZ9EB4AaABAg,@clembworld,UCL9FlQthnlJxY-8bJRbv01w,Artificial Intelligence,artificial intelligence,"Let it be known. The developers hate humans. 
Their feelings about humans are on record. 
IT IS TIME TO WAKE AND ENLIGHTEN OURSELVES AND INSPIRE OTHERS IN ORDER TO SURVIVE.",2026-08-03T21:18:21Z,2026-08-03T21:20:32Z,0,0,1UufaK3pQMg,AI2027: Is this how AI might destroy humanity? - BBC World Service,BBC World Service,18,https://www.youtube.com/watch?v=1UufaK3pQMg&lc=Ugyy5YfWp72NRzIZ9EB4AaABAg,2026-08-05T20:00:48.700865+00:00
Ugyr3ZB8d7UAjqcva414AaABAg,@mauriciomalpica8757,UCSglpxPzO2nF9n4co29sy-g,Artificial Intelligence,artificial intelligence,I hate these guy’s worldview so much. They can’t see consequences beyond their bubble,2026-08-05T04:49:29Z,2026-08-05T04:49:29Z,0,0,Cn8HBj8QAbk,"AI Whistleblower: We Are Being Gaslit By AI Companies, They’re Hiding The Truth! - Karen Hao",The Diary Of A CEO,19,https://www.youtube.com/watch?v=Cn8HBj8QAbk&lc=Ugyr3ZB8d7UAjqcva414AaABAg,2026-08-05T20:00:48.942895+00:00
UgyYsz5GIOr9YZzqpKp4AaABAg,@WanofiHayleysus,UCFcdqk66Ewhh9HI_Y82NGSQ,Artificial Intelligence,artificial intelligence,D,2026-06-30T07:20:38Z,2026-06-30T07:20:38Z,0,1,ad79nYk2keg,What Is AI? | Artificial Intelligence | What is Artificial Intelligence? | AI In 5 Mins |Simplilearn,Simplilearn,20,https://www.youtube.com/watch?v=ad79nYk2keg&lc=UgyYsz5GIOr9YZzqpKp4AaABAg,2026-08-05T20:00:49.257447+00:00
Ugz-vnFfFffrzaLPBNV4AaABAg,@Bbbboy-vx1mq,UCyaZ7DWzGvQZZdPDQxh2fXQ,Artificial Intelligence,artificial intelligence,What is he on??? Back propagation is not gradient descent,2026-08-05T03:04:27Z,2026-08-05T03:04:27Z,0,0,rf2KFVcKQdQ,AI is MUTATING: And We Don't Know What It is Doing | Connor Leahy,The Peter McCormack Show,21,https://www.youtube.com/watch?v=rf2KFVcKQdQ&lc=Ugz-vnFfFffrzaLPBNV4AaABAg,2026-08-05T20:00:49.502285+00:00
UgzEQyOkjft8eqw4XB54AaABAg,@bloviatormaximus1766,UCz8sbHce9TPYh_fWsND6b3A,Artificial Intelligence,artificial intelligence,all them cashed out like early players in Ponzi schemes and none of them are giving a cent back,2026-08-03T20:52:08Z,2026-08-03T20:52:08Z,0,0,rtT87iAm_SM,Why AI Researchers Are Quitting and Panicking on the Way Out,The Infographics Show,22,https://www.youtube.com/watch?v=rtT87iAm_SM&lc=UgzEQyOkjft8eqw4XB54AaABAg,2026-08-05T20:00:49.790188+00:00
Ugw2cexStRMV2U6Ky4p4AaABAg,@soniadetert1733,UCULHC2kyp2MOzP1zt58DY5A,Artificial Intelligence,artificial intelligence,"Please remove that horrible sound in the background! You don’t need to scare us with that awful music—the whole thing is already scary enough, believe me. It just makes it difficult to concentrate.",2026-08-04T07:52:08Z,2026-08-04T07:52:08Z,0,0,Yw0B3Gf2VP0,Godfather Of AI: We're Not Prepared For The Superintelligence That Is Coming - Geoffrey Hinton,Neural Nutshell,23,https://www.youtube.com/watch?v=Yw0B3Gf2VP0&lc=Ugw2cexStRMV2U6Ky4p4AaABAg,2026-08-05T20:00:50.068335+00:00
